user,item,label
442,957,0
459,1040,0
281,1475,0
302,905,0
348,510,0
78,770,0
70,941,0
482,845,0
468,555,0
232,1369,0
472,869,0
17,826,0
81,1459,0
186,774,0
305,1233,0
158,1037,0
460,1234,0
284,1085,0
290,810,0
377,601,0
366,1338,0
388,1025,0
63,821,0
141,763,0
20,904,0
326,512,0
438,1199,0
55,1373,0
213,888,1
269,1061,0
492,706,0
433,631,0
302,842,0
135,1079,0
125,1173,0
31,1475,0
64,1383,0
289,1398,0
116,640,0
338,924,0
488,1161,0
395,1180,0
149,1413,0
216,1015,0
40,1295,0
5,1445,0
461,873,0
115,778,0
236,993,0
184,697,0
13,674,0
439,1200,0
174,997,0
262,871,0
266,828,0
169,915,0
255,1206,0
38,1216,0
48,1155,0
218,535,0
115,849,0
162,1224,0
281,1053,0
478,1200,0
34,991,0
93,1285,0
211,1473,0
3,1396,0
223,900,0
484,994,0
382,856,0
233,1346,0
52,644,0
21,883,0
94,1441,0
248,1461,0
232,526,0
116,510,0
161,1191,0
427,594,0
30,1487,0
487,1406,0
379,585,0
199,1330,0
377,547,0
285,1385,0
63,1409,0
361,908,0
16,538,0
65,1132,0
91,1448,0
332,889,0
91,670,0
108,710,0
338,1166,0
408,1012,0
324,643,0
404,1221,0
174,1265,0
234,1114,0
9,1483,0
38,687,0
276,554,1
435,1226,0
445,1244,0
392,1467,0
243,1084,0
126,651,0
299,1166,0
27,720,0
369,1270,0
80,1463,0
381,792,0
169,1306,0
291,1328,0
31,814,0
199,1217,0
0,926,0
99,813,0
79,1015,1
499,758,1
115,1232,1
195,1213,0
92,838,0
243,833,0
29,1075,1
24,1041,0
155,823,0
350,657,0
439,1439,0
158,1471,0
391,528,0
114,816,0
245,1231,0
54,1241,0
122,1281,0
43,1285,0
112,1007,0
393,926,0
316,1219,0
141,1421,1
68,1104,0
1,1173,0
311,559,0
242,1449,0
250,674,0
451,1295,0
253,886,0
61,1408,0
266,1441,0
300,1158,0
57,777,0
185,1241,1
306,630,0
353,1416,0
277,635,0
40,729,0
20,1382,0
276,1240,0
255,1201,0
122,941,0
457,987,0
405,1070,0
215,1080,0
137,990,0
384,979,0
220,610,0
15,536,0
135,908,0
128,1080,1
256,1218,0
432,897,0
165,1367,0
23,568,0
87,749,0
179,1211,0
172,661,0
40,629,0
218,1233,1
275,909,0
131,1150,0
166,1379,0
299,785,0
378,887,1
336,1314,0
491,881,0
395,974,0
414,826,0
266,1234,0
9,1024,0
353,969,0
290,1042,0
235,1399,0
139,640,0
185,787,0
55,823,0
476,1074,0
360,1451,0
18,901,0
253,608,0
311,562,1
494,882,0
491,1268,0
54,1003,0
86,966,0
70,919,0
350,669,0
13,846,0
173,1147,0
72,895,0
164,860,0
477,1415,1
284,1474,0
147,732,0
121,1108,0
168,928,0
262,1483,0
222,966,0
264,1054,0
361,1300,0
236,793,0
360,1386,1
75,889,0
270,1391,0
33,1205,0
108,700,0
288,1064,0
330,1214,0
181,989,0
101,1478,0
497,875,0
221,1393,0
343,737,0
420,617,0
64,1025,0
405,1352,0
191,978,0
418,1276,0
196,904,0
453,1168,0
211,912,0
377,822,0
404,575,0
83,1050,0
301,680,0
177,1377,0
124,1392,0
260,1403,0
404,601,0
467,1389,0
473,1065,0
495,754,0
470,1465,0
135,1090,0
425,810,0
382,1008,0
73,1128,0
59,1402,0
1,641,0
412,556,0
455,1372,0
24,1090,0
486,812,1
237,1194,0
477,1112,0
455,647,0
32,981,0
492,1246,0
498,623,0
356,707,0
302,1347,0
58,1093,0
75,1259,0
206,1075,0
254,1437,0
85,802,0
366,576,0
257,1261,0
48,622,1
196,562,0
28,1091,0
312,1367,0
188,1175,1
383,1314,0
57,1346,0
248,1243,0
374,1166,0
471,1463,0
23,1429,0
421,655,0
264,1223,0
295,1216,0
170,1125,0
337,726,0
428,1472,0
76,1365,0
463,732,0
298,1147,0
321,948,0
433,1083,0
177,1195,0
480,1233,0
376,1024,0
158,950,0
205,1238,0
51,1343,0
464,796,0
160,1268,1
148,768,0
430,875,0
463,1147,0
122,716,0
82,1055,0
295,1401,0
296,1336,0
157,902,0
297,1448,0
364,753,0
479,1073,0
120,1140,0
402,702,0
296,606,0
291,1185,0
438,1051,0
417,1204,0
120,1134,0
6,1455,0
489,577,0
83,1388,0
484,753,1
179,702,0
431,542,0
213,1215,0
446,1446,0
339,615,0
332,1183,0
90,532,0
106,615,0
328,947,0
464,1104,0
107,506,0
312,1190,0
206,1298,0
215,934,0
319,1295,0
100,1196,0
132,1034,0
431,1195,0
437,1167,0
192,1458,0
81,1168,0
175,968,0
43,1062,0
15,1055,0
231,571,0
442,978,0
381,1128,0
65,871,0
111,1279,0
337,1362,0
251,877,0
147,667,0
474,1156,0
415,577,0
45,589,0
470,1461,0
13,568,0
223,1267,0
455,764,0
476,1304,0
182,597,0
372,891,0
330,940,0
416,1410,1
404,1394,0
409,1454,0
422,509,1
239,898,0
44,1452,0
97,533,0
493,525,0
13,1076,0
274,763,0
7,906,0
73,1438,0
489,902,0
68,1321,0
307,816,0
468,1261,0
345,751,0
62,651,0
135,1135,0
282,1212,0
146,585,0
207,504,0
208,758,0
397,1316,0
367,841,0
172,501,0
11,1229,0
261,1033,0
333,939,0
264,830,0
27,1051,0
404,1280,0
194,1194,0
103,693,0
206,870,1
127,642,0
297,506,0
261,960,1
178,1174,0
439,557,0
100,739,0
59,1163,0
346,795,0
436,851,0
438,540,0
274,909,0
460,1343,0
227,1251,0
284,820,0
459,1343,0
250,1027,0
139,1142,1
175,1460,0
343,649,0
327,662,0
164,1071,0
79,1263,0
336,744,0
221,645,0
71,567,0
226,971,0
456,1074,0
469,1314,1
449,1431,0
385,1357,1
463,613,0
424,1292,1
33,1146,0
91,896,0
228,514,0
76,1424,0
246,1074,0
391,1411,0
78,961,0
250,1209,0
381,1145,0
64,621,0
263,808,0
481,827,0
33,1361,0
216,932,0
327,664,0
235,599,0
330,1209,0
75,1079,0
309,1305,0
393,805,0
350,968,0
16,1112,0
480,1346,0
196,1267,0
95,1233,0
233,969,0
9,635,0
488,1172,0
420,834,0
323,1351,0
409,503,0
234,700,0
250,767,0
372,604,1
205,884,0
217,1138,0
493,631,0
245,1286,1
496,871,0
203,1165,0
201,1154,0
218,1377,0
231,854,0
282,735,0
209,1251,0
408,1013,0
46,1193,0
411,1227,0
407,909,0
230,1282,0
396,1390,0
357,1075,0
279,1245,1
170,1289,0
168,653,0
371,1360,0
105,1101,0
140,819,0
488,1447,0
256,880,0
444,859,0
189,1432,0
457,1426,0
146,1264,0
10,1336,0
497,1445,0
383,1188,0
414,788,0
69,784,0
23,1063,0
234,1181,0
28,620,0
301,543,0
124,695,0
114,1091,0
442,1467,0
276,549,0
251,1146,0
219,990,0
109,1179,0
145,855,0
432,648,0
344,1251,0
366,904,0
281,752,0
262,647,0
21,1483,0
200,959,0
247,748,0
452,1121,0
486,1155,0
312,1478,0
267,784,0
34,685,0
215,549,0
460,1031,0
293,790,0
289,686,0
454,1128,0
128,1355,0
242,1311,0
479,1111,0
179,1013,0
181,1425,0
350,1301,0
51,538,0
306,1256,0
287,725,0
28,685,1
279,562,0
200,1436,0
114,830,1
352,914,0
1,507,0
480,1452,0
426,597,0
456,1264,0
318,538,0
457,972,0
403,1319,1
273,1468,0
316,987,0
330,569,0
56,1238,0
430,1477,0
362,1255,0
152,837,0
348,1417,0
263,896,0
99,1481,0
439,583,0
444,963,0
237,1108,0
104,956,1
320,602,0
186,902,0
205,1378,0
66,1249,0
37,851,0
77,1017,0
327,1159,0
283,604,0
403,688,0
4,845,0
431,733,0
314,1026,0
228,1427,0
191,892,0
378,1467,0
262,1120,0
496,794,0
362,1191,0
459,603,0
280,795,0
387,728,0
331,642,0
321,1060,0
144,721,0
429,1160,0
352,1398,0
493,851,1
360,614,0
488,1002,1
183,837,0
232,1251,0
173,866,0
218,708,0
499,807,0
186,1231,0
92,1073,0
319,1446,0
410,938,0
48,511,0
274,869,0
464,957,0
172,904,0
429,634,0
44,810,0
70,822,0
476,897,0
132,858,0
202,1087,0
482,710,0
450,1439,0
316,720,0
44,1421,0
363,695,0
261,1155,0
63,1193,0
354,812,0
357,1128,0
39,1244,0
173,592,0
0,1131,0
121,1458,0
174,792,0
312,905,0
385,1400,0
5,1282,0
423,830,0
162,1409,0
38,1186,0
457,1008,0
88,833,0
342,1439,0
365,1054,0
104,1406,0
209,572,0
283,1076,1
206,532,0
275,1336,0
345,774,0
252,840,0
174,509,0
417,825,0
386,1085,0
248,1476,0
169,1188,0
475,1138,0
55,913,0
370,904,0
42,544,0
173,523,0
57,662,0
184,1113,1
472,1420,0
94,732,0
331,592,0
314,1118,1
107,1468,0
10,631,0
268,1093,1
189,1409,1
437,1006,0
202,659,0
59,1467,0
57,1227,0
328,829,0
395,732,0
213,870,0
337,1445,0
65,1118,0
64,634,0
24,911,0
337,834,0
437,1024,0
113,965,0
107,1156,0
91,1319,0
190,1369,1
78,614,0
107,1250,0
63,1169,0
480,703,0
314,1049,0
179,661,0
143,977,0
187,680,0
132,910,1
9,1179,0
132,1213,0
360,858,0
453,710,0
2,944,1
421,590,0
223,561,0
312,769,0
212,962,0
55,1040,0
148,1052,0
306,1438,0
327,1256,0
226,1154,0
449,1016,0
337,916,0
407,993,0
156,955,0
148,1145,0
368,1308,0
333,1019,0
182,766,0
332,994,0
412,755,0
408,1139,0
387,829,0
422,870,0
371,1184,0
3,786,0
236,538,0
406,1067,0
140,767,0
450,1270,0
85,1193,0
403,1009,0
34,1358,0
376,1184,0
181,1064,0
441,1383,0
219,1311,0
171,531,0
102,687,0
282,1356,0
470,1167,0
326,891,0
499,943,0
50,907,0
114,1219,0
496,1037,0
73,997,0
269,861,0
173,574,0
171,587,1
427,1202,0
229,1393,0
407,767,0
412,1086,0
372,591,0
426,1009,0
456,1166,0
106,1274,1
242,979,0
77,917,0
257,1008,0
220,790,0
15,574,0
393,574,0
87,715,0
213,1410,0
205,1277,0
130,1296,0
50,697,0
211,834,1
125,641,0
34,1394,0
390,1127,0
405,1230,1
258,1404,0
310,1052,0
194,1300,0
108,1158,0
323,1214,0
309,594,0
86,705,0
394,907,0
449,1291,0
293,920,0
5,1026,0
182,1099,0
286,814,0
99,855,0
247,1113,0
55,1458,0
268,1111,0
480,576,0
111,591,0
310,501,0
380,1262,0
404,1347,0
298,1129,0
52,1208,0
259,939,0
95,962,0
216,734,0
127,1361,0
424,761,0
369,668,0
2,1176,0
370,1099,0
278,1096,0
10,961,0
55,709,0
421,1435,0
241,1219,0
484,738,0
465,998,0
190,965,0
444,1258,0
227,1379,0
144,612,0
398,1028,0
436,973,0
455,913,0
481,893,0
64,542,0
474,1065,0
426,575,0
376,1027,0
215,1164,0
9,1313,0
346,1275,0
451,1187,0
354,897,1
234,818,0
253,1298,0
120,1277,0
220,1074,0
165,704,0
414,587,0
125,738,0
351,887,0
392,932,0
36,1206,0
317,576,1
271,1247,0
414,502,0
69,1255,0
180,1275,0
353,785,0
463,1132,0
95,1189,0
426,736,0
485,1416,1
453,749,0
152,897,0
331,1325,0
72,1294,0
311,831,0
164,1315,0
377,651,0
71,1389,0
60,860,0
435,1036,0
368,718,0
356,827,0
121,773,0
26,1458,0
287,1315,0
82,578,0
207,1272,0
359,1037,0
341,532,0
257,986,0
348,698,0
375,747,0
364,1233,0
71,1203,0
252,940,0
43,1380,1
112,1024,0
280,982,0
364,1286,0
136,1022,0
162,759,0
46,732,0
460,1136,0
85,776,0
488,680,0
281,593,0
58,1177,0
141,873,0
471,1152,0
270,983,0
264,1021,0
275,737,0
191,557,0
90,829,0
225,1266,0
23,806,0
133,971,0
8,1014,0
417,1390,0
279,1146,0
399,1178,0
423,808,0
413,1032,0
271,551,0
339,1126,0
11,1026,0
316,946,0
236,1118,1
381,1408,0
52,658,0
402,1218,0
109,1133,0
354,1143,0
9,704,0
361,990,0
193,1479,0
471,1078,0
174,807,0
41,787,0
201,542,0
299,773,0
285,1022,0
375,1056,0
471,609,0
114,1302,0
201,940,0
282,1058,0
312,1217,0
462,755,0
23,805,0
248,846,0
137,926,0
319,1462,1
248,976,0
460,690,0
249,1260,0
314,1108,0
283,619,0
281,1120,0
488,1316,0
236,1132,0
249,779,0
320,529,0
366,1450,0
288,1191,0
317,616,0
119,1070,0
46,793,0
68,655,0
262,502,0
342,1401,0
183,1331,0
376,834,0
403,1141,0
47,1195,0
324,1040,0
334,1224,0
341,887,0
245,636,1
296,1216,0
95,1450,0
182,1052,0
244,1339,0
189,1133,0
216,1197,0
27,1384,0
495,1274,0
5,711,0
288,1147,0
327,719,0
88,509,0
265,1196,0
367,1190,0
326,1139,0
308,550,0
76,529,0
291,951,0
9,1135,0
216,1078,0
305,810,0
404,561,0
209,893,0
275,633,1
112,1013,1
439,576,0
138,1131,0
216,593,0
328,1448,0
317,941,0
371,1321,0
12,512,0
123,1401,0
437,1315,0
33,1103,0
491,1350,0
413,575,0
493,1214,0
357,735,0
65,1342,0
351,506,0
18,1430,0
42,1363,0
212,760,0
165,801,0
398,1085,0
197,722,0
78,1476,0
322,1027,0
199,872,0
164,1357,0
487,979,0
66,951,0
428,880,0
377,740,0
219,940,0
441,634,0
413,652,0
38,1481,1
491,1347,0
275,554,0
152,1105,0
364,829,0
114,1074,0
170,1162,0
419,1241,0
250,535,0
131,722,0
88,866,0
149,957,0
347,870,0
498,1064,0
121,639,1
475,1323,0
25,1072,1
20,1153,0
409,716,0
219,957,0
159,504,0
64,1450,0
418,854,0
127,533,0
62,1083,0
397,1329,0
323,923,0
46,868,0
142,764,0
115,514,1
468,693,0
348,1487,0
244,585,0
28,1336,0
233,1192,0
111,1273,0
106,1087,0
190,842,0
389,885,0
342,983,0
171,1359,0
261,590,0
44,839,0
39,541,0
410,662,0
122,1022,0
345,999,0
122,606,0
263,669,0
334,1139,0
156,644,0
276,657,0
499,598,0
369,573,0
86,1261,0
143,1306,0
426,710,0
47,1129,0
461,1287,0
47,927,0
272,1324,0
469,953,0
55,1087,0
378,929,0
333,1269,1
33,765,0
198,1161,0
410,1118,1
23,1308,0
452,1469,0
380,618,0
347,1172,0
205,583,0
159,952,0
414,1048,0
368,837,0
193,568,0
277,1423,0
317,883,0
440,789,0
429,998,0
451,538,0
320,1278,0
480,1149,0
199,1189,0
209,627,0
137,720,0
385,1031,1
48,1123,0
50,658,0
15,1094,0
245,997,0
260,736,0
145,1158,0
281,1328,0
424,1150,0
75,689,0
41,1257,0
5,1212,0
393,718,0
443,1147,0
233,1013,0
96,968,0
196,1424,0
463,1358,0
18,766,0
379,576,0
87,526,0
21,1468,0
253,960,0
14,771,0
93,929,0
11,751,0
462,1090,0
341,985,0
489,692,0
454,1114,0
358,833,0
51,1319,0
345,1040,0
241,1269,0
309,953,0
157,688,0
471,831,1
133,936,0
310,1165,0
195,700,0
425,702,0
86,617,1
201,1114,0
344,590,0
77,1272,0
145,735,0
163,1106,0
43,740,0
334,919,1
230,1021,0
62,567,0
349,866,0
219,970,0
302,1401,0
331,732,0
426,1262,0
40,554,0
136,1014,0
447,997,0
391,961,0
307,1156,0
323,1033,0
37,1349,0
204,708,0
406,939,0
479,1050,0
50,839,0
241,1450,0
361,1278,0
170,1481,0
246,550,0
318,1187,0
255,1051,0
62,1448,0
301,1194,0
466,1053,0
199,897,0
314,1291,0
426,523,0
10,1290,0
394,687,0
85,584,0
243,1204,0
353,1192,0
478,631,1
9,1202,0
257,547,0
112,1086,0
188,558,0
184,1047,0
8,507,0
173,727,0
466,875,0
187,730,0
212,752,0
126,1327,0
439,814,0
349,1298,0
22,1352,0
214,1209,0
80,1372,0
340,765,0
167,1214,0
239,811,0
87,1081,1
441,1301,0
246,933,0
160,1102,0
361,572,0
269,1023,0
377,1068,0
278,1282,0
472,984,0
41,1339,0
383,1383,0
379,825,0
5,1357,0
131,745,0
178,720,0
308,619,0
171,738,1
218,1201,0
409,1215,0
119,1059,0
326,1486,0
220,1206,0
264,1152,0
54,1435,0
324,969,0
497,1072,0
159,567,0
202,1260,0
392,998,0
449,618,0
253,1097,0
297,736,0
238,1300,0
261,1244,0
228,1227,1
493,1029,0
221,1405,0
416,1474,1
228,525,0
468,1049,0
466,988,1
118,1123,0
210,645,0
33,947,0
58,779,0
9,583,0
135,1333,0
99,807,0
115,1123,0
38,536,0
268,502,0
477,618,0
149,762,0
255,523,0
259,1130,0
441,755,1
178,1363,0
157,984,0
378,1414,0
108,1349,0
330,791,0
210,605,0
243,846,0
387,794,0
419,1198,0
28,1475,0
197,1222,0
33,1471,0
406,1254,0
141,748,0
130,1383,0
243,934,0
276,1198,0
223,1390,0
347,1011,0
376,976,0
146,510,0
78,1110,0
490,1404,0
265,1213,0
476,1277,0
186,1322,0
437,1041,0
488,1189,0
179,590,0
336,1160,0
219,628,0
451,900,0
271,1405,0
111,1193,0
26,1011,0
410,893,0
45,1452,0
132,1452,0
396,813,0
191,741,0
144,912,0
357,1043,0
29,1162,0
298,884,1
32,540,0
252,1157,0
198,759,0
294,641,0
34,559,0
206,1350,0
122,964,0
181,1241,0
341,1207,0
417,776,0
78,1037,0
402,935,0
497,611,0
190,1065,0
458,530,0
192,1306,0
82,1279,0
290,602,0
352,1378,0
398,1092,0
360,1125,0
69,742,0
299,1086,0
41,1270,0
337,1306,0
139,1439,0
127,699,0
256,1312,0
281,1471,0
428,904,0
282,657,0
314,762,0
91,1389,0
4,832,0
189,525,0
227,1394,0
7,684,0
324,1048,0
285,992,0
47,870,0
387,906,0
468,1405,0
81,1251,0
422,1426,0
402,627,0
73,508,0
363,614,0
222,919,0
476,633,0
343,947,0
395,517,0
36,1314,0
82,631,0
278,837,0
177,1410,0
420,1154,0
397,1168,0
97,910,0
333,1217,0
483,957,0
134,1413,0
450,625,0
148,606,0
175,958,0
98,1259,0
195,1319,0
334,763,0
112,512,0
200,719,0
321,885,0
317,1408,0
191,1107,0
393,808,0
24,871,0
169,1394,0
107,1466,0
23,1441,0
106,1128,0
340,1337,0
180,839,0
24,687,0
249,828,0
386,1041,1
54,693,0
222,666,0
462,719,0
420,1188,0
21,1339,0
477,1044,0
32,527,0
407,1225,0
3,1256,0
318,869,0
318,563,0
78,507,1
388,1181,0
265,615,0
35,1080,0
477,1029,0
493,1045,0
216,514,0
356,565,0
109,1394,0
124,649,0
304,1477,0
303,1423,0
423,727,0
137,752,0
324,1231,0
76,1119,0
165,766,0
58,856,0
207,968,0
273,1199,0
37,635,0
116,1320,0
394,648,0
67,1352,0
250,1228,0
365,582,0
487,1225,0
58,1123,0
377,1462,0
128,1105,0
463,737,0
497,870,0
256,893,0
168,779,0
444,968,0
129,597,0
443,1101,0
130,769,0
424,564,0
69,1448,0
122,816,0
132,634,0
465,1468,0
57,1100,0
71,1345,0
371,506,0
116,928,0
370,553,0
400,602,0
124,1203,0
115,552,0
439,1084,0
67,1274,0
196,962,1
307,1469,0
455,1079,0
358,1101,1
392,1228,0
278,861,0
361,1175,0
276,1469,0
162,965,0
245,601,0
220,514,0
223,520,0
425,1391,1
79,1380,0
77,601,0
489,1233,0
89,550,0
464,1297,0
72,823,0
328,1137,0
91,891,0
417,774,0
322,832,0
256,1067,0
65,648,0
291,1004,0
60,695,0
482,995,1
53,751,0
174,1440,0
342,1292,0
332,866,0
160,640,0
353,1237,0
286,824,1
60,1377,0
197,1454,0
148,1152,0
418,1475,0
482,944,0
248,655,0
385,585,0
359,1221,0
463,839,0
464,1046,0
123,1072,0
417,816,1
473,1242,0
218,1436,0
311,523,0
26,725,0
217,1418,0
87,604,0
448,557,0
212,1130,0
468,998,0
106,675,0
109,1339,0
39,656,0
142,1484,0
424,1065,0
229,1418,0
86,650,0
63,547,0
272,644,0
460,840,0
114,690,0
160,1024,0
486,1219,0
111,602,0
159,1334,0
487,1431,0
485,829,0
222,1117,0
419,1330,0
32,979,0
211,1242,0
313,1185,0
209,1200,0
354,569,0
426,604,0
498,1425,0
327,978,0
162,689,0
420,1333,0
213,1041,0
337,867,0
350,888,0
109,594,0
198,1411,0
311,1023,0
144,780,0
367,1424,0
350,1166,0
65,1092,0
345,733,1
312,1376,0
246,999,0
289,1425,0
161,1290,0
166,1457,0
263,818,0
271,980,0
459,1434,0
77,1166,0
249,614,0
319,1259,0
238,1089,0
145,712,0
293,977,0
432,629,0
451,635,0
3,553,0
353,973,0
62,1081,0
286,1086,0
470,1024,0
68,630,0
387,1063,0
111,1314,0
152,1312,0
167,1158,0
316,565,0
116,1237,0
203,1437,0
446,760,0
356,1487,1
153,1302,0
242,1117,1
119,1163,0
284,726,0
458,1360,0
395,1139,0
127,1332,1
450,1301,1
56,1038,0
411,875,0
24,1207,0
372,1294,0
434,1241,0
48,521,0
81,596,0
302,748,0
209,675,1
81,1155,0
82,641,0
489,804,0
363,654,0
226,856,0
104,1040,0
142,587,0
308,992,0
175,552,0
239,1485,0
230,986,0
314,1219,0
56,1098,0
378,896,0
361,867,1
160,768,0
258,1029,0
98,1390,0
132,882,0
375,552,0
415,553,0
180,866,0
372,867,0
360,535,0
213,1203,0
353,860,0
217,637,0
22,1482,0
219,921,0
266,515,0
355,1075,0
449,698,0
219,918,0
400,725,0
332,1130,1
272,1075,0
255,756,0
427,677,0
307,904,0
471,1139,0
369,1267,0
96,828,0
181,829,0
32,967,1
69,1230,0
196,718,0
37,1489,0
430,846,0
19,909,0
473,1248,0
33,1478,0
428,589,0
69,501,0
204,526,0
318,712,0
105,1411,0
10,515,0
12,1431,0
6,531,0
411,1019,0
486,1253,0
127,980,0
17,1120,0
134,1054,0
100,1374,1
442,1323,0
161,1348,0
367,650,0
36,1355,0
317,620,0
201,656,0
11,823,0
460,810,0
174,528,0
373,1049,0
255,1233,0
242,1238,0
222,712,0
113,1475,0
195,950,0
31,1364,0
395,547,0
363,597,0
396,1182,0
12,1055,0
176,872,0
26,1218,0
464,1164,0
8,1415,0
33,1111,0
455,1226,0
271,1174,0
76,849,0
435,703,0
207,1121,0
324,1140,0
106,1264,0
356,1017,0
80,723,0
230,1298,0
127,1267,0
433,978,0
437,1454,0
378,1177,0
260,1360,0
71,1356,0
228,1306,0
192,1031,0
108,1342,0
204,1298,0
14,527,0
51,1268,0
306,908,0
89,1098,0
366,673,0
444,816,0
425,941,0
429,1418,0
472,1393,0
97,851,0
87,1213,0
316,534,0
13,1348,0
40,1283,0
94,1014,0
71,1179,0
442,1212,0
118,820,0
178,1382,0
330,1106,0
229,1097,0
231,883,0
15,1391,0
234,689,0
413,1178,0
443,1149,0
253,832,0
461,1155,0
352,1407,0
104,1002,1
207,1246,0
285,970,0
475,873,0
305,898,0
280,922,0
101,670,0
28,1363,0
319,970,0
72,882,0
264,1024,0
331,968,1
402,1325,0
82,1128,1
301,1214,0
372,1020,0
465,607,0
204,901,0
60,1432,0
496,1278,0
424,1310,0
435,1252,0
145,764,0
317,848,0
207,559,0
109,889,0
334,1152,0
103,511,0
180,800,0
180,1399,0
354,1134,0
303,596,0
299,709,0
86,1056,0
351,904,0
187,1065,0
252,794,1
101,1268,0
338,964,0
328,1321,0
325,1250,0
194,745,0
284,1423,0
180,503,1
403,817,0
379,1015,0
164,1094,0
210,644,0
29,1448,0
45,911,0
340,1461,0
446,1125,0
244,1086,0
137,1115,0
250,534,0
351,1293,0
442,1233,0
134,558,0
405,611,0
137,638,0
336,1241,0
356,694,0
283,884,0
416,537,0
119,1483,0
203,984,0
446,935,0
197,963,0
342,1111,0
241,930,0
399,914,0
338,1225,0
446,1150,0
167,933,0
119,927,0
382,685,0
210,648,0
358,589,0
466,1302,0
42,1115,0
463,576,0
478,871,0
320,866,0
242,759,0
418,1181,0
135,612,1
24,929,0
99,543,0
194,920,0
316,577,0
91,1005,0
167,943,0
495,708,0
26,985,0
107,541,0
44,1339,0
310,880,0
214,794,0
86,706,0
325,930,0
403,908,0
128,1286,0
181,1404,0
183,633,0
103,665,0
480,821,0
389,738,0
257,757,0
453,784,0
244,1286,0
340,722,0
229,1068,0
282,1008,0
227,1026,1
135,922,0
427,1059,0
302,830,0
169,1356,0
197,1449,0
112,508,0
1,1435,0
247,518,0
225,1238,0
184,1446,0
490,1015,0
250,517,0
470,569,0
97,1248,0
413,620,0
201,1188,0
181,1348,0
424,1320,0
202,690,0
154,546,0
43,1217,0
162,1009,1
490,859,0
356,915,0
227,1179,0
280,885,0
453,917,0
406,596,0
448,694,0
254,992,0
11,553,0
206,1340,1
198,1355,0
208,1486,0
89,774,0
118,1189,0
350,1424,0
319,1318,0
461,910,0
442,1182,0
142,1346,0
86,798,0
417,1142,0
474,944,0
450,998,0
274,1083,0
171,1013,0
23,1153,0
22,621,0
392,666,0
179,1074,0
224,1112,0
387,547,0
306,1269,0
165,1016,0
141,1379,0
95,1336,0
441,1315,0
175,1373,0
238,1223,0
282,916,0
493,1403,0
152,1210,0
356,618,0
162,1401,0
139,752,0
209,1198,0
255,820,0
264,1082,0
168,1473,0
490,917,0
338,808,0
451,1447,0
174,1008,0
442,653,0
376,1029,0
229,1364,0
367,1473,0
315,1443,0
17,1002,0
109,598,0
421,1409,0
483,604,0
444,1107,0
391,1005,0
401,1041,0
467,1451,0
253,940,0
461,744,0
363,1246,0
161,1478,0
25,942,0
92,1270,0
34,1154,0
248,575,0
363,1161,0
432,574,0
487,893,0
441,596,0
112,1328,0
362,643,0
150,610,0
460,1228,0
110,1254,0
129,633,0
387,625,0
145,1344,1
288,613,0
339,522,0
353,509,0
465,682,0
37,928,0
37,817,0
467,878,0
354,797,0
22,1366,0
383,963,0
175,1400,0
266,1186,0
46,1478,0
86,1102,0
334,1130,0
375,1406,0
168,718,0
18,1007,0
206,724,0
159,789,0
491,697,0
51,758,0
69,861,0
184,1350,0
447,1029,0
247,591,0
238,674,1
213,1469,0
391,882,0
182,942,1
422,675,0
156,1258,0
384,819,0
240,864,0
207,528,0
158,816,0
292,699,0
365,787,0
452,1260,0
318,683,0
410,692,0
266,1460,0
333,786,0
109,951,0
386,1450,0
326,695,0
497,1085,0
432,1416,0
274,870,0
306,958,0
204,853,0
264,748,0
486,1029,0
194,570,0
143,582,0
66,712,0
319,582,0
247,504,0
249,1271,0
394,1021,0
161,606,0
444,922,0
228,1162,0
243,998,0
161,1154,0
336,1428,0
318,521,0
72,860,0
52,937,0
323,1280,0
94,1373,0
152,1261,0
198,763,0
147,979,0
23,793,0
246,658,0
461,1464,0
39,1065,0
114,825,0
71,1162,1
350,1133,0
289,1387,0
296,835,0
114,1371,0
44,585,0
487,1243,0
356,1345,0
49,1206,0
453,792,0
497,1468,0
453,1240,0
103,773,0
312,726,0
83,774,0
242,672,0
153,700,0
65,1319,0
159,1115,0
76,1282,0
57,1255,0
185,1401,0
221,775,0
68,983,0
486,828,0
268,937,0
249,1313,0
116,522,0
165,1110,0
39,1187,0
219,890,0
278,1380,0
444,1330,0
101,806,0
247,539,0
25,1164,0
281,563,0
84,999,0
25,994,0
426,624,0
277,1018,0
467,688,0
3,1194,0
88,947,0
190,1179,0
115,1247,0
14,1002,0
356,672,0
396,868,0
8,1408,0
374,1476,1
117,944,1
295,1180,0
375,623,0
281,1437,0
455,906,0
256,1165,0
375,1077,0
395,682,0
149,998,0
205,1451,0
487,558,1
343,559,0
280,671,0
280,887,0
479,1040,0
269,1143,0
65,952,0
419,1213,0
159,959,0
354,821,0
272,607,0
477,1236,0
416,1224,0
61,1281,0
301,1302,0
315,1132,0
469,685,0
202,1217,0
8,1070,0
422,1094,0
328,991,0
406,1277,0
328,1187,0
217,1100,0
462,1485,0
211,1062,0
286,1431,0
125,1204,0
176,1408,0
186,1414,1
87,1087,0
247,1364,0
466,990,0
200,556,1
114,552,0
35,1442,0
248,1295,0
98,1275,0
498,794,0
416,1044,0
309,1279,0
306,1222,0
144,701,0
331,840,0
15,1248,0
69,584,0
284,1350,0
450,1162,0
176,610,0
316,1280,0
223,689,0
480,793,0
42,907,0
150,1473,0
310,754,0
415,743,0
278,968,0
421,981,0
387,1107,0
397,1311,0
484,1019,0
490,595,0
461,1028,0
268,1076,0
167,1083,0
186,859,0
59,1284,0
96,706,0
493,860,0
139,1474,0
337,1284,0
42,1085,0
393,672,0
354,655,0
78,790,0
315,567,0
275,570,0
98,960,0
197,720,0
385,1058,0
370,1069,0
117,1264,1
117,1445,1
232,1029,0
331,630,0
174,1312,0
116,1002,0
203,1267,0
52,1405,0
399,1130,0
405,553,0
481,989,0
306,1034,0
88,1081,0
187,503,0
222,938,0
107,1043,0
388,706,0
136,1079,0
283,1093,0
257,975,0
302,527,0
455,588,0
99,608,0
376,1355,0
198,1049,0
472,1409,0
397,1047,0
146,1245,0
3,1174,0
328,1163,0
428,586,0
171,1121,0
353,1462,0
390,1389,0
76,594,0
452,514,0
61,1433,0
20,1479,0
24,1171,0
451,965,0
74,790,0
483,936,0
371,992,0
421,1395,0
473,579,0
339,1188,0
99,1352,0
272,1415,0
343,1329,0
76,901,1
243,653,0
170,683,0
376,1349,0
320,1247,0
367,915,0
372,715,0
273,1032,0
62,1105,0
201,712,0
218,1043,0
471,1094,0
233,1332,0
353,1260,0
420,1346,0
85,1044,0
273,1294,0
304,1074,0
76,599,0
9,682,0
83,1337,0
387,1140,0
82,513,0
326,885,0
435,1440,0
265,830,0
492,1318,0
130,1489,0
448,531,1
279,1083,0
347,1400,0
296,1075,0
316,1336,0
121,1057,0
262,1269,0
483,796,0
239,984,1
185,1285,0
28,604,0
69,755,0
15,500,0
146,763,0
238,1075,0
87,892,0
408,839,0
384,1144,0
253,766,0
41,1087,0
95,505,0
379,719,1
416,756,0
132,1242,0
168,1007,0
162,547,1
335,712,1
410,618,0
101,963,0
170,1291,0
397,510,0
391,706,0
319,1418,0
62,772,0
353,1241,0
369,565,0
345,1174,0
6,682,0
364,979,0
17,831,0
314,870,0
47,1228,0
348,1390,0
212,900,0
298,1345,0
126,640,0
252,1287,0
26,805,1
489,1466,0
319,1422,0
18,1288,0
198,713,0
35,1261,0
164,1246,0
128,907,0
290,1143,0
51,577,0
41,1073,0
50,1133,0
307,654,0
276,976,0
373,1237,1
80,1102,0
231,513,0
266,1105,0
228,1390,0
430,852,0
195,1035,0
412,1369,0
101,525,0
213,871,0
480,956,0
44,1474,0
47,1483,0
265,702,0
328,1445,0
142,1354,1
422,1239,0
191,828,0
473,520,0
298,1339,0
374,881,0
445,1091,0
303,948,0
258,1198,0
228,687,0
378,578,0
94,575,0
203,584,0
406,1159,1
399,1043,0
151,1398,0
478,1159,0
389,1349,0
62,709,0
82,1254,1
293,1233,0
309,957,0
344,1318,0
7,886,0
26,1479,0
70,996,0
360,1105,0
134,717,0
136,1096,0
356,1372,0
32,681,0
264,1330,0
267,597,0
201,973,0
231,667,0
488,1174,0
466,1472,0
208,697,0
123,585,0
177,1065,0
135,1223,1
105,934,0
107,1193,0
79,1316,0
303,908,0
442,1134,0
316,1192,0
165,602,0
252,1252,0
466,1288,0
86,531,0
205,1015,1
477,742,0
169,1364,0
261,1175,0
37,823,0
49,1201,0
138,956,0
29,988,0
108,1216,0
260,501,0
66,1438,0
1,645,0
272,944,0
247,1424,0
479,629,0
282,774,0
288,683,0
129,973,0
242,602,0
438,1132,0
475,796,0
91,650,0
445,1142,1
150,645,0
111,1106,0
461,1097,0
230,1292,0
87,971,1
93,969,0
40,1333,1
494,1311,0
437,533,0
487,1165,0
282,1268,0
134,1370,0
431,1483,0
265,628,0
63,577,0
226,776,0
130,1304,0
413,1262,0
328,732,0
485,1398,0
204,1201,0
491,892,0
156,806,0
399,1472,1
195,1267,0
337,1240,0
121,697,0
78,518,0
55,847,0
1,1027,0
135,863,0
326,846,0
173,638,0
187,539,0
452,1131,0
34,1469,0
83,511,0
142,604,0
294,528,0
254,612,0
421,1082,0
18,1352,0
351,1378,0
126,1400,0
187,542,0
202,578,0
122,964,1
444,516,0
198,1442,1
49,1075,0
243,862,0
0,591,0
402,519,0
145,509,0
402,976,0
104,653,0
484,887,0
163,1036,0
238,528,0
489,686,0
222,561,1
498,1310,0
0,789,0
216,673,0
22,875,0
162,874,0
499,1392,0
108,1215,0
322,946,0
460,1109,0
422,638,0
411,614,0
404,639,0
491,1057,0
366,1443,0
478,1356,0
144,581,0
217,1341,0
271,1075,0
222,1420,0
78,524,0
180,1158,0
83,522,0
67,1455,0
195,545,0
389,1217,0
462,819,0
218,734,0
388,1343,0
266,848,0
157,822,0
126,1110,0
261,1002,0
249,1407,0
1,1454,0
51,759,0
276,947,0
435,589,0
162,1469,0
165,1480,0
320,1267,0
194,1039,0
227,701,0
347,1258,0
419,1419,0
4,600,0
242,613,0
334,1470,0
406,1423,0
335,735,0
388,617,0
333,522,0
107,1443,0
243,1079,0
46,1009,0
255,605,0
357,505,1
354,503,1
101,704,0
136,1039,0
70,1152,0
410,847,0
33,1276,0
336,1129,0
333,842,1
19,1217,0
466,1110,0
496,757,0
58,942,0
462,530,0
446,778,1
254,1431,0
261,648,0
143,653,0
9,653,0
385,614,0
65,1002,0
346,1255,0
167,1385,0
169,539,0
235,985,0
65,1079,0
460,1388,0
331,675,0
345,1004,0
204,771,0
192,1394,1
296,818,0
261,657,0
86,1468,0
188,890,0
423,1099,1
153,1249,0
21,588,0
462,1182,0
2,1487,0
471,1014,0
260,1224,0
181,1360,0
160,514,0
343,932,0
192,744,0
179,1204,0
406,579,0
132,1280,0
107,954,0
149,634,1
161,1180,0
268,787,0
323,610,1
303,1143,0
25,1248,0
331,996,0
99,842,0
234,1251,0
202,1220,0
432,766,0
388,1201,0
190,1398,0
379,1224,0
206,871,0
117,713,0
129,1456,0
103,565,0
247,1018,0
426,1359,0
142,875,0
481,1318,0
117,1006,0
486,580,0
264,1431,0
355,964,0
202,825,0
283,1489,0
404,1214,1
417,1200,0
460,917,0
225,1285,0
91,1343,0
245,1329,1
226,1458,0
402,1349,0
26,1325,0
443,560,0
183,1479,0
81,1253,0
421,1419,0
170,820,0
396,1362,0
398,946,0
241,604,0
400,900,0
76,709,0
116,1140,0
486,760,1
298,901,0
87,1057,0
221,1161,0
153,1227,0
338,1403,0
281,1095,0
439,1473,0
146,810,0
63,626,0
19,1137,0
3,1032,0
328,919,0
282,987,1
446,1342,0
476,1175,0
366,719,0
336,1172,0
390,1018,0
154,708,0
213,1023,1
328,1019,0
382,630,0
475,1121,0
115,1229,0
344,927,0
344,1163,0
20,759,0
220,595,0
179,1100,0
179,1197,0
327,903,0
102,1274,0
162,604,0
272,890,0
122,599,0
325,568,0
429,1307,0
425,818,0
423,678,0
365,1138,0
11,1430,0
139,1095,0
95,903,0
166,1278,0
403,1275,0
306,990,0
377,1099,0
355,693,0
312,982,0
407,928,0
191,835,0
348,739,0
203,982,0
80,513,0
144,1167,0
138,550,0
200,856,0
85,514,0
292,1471,0
180,675,0
398,982,0
90,1236,0
157,1075,0
0,1340,0
204,588,0
215,615,0
135,1061,0
263,750,0
118,968,0
415,963,0
91,809,0
210,829,0
311,870,0
148,1487,1
103,859,0
271,1487,0
471,969,0
3,614,0
493,728,0
230,897,0
395,563,0
494,1472,0
304,1168,0
70,1125,0
323,880,0
105,632,1
117,918,0
81,997,0
434,962,0
27,1052,0
16,653,0
492,529,0
487,878,1
296,924,0
9,959,0
172,691,0
188,569,0
396,1435,0
73,1023,0
110,1446,0
219,776,0
455,1401,0
280,1310,0
90,1006,0
374,615,0
271,749,0
370,1072,0
13,611,0
330,931,0
57,649,0
229,1160,0
294,1045,0
86,1390,0
165,1385,0
170,1395,0
76,1036,0
48,553,0
420,1483,0
91,575,0
242,1270,0
496,1439,1
339,672,1
378,1040,0
105,691,0
224,1039,0
215,880,0
10,702,0
192,1415,0
386,717,0
490,1075,0
122,545,0
81,1214,0
365,1177,0
88,545,0
147,553,0
469,1188,0
313,700,0
316,544,0
185,912,0
307,993,0
69,591,0
316,777,1
56,790,0
370,745,1
105,661,0
350,1149,0
411,723,0
406,511,0
154,1366,0
328,799,0
265,1024,0
162,817,0
204,730,0
160,837,0
66,545,0
104,590,0
420,1129,0
294,613,0
61,708,0
350,1056,0
322,1310,0
496,1116,0
210,1076,0
305,1402,0
283,521,0
369,780,0
369,571,0
92,743,0
229,1400,0
200,1185,0
180,803,0
387,727,1
15,799,1
272,616,0
47,1373,0
314,616,0
22,1083,0
382,698,0
87,1220,0
53,1142,0
4,1152,0
162,1384,0
160,807,0
220,756,0
399,1215,0
28,760,0
316,965,0
331,951,0
301,1255,0
304,840,1
251,562,0
113,1181,0
34,1266,0
14,1025,0
80,603,0
467,1138,0
462,697,0
292,650,0
354,1370,0
11,1447,0
152,877,0
429,555,0
296,1029,1
10,917,0
58,1334,0
129,798,0
258,833,1
431,1221,0
492,931,0
114,1328,0
430,623,0
146,632,0
70,790,0
124,687,0
398,977,0
92,1244,0
156,574,0
118,1002,0
302,1318,0
32,1034,1
410,1065,0
186,929,0
45,928,1
408,1043,0
184,646,0
272,634,0
158,752,1
59,1212,0
13,1199,0
331,559,1
141,599,0
49,764,0
58,798,0
431,593,0
134,615,0
275,674,1
302,1363,0
52,1111,0
412,1236,0
299,1461,0
378,1050,0
330,1124,0
160,826,0
488,621,0
122,1181,0
463,581,0
476,1356,0
212,1439,0
302,843,0
290,611,0
255,687,0
315,1402,0
253,1035,0
3,684,0
71,1058,0
479,1216,0
19,1136,0
342,942,1
377,1209,0
472,738,0
365,1119,0
463,885,0
352,1330,0
118,988,0
300,548,0
99,795,0
436,791,0
224,1114,0
51,1224,0
313,625,1
149,784,0
352,1121,0
499,1156,0
359,660,0
138,1383,0
0,619,0
9,629,0
472,1391,0
67,597,0
339,673,0
469,1009,0
371,1460,0
83,585,0
37,518,0
369,1418,0
150,1285,0
380,1466,0
379,696,0
173,753,0
466,1457,0
152,1085,0
319,790,0
39,1263,0
417,893,0
136,937,0
113,1375,0
93,1434,0
239,1170,0
125,890,0
464,866,0
269,862,0
187,1390,0
485,1127,0
171,843,0
283,536,0
486,861,0
42,804,0
145,1021,0
473,1080,0
193,555,0
58,959,0
165,1416,0
188,1284,0
244,641,0
451,632,0
261,1066,0
342,1192,0
246,945,1
351,754,0
40,649,0
166,594,0
452,967,0
228,1261,0
253,1458,0
496,1179,0
352,1286,0
258,599,0
46,660,0
437,1408,0
406,1158,0
307,1219,0
224,1093,0
450,894,0
397,829,0
365,1420,0
115,1317,0
78,601,0
441,665,0
61,920,0
188,1007,0
453,1439,0
380,534,0
499,553,0
405,1021,1
40,1102,0
443,1082,0
271,545,0
271,933,0
419,599,0
143,518,0
57,1484,0
449,1342,0
287,842,0
260,548,0
482,581,0
155,769,0
463,1115,0
161,856,0
11,1262,0
109,1434,0
132,1269,0
300,995,0
405,883,0
164,1332,0
402,1204,0
53,1442,0
130,1385,0
433,1411,0
121,745,0
226,1281,0
267,1198,0
106,1269,0
159,1342,0
190,537,0
430,528,0
290,1477,0
17,1206,0
415,781,0
380,1309,0
229,1326,0
433,1364,0
227,1360,0
435,1458,0
111,1028,0
472,1032,0
123,1185,0
424,1119,1
399,777,0
270,580,0
222,764,0
380,930,0
375,637,0
442,667,0
229,1211,1
105,1198,0
188,860,0
188,579,0
97,1299,0
444,1290,0
28,666,0
218,740,0
359,604,0
37,908,0
375,1276,0
379,1468,0
342,963,0
179,1030,0
106,1234,0
419,1181,0
134,1026,0
287,1149,1
41,800,0
194,558,0
352,1202,0
396,711,0
164,790,0
470,1399,0
315,1388,1
357,1455,0
398,1107,0
171,675,0
82,1267,0
69,1221,0
230,838,1
67,814,0
257,725,0
440,638,0
321,1306,0
343,804,0
80,1143,0
491,1180,0
309,784,0
180,1033,0
364,1163,0
252,1034,0
114,1138,0
415,1184,0
110,1125,0
316,542,0
293,1045,0
464,999,0
306,726,0
181,1386,1
449,757,0
463,1299,0
121,1255,0
383,639,0
70,674,0
57,889,0
152,1337,0
325,889,0
357,1357,0
451,572,0
222,887,0
130,1087,0
116,1222,0
13,826,0
2,599,0
275,1374,0
442,536,0
331,924,0
469,717,0
177,1013,0
151,1157,0
463,1260,0
184,1438,0
18,1433,0
324,642,0
51,644,0
135,885,0
33,932,1
185,1153,0
46,737,0
198,1225,0
124,530,0
296,1094,0
438,1344,0
333,1023,0
283,1112,0
448,1346,0
221,1199,0
206,1309,0
9,1411,0
291,849,0
486,1004,0
191,1443,0
338,861,0
157,557,0
271,857,0
42,883,0
321,1395,0
491,1337,0
459,545,0
243,1298,0
45,998,0
381,707,0
24,1079,0
434,1270,0
389,1200,0
79,1127,0
217,982,0
258,1447,0
198,1083,0
208,545,0
432,700,0
43,1108,0
134,816,0
462,795,0
231,590,1
8,956,1
453,911,0
307,517,0
143,874,0
303,841,0
361,1415,0
196,1262,0
397,1436,0
143,731,1
31,692,0
199,1107,0
106,1106,0
230,833,0
458,1489,0
199,1060,0
123,1038,0
457,926,0
480,790,0
324,625,0
478,1299,0
487,1070,0
266,1419,0
347,899,0
164,849,0
183,902,0
468,1101,0
358,1167,0
254,695,0
177,842,0
442,1127,0
193,701,1
262,1441,0
407,524,0
490,780,0
242,1015,0
203,1011,0
391,649,0
472,1262,0
327,1112,0
131,1162,0
253,1400,0
17,638,0
81,949,0
452,630,0
458,821,0
52,1229,1
226,1138,0
331,695,0
308,1380,0
461,707,0
265,1220,0
315,728,0
425,890,0
225,1230,0
285,807,0
367,943,0
423,939,0
428,1442,0
281,773,0
220,927,0
162,1136,0
172,1478,0
355,1068,0
55,1213,0
460,846,0
222,818,0
258,623,0
125,999,0
60,1349,0
262,1304,0
211,500,0
321,776,0
379,1448,0
209,615,0
155,632,0
426,1147,0
70,543,0
115,673,0
206,634,0
294,948,0
376,883,0
56,1059,0
76,918,0
136,1313,0
381,1388,0
37,1291,0
452,640,0
130,1018,0
8,1025,0
69,619,0
411,666,0
140,1431,0
381,993,0
57,962,0
462,753,0
231,1289,0
409,874,0
353,1371,0
107,784,0
437,516,0
16,1313,1
119,1471,0
430,1369,0
423,1308,0
293,512,0
319,609,0
146,1177,0
239,1345,1
7,1292,0
173,771,0
248,1000,0
281,1403,1
185,677,0
345,503,0
419,940,0
254,1153,0
141,1124,0
210,1346,0
438,1091,0
458,643,0
262,1452,0
291,1365,0
100,855,0
432,545,0
367,633,1
327,738,0
129,550,0
392,1197,0
101,733,0
196,1292,0
417,871,0
231,805,0
306,948,0
105,1387,0
364,1322,0
41,1086,0
375,1432,0
495,678,0
490,1060,0
459,1234,0
447,1203,0
236,1081,0
364,586,1
261,1360,0
6,1235,0
116,1368,0
153,1169,0
470,771,0
446,505,0
194,1032,0
166,1107,0
434,524,0
241,708,0
402,782,0
244,644,0
193,1124,0
274,1383,1
97,994,0
83,1203,0
327,1436,0
60,672,1
19,1176,0
14,970,0
44,1275,0
88,549,0
99,1118,0
154,1278,0
329,640,0
496,538,0
366,689,1
322,996,0
203,549,0
73,1203,0
424,1343,0
92,1450,0
180,878,0
210,533,0
484,690,0
345,635,0
196,726,0
268,864,0
306,1238,0
370,672,0
219,1322,0
58,814,1
351,1031,0
43,1259,0
77,1448,0
133,624,0
37,979,0
277,771,0
10,787,0
391,1145,0
424,993,0
278,1310,0
430,545,1
7,873,0
298,1428,0
366,818,0
167,894,0
489,638,0
240,964,0
311,1419,0
276,774,0
294,859,0
96,798,0
86,1191,0
62,1181,0
467,974,0
295,1150,0
177,1037,0
6,1156,0
329,1475,0
107,1314,0
151,1140,0
392,875,1
392,1260,0
68,683,0
232,742,0
152,505,0
352,956,0
118,762,0
268,575,0
413,1044,0
202,1286,0
363,1359,0
24,1000,0
36,902,0
302,1100,0
64,1184,0
227,728,0
488,1334,0
363,1194,0
18,1453,0
478,826,0
380,739,0
172,1101,0
181,852,0
353,876,0
439,1060,0
342,753,0
49,1306,0
213,1192,0
496,965,0
155,1077,0
403,658,0
159,1290,0
22,1035,0
250,615,0
66,722,0
439,788,0
129,912,0
338,1365,0
433,1404,0
15,518,0
287,802,0
148,1220,0
5,1047,0
258,1112,0
233,602,0
203,590,0
76,881,0
68,1078,0
8,859,0
27,583,1
124,1002,0
31,1227,0
23,1059,0
339,1215,0
140,944,0
234,1354,0
419,686,0
459,1037,0
492,913,0
449,1033,0
305,532,0
138,500,0
57,1419,0
288,533,0
268,859,0
104,1370,0
382,1318,1
324,908,0
136,504,0
114,820,0
447,878,0
182,991,0
456,788,0
371,750,0
155,1126,0
112,1166,0
59,750,0
28,1243,0
395,669,0
116,1216,0
326,724,0
150,887,1
429,711,0
306,623,0
119,613,0
13,821,0
17,997,0
376,762,0
36,1365,0
399,1221,0
272,586,0
383,846,0
145,910,1
203,1355,0
474,1432,0
344,1197,0
23,1081,0
36,968,0
188,1406,0
192,1307,0
268,622,0
107,1350,0
457,1208,0
287,575,0
304,1373,0
160,609,0
128,705,0
216,914,0
289,990,0
335,1087,0
414,1438,0
306,1431,0
447,828,0
304,1235,0
20,916,0
475,1116,0
363,525,0
420,933,0
113,811,0
454,968,0
195,637,0
82,718,0
78,962,0
151,914,0
127,908,0
105,846,0
37,552,0
207,646,0
357,649,0
231,1131,0
490,1177,0
228,1034,0
415,578,0
277,542,0
273,1073,0
494,720,0
227,1278,0
359,1139,0
45,774,0
169,905,0
39,712,0
402,929,1
12,1072,0
190,917,0
282,930,0
287,1426,0
270,1324,0
69,730,1
262,1305,0
392,1242,0
151,502,0
0,772,0
399,790,0
287,688,0
380,694,0
314,1117,0
311,906,0
259,929,0
246,1455,0
323,523,0
183,1000,0
193,1278,0
328,628,0
371,824,0
317,678,0
417,811,0
265,809,0
343,758,0
375,720,0
334,1303,1
332,1332,0
449,687,0
8,1065,0
94,740,0
468,688,0
228,1446,0
71,1279,0
361,593,0
314,791,0
246,1140,0
400,950,0
182,1277,0
83,1024,0
136,1187,0
209,880,0
453,1092,0
28,797,0
276,1049,0
176,1377,0
163,716,0
433,1266,0
471,1141,0
137,1479,0
386,1025,1
330,1071,0
166,1027,0
436,651,1
215,1438,0
127,1453,0
385,536,0
269,602,1
408,732,0
405,1133,1
217,784,0
209,1469,0
162,743,0
248,869,0
429,995,0
143,1277,0
176,1340,0
474,1327,0
309,1093,0
265,1198,0
18,523,0
112,686,0
333,1189,0
391,600,0
477,1239,0
77,1056,0
274,796,1
451,565,0
204,999,0
256,583,0
464,507,0
145,545,0
284,1299,0
180,1258,0
337,521,0
353,1258,0
249,585,0
94,1424,0
80,546,0
84,1049,0
282,644,0
247,619,0
6,1050,0
25,982,0
255,1252,0
349,628,0
362,763,0
146,1269,0
170,624,0
118,819,0
366,912,0
111,1357,0
474,1286,0
224,1011,0
285,1338,0
382,908,0
484,1279,0
391,1090,0
174,806,0
332,1286,0
384,921,0
174,1344,0
327,1423,0
291,1193,0
108,972,0
212,1185,0
331,1127,0
134,520,0
335,556,0
202,1071,0
100,948,0
185,550,0
225,1484,0
172,775,0
487,620,0
324,1387,0
71,1016,0
170,1141,0
355,986,0
72,949,0
441,1054,0
499,879,0
103,533,0
261,634,0
92,1441,0
148,1184,0
402,1205,0
24,616,0
231,822,0
165,877,0
129,782,0
314,1304,0
381,729,0
405,640,0
388,1111,0
202,816,0
120,743,0
144,740,0
447,1109,0
408,1119,0
21,1069,0
18,1286,0
31,861,0
67,534,0
389,561,0
464,1389,0
443,1311,0
298,608,0
392,1078,0
106,1187,0
380,548,0
375,692,0
3,1099,0
173,895,0
158,1357,0
370,992,0
361,1000,0
253,833,0
417,517,0
102,1328,0
375,1192,0
98,1016,0
106,577,0
41,1146,0
261,841,0
347,806,0
300,1011,0
82,665,0
147,1235,0
47,568,0
87,542,0
358,619,0
276,1115,0
454,1318,0
232,1241,0
357,1447,0
214,1075,0
383,729,0
237,581,0
299,757,0
112,1242,0
105,1460,1
478,1129,0
4,1470,0
63,692,0
385,1109,0
292,727,0
74,1098,0
443,794,0
29,697,0
256,1444,0
466,693,0
299,1005,0
192,1285,0
196,1076,0
366,1379,0
165,1294,0
371,1085,0
434,666,0
455,573,0
439,1433,1
326,1482,0
279,1080,0
228,513,0
274,1046,0
187,1050,0
208,1467,0
192,632,0
101,1396,0
443,1031,0
224,917,0
298,789,0
253,1129,0
255,1290,1
13,594,0
364,1034,0
394,1016,0
45,746,0
436,1474,0
130,1157,0
109,1298,0
431,1468,0
438,919,0
337,1097,0
241,1350,0
242,933,0
274,1185,0
207,1252,1
375,874,0
87,1402,0
469,805,0
83,1197,0
378,773,0
227,859,0
94,865,0
227,940,0
195,980,0
388,1234,1
414,623,0
160,1178,0
429,1441,0
337,897,0
231,1067,0
224,653,0
165,949,0
296,951,0
323,696,0
359,1237,0
22,583,0
383,1197,0
194,680,0
75,605,0
477,940,0
392,1337,0
336,602,0
31,977,0
329,749,0
29,1179,0
139,746,0
443,1349,0
421,1471,0
146,1479,0
123,1158,0
60,1046,0
408,671,0
202,1027,0
391,667,1
298,700,0
298,637,0
385,818,0
122,1212,0
426,850,0
348,764,0
40,1129,0
253,571,0
379,518,0
449,502,0
67,1252,0
322,1334,0
273,1382,0
135,896,0
82,1038,0
46,1168,1
182,1415,0
347,1323,1
400,805,0
493,810,0
282,1181,0
104,709,0
245,1411,0
210,1335,0
376,1287,1
417,655,0
57,1075,0
83,637,0
35,1017,0
461,678,0
249,860,0
255,1212,0
240,586,0
243,545,0
267,690,0
335,1299,0
472,1167,0
459,712,0
468,847,0
210,643,0
451,1401,0
421,674,1
98,955,0
98,1154,0
84,1358,0
74,560,0
215,758,0
248,725,0
309,1397,0
470,1002,0
423,845,0
191,1260,0
264,1400,0
337,976,0
283,1349,0
485,1095,0
427,1289,0
365,816,0
93,527,0
81,870,0
203,1259,0
308,1022,0
406,1144,0
342,1394,0
363,679,0
457,668,0
199,655,0
38,790,0
420,637,0
210,1269,0
233,1245,0
450,875,0
488,1178,0
323,1435,1
186,914,1
427,856,1
137,1419,0
159,910,0
293,736,1
120,1265,0
452,1325,1
275,716,0
7,1365,0
42,924,0
361,853,0
94,1257,0
493,735,0
113,1242,0
43,1315,0
389,729,0
13,808,0
70,751,0
132,1183,0
230,515,0
452,956,0
358,564,0
216,646,0
349,1049,0
267,948,0
294,1130,0
370,856,0
119,822,0
310,735,0
114,876,0
134,1405,0
383,1038,0
476,1068,0
355,1125,0
390,989,0
46,1450,0
453,737,0
400,1002,0
315,1107,0
489,864,0
238,1015,0
333,694,0
126,908,0
98,665,0
187,1403,0
166,1483,0
152,862,0
104,975,0
143,703,0
416,1249,0
49,878,0
99,1143,0
445,1441,0
25,1039,0
407,574,0
309,1177,0
460,949,0
189,754,0
14,1400,0
1,1177,0
332,664,0
214,1243,0
206,668,0
159,667,0
73,1005,0
342,695,0
415,590,0
0,1477,0
275,1180,0
76,968,0
97,859,0
300,1328,1
339,1311,0
197,1242,0
12,1048,0
2,1123,0
263,1349,0
20,895,0
133,701,0
474,964,0
324,1251,0
478,680,0
69,922,0
264,1319,0
168,1337,0
184,1385,0
142,1092,0
393,1088,0
220,1022,0
331,1054,0
336,1016,0
371,894,0
313,1364,0
59,1077,0
71,577,0
166,1044,1
167,1454,0
384,967,0
305,1313,0
252,1258,0
118,1360,0
188,1331,0
47,584,0
173,605,0
492,960,0
134,670,0
55,1334,0
451,1013,0
491,1360,0
147,1171,1
383,1229,0
341,1109,0
249,1338,0
299,1439,0
10,563,0
198,1209,0
415,1191,0
293,680,0
139,1192,0
373,897,0
41,1113,0
162,998,0
471,975,0
112,788,0
479,994,0
78,992,0
137,911,0
311,1185,0
432,1318,0
301,981,0
5,1170,1
362,1285,0
329,1144,0
454,563,0
464,858,0
2,1234,0
207,870,0
253,1133,0
113,1149,0
257,644,0
426,643,0
409,1330,0
444,1154,0
323,1132,0
2,957,0
481,1184,0
192,676,0
238,939,1
437,732,0
327,914,0
430,792,0
388,547,0
451,888,0
363,512,0
413,830,0
81,1464,0
281,606,0
105,1369,0
293,727,0
79,1457,0
36,725,0
421,1050,0
398,776,0
183,1328,0
24,1386,0
159,1297,0
323,1290,0
44,544,1
364,1229,0
161,1387,0
211,681,0
62,1016,0
240,526,0
377,1107,0
397,1059,0
311,506,0
487,1337,0
218,1458,0
184,1010,0
252,601,0
232,877,0
165,1129,0
7,1472,0
20,991,1
55,683,0
354,1120,0
81,621,0
54,906,0
232,1132,0
187,1306,0
329,1335,0
98,1103,0
211,1079,0
249,830,0
121,1265,0
406,1471,0
204,549,0
338,1373,1
45,1181,0
362,818,0
289,923,0
340,520,0
380,812,0
29,1040,0
3,967,0
242,1378,0
328,1044,0
5,718,0
323,944,0
478,1114,0
163,1089,0
298,1133,0
187,1340,0
198,627,0
360,1189,0
401,1421,0
287,977,0
376,1138,0
209,839,0
445,1439,1
249,812,0
167,1260,0
456,1366,0
278,1153,0
162,795,0
405,1414,0
57,1090,0
3,1114,0
35,1150,1
333,1020,0
273,1103,0
39,772,0
258,838,1
107,1315,0
35,1039,0
50,641,0
155,1377,0
117,1373,0
172,1161,0
367,714,0
284,1082,1
356,1056,0
121,847,0
242,636,0
190,837,1
412,1274,0
52,920,0
194,1332,0
26,1070,0
34,893,0
365,706,0
24,1291,0
114,1354,0
491,1210,0
299,638,0
199,1418,0
375,696,0
216,1478,0
365,790,0
335,1186,0
435,549,0
360,1483,0
453,799,0
24,1482,0
226,1268,0
382,843,0
275,1347,0
310,1073,0
450,1319,0
14,1176,0
371,1363,0
392,996,0
71,910,0
434,1045,0
66,1400,0
232,937,0
352,1383,0
482,745,0
198,1024,0
1,909,0
315,1040,0
87,711,0
496,1314,0
178,617,0
43,1074,0
184,1256,0
378,1115,0
282,766,0
108,601,0
159,1071,0
110,1016,0
121,1215,0
438,552,0
155,719,0
400,1253,0
200,513,0
20,912,0
317,610,0
383,1376,0
148,1017,0
164,878,0
51,763,0
428,1238,0
358,1191,0
175,1116,0
287,996,0
141,656,0
350,618,0
473,637,0
32,844,0
422,822,0
37,1352,0
92,583,0
483,1141,0
479,596,1
168,1237,0
361,901,0
464,952,0
39,554,0
436,1479,0
52,1005,0
55,1483,0
28,1000,0
116,1450,0
1,1420,0
390,554,0
362,679,0
86,1462,0
72,552,0
154,935,0
75,882,0
75,814,0
149,1338,0
209,550,0
98,873,0
420,828,0
213,874,0
465,1383,0
215,1047,1
363,1150,0
2,1327,1
315,1363,0
339,1141,0
433,902,0
38,1060,0
166,1413,0
188,542,0
453,1086,0
272,1446,0
27,1172,0
209,1234,0
375,825,0
444,814,1
356,986,0
495,549,0
346,915,0
118,1400,0
101,1218,0
222,926,0
180,1473,0
158,1461,0
143,784,0
160,598,0
220,852,0
125,833,0
0,1444,0
298,779,0
229,579,0
408,954,0
375,1372,0
352,1341,0
37,1101,0
252,818,0
117,734,0
204,1268,0
79,1469,0
17,1153,1
163,1440,0
282,830,0
437,606,0
37,813,1
306,1261,0
417,756,0
108,789,0
249,1107,0
499,1297,0
95,589,0
290,1484,0
176,1082,0
106,974,0
137,866,0
482,1072,0
237,573,0
43,1238,1
405,1331,0
81,525,0
334,839,0
224,786,0
86,686,0
424,1243,0
59,818,0
257,1142,0
355,700,0
41,996,0
124,513,1
109,536,0
14,787,0
120,756,0
379,1268,0
30,1383,0
0,1325,0
232,1122,0
32,1318,0
73,707,0
451,1234,0
220,1254,0
436,519,0
68,997,0
319,1444,0
388,1335,0
180,888,0
303,1320,0
93,779,0
86,1443,0
2,1067,0
19,899,0
66,1270,1
489,841,0
438,809,0
236,1171,0
304,1437,0
252,1123,0
136,563,0
220,1226,0
266,1148,0
92,560,0
497,791,0
211,535,0
475,1098,0
256,728,0
79,995,0
230,578,0
339,1269,0
264,605,0
196,841,0
301,1087,0
149,1015,0
130,800,0
190,1057,0
10,1064,0
470,1130,0
149,707,0
189,1134,0
373,1473,1
359,773,0
267,1001,0
30,924,0
35,850,0
24,1435,0
111,1143,0
331,1009,0
342,1282,0
28,1301,0
16,1015,0
394,612,0
189,880,0
388,1117,0
95,1311,0
113,727,0
302,934,0
142,521,0
36,644,0
398,1004,0
51,958,0
85,1080,0
362,1195,0
41,1090,0
233,1200,0
309,1230,0
282,1273,0
1,1354,0
92,1173,0
280,1044,0
283,556,0
17,1038,0
84,630,0
142,1180,0
186,1117,0
43,685,0
192,1214,0
109,1015,0
362,525,0
68,1132,1
283,843,0
27,1093,0
466,1107,0
13,805,0
295,556,0
184,694,0
490,578,0
306,1345,0
181,1155,0
345,1285,0
303,796,0
321,1349,0
271,582,0
424,842,0
323,900,0
33,856,0
427,704,0
135,977,0
448,1164,0
100,508,0
344,911,0
54,564,0
389,943,0
433,1118,0
229,885,0
366,639,0
493,973,0
88,687,0
317,631,0
359,1381,0
105,1206,0
3,761,0
431,1353,1
498,1482,0
344,649,0
378,504,0
167,1089,1
171,1159,0
260,1297,0
221,1392,0
79,1020,0
18,1199,0
32,1174,0
322,764,0
378,1331,0
407,833,0
14,1331,0
440,1447,0
171,723,0
181,1333,0
487,1394,0
88,711,0
108,1450,0
206,1116,0
135,1126,0
367,1463,0
486,962,0
211,1282,0
3,1139,0
383,1186,0
218,1239,0
68,1222,0
218,681,0
405,666,0
468,1248,0
458,1024,0
177,1217,1
102,903,0
168,528,0
30,1345,0
271,740,0
243,1013,0
56,1481,0
73,1038,0
438,1107,0
471,1405,0
366,1245,0
14,652,0
75,1359,0
325,857,0
264,1352,0
387,675,0
54,928,0
308,1159,0
351,775,0
304,1323,0
311,757,0
214,1020,0
493,1243,0
435,1019,0
213,1248,0
280,977,0
464,1139,0
268,1183,0
86,1042,0
127,683,0
39,1149,0
130,639,0
462,597,0
271,1415,0
35,726,0
380,1035,0
15,1019,0
235,1369,0
436,1315,0
385,1101,0
105,1440,0
450,884,0
216,872,0
174,838,0
11,1296,1
269,1472,0
363,1382,0
72,972,0
73,1124,1
70,823,1
445,1221,0
480,709,0
118,680,0
345,688,0
207,1330,0
333,1165,1
3,1112,0
59,1192,0
485,1433,0
202,1049,0
89,1224,0
166,834,0
257,935,0
135,1229,0
451,819,0
445,949,0
430,1213,0
346,1191,0
154,509,0
147,860,0
166,621,0
231,1314,0
73,761,0
62,907,0
233,695,0
256,876,0
388,648,0
321,639,0
195,1065,1
238,1296,0
364,529,0
43,1416,0
70,943,0
398,1284,0
364,1136,0
134,1032,0
298,1356,0
439,578,0
29,1374,0
4,524,0
249,729,0
375,1348,1
373,938,0
251,779,0
7,1395,1
440,1072,0
63,1205,0
483,1256,1
137,575,0
315,558,0
396,762,0
98,770,0
261,1082,0
61,1230,0
200,1322,0
436,575,0
36,815,0
64,1182,0
372,692,0
81,896,0
137,731,0
450,1072,0
379,753,0
4,1053,0
202,884,0
247,535,0
393,950,0
314,1431,0
194,1248,0
91,942,0
97,1292,0
233,1421,0
8,1178,1
63,1296,0
384,1230,0
36,1382,0
257,1365,0
343,1175,0
309,1131,0
119,506,0
469,517,0
448,726,0
375,877,0
343,1089,0
160,724,0
281,1296,1
280,707,1
399,671,0
346,839,0
180,541,0
158,1262,0
303,1273,0
206,1176,0
129,862,0
128,1292,0
42,753,0
68,721,0
477,1215,0
387,844,0
413,1270,0
50,1368,0
246,1468,0
362,1398,0
341,809,0
378,1264,0
91,1401,0
14,1404,0
417,1314,0
416,771,0
374,1248,0
494,1330,0
477,902,0
48,1203,0
113,556,0
164,1330,0
196,998,1
350,947,0
67,1280,0
4,1088,0
258,723,0
116,1164,0
223,735,0
317,581,0
78,1180,0
64,720,0
294,1467,0
300,1128,0
139,938,0
457,969,1
392,627,0
149,771,0
142,1354,0
124,674,0
229,1301,0
251,861,0
491,1185,0
94,1443,0
368,992,0
476,1302,0
104,1073,0
269,1487,0
99,913,0
404,790,0
99,952,0
282,1402,0
83,515,0
48,569,0
312,715,0
86,1272,0
403,655,0
478,638,0
462,1479,0
373,1162,0
402,953,0
446,1269,0
75,572,0
390,909,0
406,1371,0
70,1187,0
134,1350,0
259,1273,0
27,529,0
216,1484,0
78,842,0
489,1223,0
198,523,1
317,919,0
180,761,1
74,740,0
146,1263,0
106,1154,0
140,879,0
390,693,0
396,1441,0
257,626,0
449,1478,0
104,1236,0
389,606,0
472,925,0
248,1073,0
386,906,0
154,585,0
383,767,0
15,1141,0
130,506,0
200,1238,0
240,1285,0
456,1333,1
91,1378,0
434,847,0
110,649,0
223,1303,0
453,1013,0
129,784,0
313,554,0
90,1433,0
76,1337,0
340,1348,0
172,571,0
438,755,0
258,1171,0
47,1093,0
216,655,1
74,1278,0
175,567,0
10,1294,1
269,1193,0
63,613,0
282,1454,0
171,655,0
28,1440,0
205,795,0
415,1084,0
400,562,0
383,689,0
485,1302,0
476,544,0
67,1128,0
140,593,0
341,1477,0
155,1395,0
99,1373,0
50,743,0
86,1330,0
490,1451,0
416,1472,1
57,977,0
122,1279,0
263,1110,0
473,1096,1
169,1242,0
414,1212,0
18,732,0
67,1168,0
113,1233,0
33,1354,0
78,1256,0
438,1414,1
135,860,0
140,955,0
76,1227,0
222,1367,1
420,1388,0
50,1286,0
111,1342,0
57,863,0
233,1326,0
141,834,0
302,1030,0
183,1377,0
243,1078,1
471,1145,0
89,1230,1
343,1042,0
116,1395,0
242,1487,0
252,907,0
344,1468,0
366,1416,0
493,546,0
170,566,0
32,788,0
366,1119,0
410,891,1
107,919,0
98,1342,0
35,1212,0
311,781,0
214,710,0
50,947,0
100,1441,0
87,1424,0
80,1135,0
158,853,0
44,1301,0
298,1431,0
62,843,0
75,1073,1
432,1263,0
250,1091,0
418,1171,1
77,1117,0
404,903,0
32,1013,0
292,816,0
174,955,0
216,579,0
157,1216,0
337,537,0
366,1009,0
369,904,0
309,1361,0
385,1195,0
53,566,0
113,572,0
433,513,0
138,1357,0
125,1050,1
297,615,0
465,959,0
34,747,0
105,1321,0
444,1396,0
459,979,0
488,1461,0
160,1050,0
350,1007,0
289,1242,0
319,859,0
249,1252,0
105,1230,0
336,1239,1
73,1081,0
115,1454,0
92,1418,0
108,550,0
309,1153,0
454,1323,0
165,599,0
124,866,0
492,833,0
467,1431,0
450,1216,0
100,1012,0
470,572,1
372,1321,0
401,1372,0
112,1076,0
475,764,0
63,532,0
335,756,0
105,674,0
189,1398,0
95,717,0
43,581,0
270,565,0
305,659,0
221,842,0
86,957,0
394,513,0
347,913,0
355,894,0
365,682,0
307,792,0
115,1237,0
369,1276,1
223,521,0
351,990,0
427,561,0
348,590,0
466,1400,0
494,726,0
23,763,0
132,718,0
441,684,0
350,1191,0
124,1222,0
85,528,0
340,1342,0
23,1284,0
369,922,0
204,1040,0
0,1150,0
260,1046,0
394,962,0
363,515,0
109,1077,0
315,1311,0
63,859,0
187,980,0
246,1216,0
139,583,1
148,1296,1
57,1122,0
103,1319,0
413,1415,0
91,678,0
418,1319,0
141,1181,0
176,1347,0
346,611,0
84,1137,0
77,1213,1
459,819,0
437,682,0
45,1331,0
169,1346,0
33,674,0
225,617,0
300,760,0
406,1300,0
283,920,0
389,877,0
11,731,0
192,1085,0
173,1372,0
55,1320,0
224,725,0
41,1040,0
20,515,0
61,1447,0
95,1292,1
444,1169,0
176,859,0
468,734,0
160,1341,0
66,1132,0
79,603,0
213,808,0
271,930,0
258,550,0
141,939,0
350,1451,0
76,1288,0
470,906,0
93,1027,0
341,1166,0
334,513,0
136,635,0
431,1162,0
90,1074,0
465,734,0
404,1143,0
90,1111,0
448,722,0
106,1451,0
122,681,0
75,1155,0
272,1171,0
365,799,0
432,1435,0
147,513,0
344,1351,0
412,1115,0
101,1480,0
483,1215,0
478,1090,0
159,849,0
361,1442,0
166,1132,0
54,1249,0
7,544,0
271,602,0
92,868,0
262,1007,0
70,1359,0
427,969,0
447,514,0
409,804,0
303,689,0
472,822,0
257,1026,0
186,1441,0
139,1229,0
253,750,0
239,1196,1
294,1240,0
288,1299,0
151,832,0
48,600,0
125,1241,0
151,910,0
267,958,0
64,647,0
211,772,0
374,1099,0
263,1039,0
130,1120,1
252,955,0
415,559,0
374,1180,0
157,865,0
300,890,0
200,630,0
323,1295,0
467,1427,1
166,904,1
451,985,0
438,1303,0
342,541,0
432,1313,1
438,628,1
388,650,0
471,1462,0
333,504,0
336,715,0
463,1107,0
424,1181,0
280,949,0
122,1003,0
251,888,0
82,1124,0
475,833,0
330,819,0
38,1015,0
14,843,0
451,1100,0
47,1372,0
264,624,0
78,1354,0
25,909,0
376,1286,0
247,1361,0
433,1463,0
444,538,0
250,782,0
243,746,0
176,809,0
125,559,0
272,1454,0
178,951,0
6,587,0
292,621,0
209,1071,0
399,1422,0
143,1059,0
244,792,0
30,777,0
477,1039,0
13,1485,0
17,982,0
473,1048,0
385,1427,0
210,1423,0
145,743,0
411,1016,0
107,898,0
138,696,0
141,1371,0
333,773,0
440,982,0
219,1157,0
98,532,0
480,776,0
266,1147,1
475,1263,1
24,1486,0
72,713,0
450,652,0
365,1241,0
457,1081,0
239,815,0
142,1111,0
154,625,0
489,687,0
309,885,0
292,1446,0
402,709,0
200,1388,0
384,1216,0
428,867,0
466,919,0
416,1206,0
320,733,1
487,528,0
176,1144,0
140,522,0
105,1160,0
204,904,0
132,1245,0
316,1117,0
362,1268,0
312,808,0
70,1034,0
332,1065,0
80,984,0
460,1250,0
238,1356,0
457,1296,0
158,664,0
4,1416,0
490,1090,0
109,1132,0
213,1221,0
279,1283,0
199,906,0
152,1389,0
219,1342,0
464,723,0
460,1472,0
35,1026,0
398,836,0
305,1236,0
364,1098,0
24,578,1
386,1007,0
388,1361,0
274,917,0
252,518,0
38,1164,0
467,953,0
250,1471,0
169,929,0
300,1197,0
65,1144,0
331,1311,0
404,1413,0
417,1291,0
75,805,0
355,1211,0
497,935,0
331,1344,0
295,944,0
49,696,0
382,1465,0
49,1249,0
227,1144,0
60,1343,0
123,1208,0
235,1431,0
188,880,0
48,1086,0
283,737,0
207,813,0
208,535,0
170,968,0
259,1038,0
224,1345,0
68,1266,0
102,1420,0
444,574,0
70,885,0
17,1253,0
80,942,0
265,1153,0
472,629,0
119,1207,0
368,906,0
248,631,0
425,637,0
486,1374,0
76,1336,0
269,1367,0
319,798,0
169,1258,0
244,944,0
455,522,0
210,1393,0
70,1041,0
433,818,0
50,952,0
347,692,0
15,1288,0
35,1024,0
182,758,0
494,834,0
309,1415,0
52,1079,0
296,1022,0
210,639,0
266,1368,0
8,911,0
42,1076,0
465,1228,0
464,744,0
364,535,0
167,1376,0
202,912,0
443,1325,0
481,527,0
496,896,0
261,1138,0
456,529,0
434,899,0
249,894,0
447,801,0
405,1174,0
410,879,0
208,1260,0
190,1034,0
426,1118,0
307,1122,0
456,725,0
177,1007,0
272,1051,0
111,1005,1
63,1308,0
81,1021,0
41,902,0
321,1155,0
219,951,0
275,1267,0
111,1379,0
241,688,0
167,1375,0
458,1096,0
10,890,0
470,811,0
268,1221,0
86,1466,0
142,907,0
142,1314,0
476,809,0
111,518,0
104,1151,0
19,616,0
300,908,0
15,648,0
253,761,0
150,680,0
457,1277,0
282,1140,0
136,1465,0
264,1016,0
304,851,0
44,1211,0
169,1138,0
164,1208,0
10,691,0
255,1245,0
249,772,0
497,1299,0
125,509,0
59,530,0
74,706,0
243,630,0
76,528,0
405,570,0
246,675,0
109,1412,0
340,744,1
374,767,0
157,1229,0
289,1165,0
440,1237,0
279,725,0
477,593,1
49,1369,0
431,1482,0
287,855,0
449,867,0
62,881,0
434,683,0
450,906,0
159,1249,0
93,1323,0
152,634,0
127,793,0
104,1171,0
401,812,0
248,636,1
52,625,0
480,932,0
411,917,0
474,940,0
422,1393,0
192,584,0
3,743,0
101,1024,0
217,1270,0
183,929,0
464,1064,0
210,1024,0
264,1438,0
152,589,0
363,1476,0
290,819,0
7,668,0
472,1081,0
27,713,0
472,1329,0
174,1099,0
82,903,0
95,1365,0
463,869,0
8,1338,0
464,516,0
404,995,0
239,902,0
466,604,0
300,689,0
127,1030,0
214,526,0
301,1404,0
114,959,0
88,1314,1
93,955,0
252,766,0
404,1453,0
83,1117,0
179,1300,0
482,1226,0
93,1399,0
126,941,0
222,925,0
410,1080,0
324,1340,0
162,844,0
379,974,0
59,1251,0
435,560,0
8,554,0
292,1488,0
6,571,0
64,984,0
206,1139,0
301,783,0
105,1468,0
469,644,0
213,502,0
158,592,0
376,580,0
355,1222,0
373,820,0
439,1068,0
409,1400,0
312,505,0
493,1062,0
461,1096,0
39,709,0
155,692,0
87,970,0
138,1200,0
207,956,0
227,1293,0
418,1406,0
456,607,0
279,582,0
232,1357,0
335,1339,0
367,867,0
340,643,0
486,921,0
366,1158,0
146,906,0
414,572,0
63,520,0
464,774,0
449,635,0
29,581,0
268,1255,0
403,1004,0
352,644,0
82,1344,0
402,749,0
140,845,0
472,1022,0
96,606,0
481,504,0
396,624,0
330,970,0
97,509,0
164,900,0
48,1331,0
254,652,0
191,791,0
116,1078,0
389,988,0
364,614,0
257,627,0
17,1381,0
110,1175,0
59,1394,0
294,661,0
325,1263,0
342,774,1
274,736,0
334,761,0
81,532,0
414,1201,0
298,1002,0
364,1080,0
330,973,0
226,1403,0
72,674,0
219,1182,0
189,996,0
45,781,0
272,1445,0
329,1329,0
160,953,0
365,1361,0
10,673,0
314,1478,0
210,593,0
304,1155,0
97,1072,0
447,534,0
38,1178,0
299,522,0
342,709,0
323,1091,0
221,1189,0
279,1197,0
295,917,0
376,1008,0
88,1470,0
74,1064,0
325,1074,0
106,891,0
452,811,0
305,826,0
54,1099,1
116,1195,0
32,1297,1
180,529,0
133,1085,0
79,1391,0
87,1079,0
168,1049,0
367,1411,0
43,731,0
226,1254,0
436,1445,0
455,833,0
75,859,0
229,518,0
493,944,0
376,1309,0
359,1409,0
273,998,0
439,942,0
127,818,0
133,977,0
9,1110,0
99,698,0
20,992,0
170,1205,0
263,1314,1
114,1041,0
425,1363,0
140,1395,0
88,934,0
355,945,0
280,1011,0
243,1088,0
67,558,0
13,527,0
381,538,0
453,658,0
158,1067,0
422,1235,0
294,1235,0
260,1004,0
43,1392,0
397,626,0
374,656,0
376,1154,0
435,1241,0
477,627,0
144,727,0
138,1163,0
212,566,0
291,1024,0
351,1151,0
203,1424,0
290,1214,0
428,564,0
245,731,1
449,681,0
216,1052,0
300,1308,0
434,1201,0
338,1391,0
44,1354,0
48,1457,0
183,1058,0
404,953,0
375,898,0
52,1242,0
454,525,0
259,1155,0
240,763,0
220,757,0
491,664,0
380,1157,0
462,817,0
164,649,1
166,1195,0
389,969,0
478,911,0
289,649,0
186,816,0
429,1113,0
142,556,0
213,1019,0
376,885,0
393,1138,0
33,638,0
54,513,0
88,1181,0
15,936,0
46,936,0
170,922,0
410,1304,0
308,1058,0
17,843,0
292,1172,1
457,825,0
113,1039,0
282,1438,0
396,854,0
173,1112,0
441,1095,0
403,1313,0
346,1295,0
259,982,0
83,762,0
369,735,0
85,641,0
310,948,0
302,1251,0
254,891,0
471,1221,0
79,860,0
499,1281,0
397,825,1
430,614,0
415,799,0
413,1477,0
210,942,0
476,1205,1
274,547,0
238,1250,0
163,791,0
396,594,0
452,1421,0
425,1169,0
107,567,0
302,1472,0
316,1299,0
157,1328,0
251,1226,0
216,527,0
231,1392,0
204,1028,0
367,1024,0
43,1336,0
170,518,0
263,719,0
301,501,0
12,1478,0
245,622,0
281,1395,0
184,638,0
353,1155,0
224,1090,0
429,1412,0
5,1225,0
367,1035,0
467,1297,1
238,1256,0
155,1186,0
497,568,0
441,565,0
466,1373,0
137,766,0
480,762,1
288,1188,0
86,918,1
456,1197,0
311,942,0
74,1039,0
446,815,0
116,1199,1
139,686,0
259,1112,0
257,520,0
488,528,0
31,1218,0
292,1468,0
53,729,0
208,714,0
396,916,1
415,640,0
284,1389,0
312,1197,0
242,1339,0
176,1140,0
355,960,0
138,741,0
449,1052,0
59,1167,0
394,1362,0
475,576,0
326,933,0
363,1428,0
164,599,0
40,1214,0
484,556,0
3,1342,0
161,1032,0
122,693,0
205,1338,0
181,1141,0
160,1247,0
208,1345,0
264,617,0
484,1273,0
311,855,0
58,797,0
392,758,0
234,963,0
485,943,0
414,1167,0
237,871,0
408,910,0
309,576,0
211,1370,0
287,1021,0
389,1077,0
43,677,1
164,1053,0
50,1305,0
492,1296,0
68,544,0
168,536,0
42,1440,0
362,1183,0
6,1437,0
193,1213,0
481,1090,0
150,1344,0
498,779,0
113,605,0
313,1331,0
422,1075,1
221,1206,0
334,922,0
414,802,0
147,1325,0
17,1449,0
440,832,0
141,1016,0
480,971,0
76,914,0
219,1306,0
173,1137,0
427,511,0
464,1392,0
123,1012,0
112,1275,0
13,721,0
245,501,0
461,655,0
148,1088,0
80,1450,0
27,1053,0
66,1026,0
444,1297,0
102,895,0
84,1143,0
190,1088,0
467,614,0
375,940,0
335,1410,0
43,587,0
223,728,0
358,965,0
415,635,0
145,1043,0
15,1488,0
282,1183,0
480,861,0
79,793,0
188,703,0
296,1099,0
36,1375,0
16,1478,1
192,1192,1
408,1410,0
175,843,0
331,898,0
424,673,0
313,1103,0
162,692,0
233,1403,1
77,1025,0
270,1322,0
337,1249,0
101,901,0
242,911,0
175,1455,0
218,696,0
167,1145,0
9,1260,0
32,671,0
117,1268,0
14,1286,0
379,1024,0
311,566,0
185,1218,1
448,808,0
99,1096,0
392,616,0
356,846,0
280,640,0
299,520,0
1,862,0
81,995,0
465,1177,0
94,669,0
341,526,0
191,1133,0
346,1401,0
177,1396,0
332,951,0
322,963,0
30,790,1
62,1416,0
120,661,0
244,1224,0
47,1305,0
400,1325,0
270,1286,0
161,1422,0
424,1376,0
316,915,0
235,828,0
317,1113,0
283,686,0
364,509,0
10,1226,0
107,1216,0
378,1021,0
39,929,1
209,1167,0
116,1290,0
196,569,0
5,871,0
377,685,1
197,1255,0
368,1350,0
425,1435,0
396,1434,0
381,1357,0
367,1488,0
37,634,0
273,1197,0
491,983,0
448,972,0
406,961,0
240,1401,0
196,1260,0
53,1162,0
271,565,1
445,1120,0
384,868,0
203,842,0
121,793,0
50,1427,0
50,1390,0
177,584,0
465,505,0
173,997,0
198,1050,0
107,708,0
268,1406,0
334,1082,0
387,822,0
267,500,0
50,1412,1
486,880,0
252,1069,0
216,1475,0
464,1207,1
12,503,0
488,893,0
329,601,0
105,950,0
197,585,0
145,1164,0
210,932,0
347,643,0
345,1485,0
234,816,0
285,680,0
309,1335,0
39,565,0
270,656,0
151,1183,0
75,653,0
489,887,0
492,790,0
447,1404,0
19,509,0
171,1333,0
31,1306,0
263,761,0
209,969,0
487,1254,0
304,1459,0
209,831,0
287,664,0
454,568,0
299,1399,0
163,1070,0
300,1368,1
421,823,0
56,641,0
184,559,0
236,564,0
228,1369,0
302,659,0
241,1257,1
187,561,0
47,636,0
223,1034,0
327,1205,0
419,845,0
418,649,0
191,587,1
70,875,1
15,1260,0
426,1404,0
113,1130,0
328,1157,0
292,824,0
184,914,0
429,1187,0
448,1442,0
340,1200,1
462,962,0
217,1280,0
123,973,0
31,939,0
467,1385,0
8,618,0
355,1163,0
445,873,0
95,508,0
390,742,0
282,648,0
24,710,0
439,683,0
433,994,0
78,925,0
264,1229,0
126,637,0
290,1275,0
104,1275,0
130,653,0
275,1097,0
164,810,0
31,859,0
490,1336,0
428,921,0
61,1148,0
26,516,0
405,784,0
344,1039,0
489,1257,0
328,773,1
31,558,0
188,966,0
277,1226,0
71,976,1
193,1003,0
462,1059,0
91,696,0
226,1243,0
61,1165,0
236,575,0
121,1131,0
287,1064,0
461,1134,0
434,1257,0
119,913,0
415,614,0
137,521,0
259,1404,0
274,1385,0
151,1042,0
437,712,0
362,1194,0
465,922,0
48,549,0
304,726,0
255,1075,0
284,1199,0
3,868,0
113,1042,0
269,1463,0
235,1259,0
309,839,0
492,1346,0
220,967,0
107,1074,0
340,635,0
213,604,0
339,1335,0
428,1439,0
473,1094,0
427,1454,0
460,886,0
240,844,0
437,1040,0
116,987,0
79,821,0
223,697,0
68,940,0
460,1040,0
16,998,0
332,793,0
285,1407,0
207,866,1
379,1472,1
33,691,0
431,920,0
194,1204,0
190,1339,0
485,879,0
282,1252,0
277,975,0
177,1442,0
96,786,0
286,963,0
20,653,0
438,1048,0
414,1005,0
405,1041,0
426,1211,0
466,871,0
258,970,0
14,1338,0
415,747,0
27,1140,1
466,609,0
283,601,0
264,1245,0
291,1151,0
46,1017,0
175,1241,0
406,1292,0
83,1296,0
268,1197,0
292,1456,0
322,659,0
488,875,0
297,684,0
234,559,0
120,654,0
426,731,0
432,1355,0
480,750,0
410,1110,0
36,1150,0
143,589,0
31,1041,0
310,662,0
219,978,0
99,1152,0
285,1290,1
130,962,0
454,1067,0
178,813,0
390,532,0
84,719,0
198,1480,0
290,1299,0
4,657,0
392,613,0
127,722,0
465,1354,0
32,1232,0
164,732,0
95,1387,0
117,677,0
374,821,0
315,1335,0
355,1422,0
257,509,0
483,888,0
16,779,0
349,831,0
354,1201,0
487,513,0
305,1434,0
201,1091,0
150,1018,0
48,1479,0
359,545,0
9,1362,0
39,1260,0
234,1359,0
67,850,0
375,1424,0
410,1477,0
253,1226,0
51,604,0
244,616,0
86,562,0
131,1029,0
488,885,0
479,1123,0
15,964,0
28,518,0
92,1247,0
77,617,0
220,1232,0
489,791,0
34,738,0
145,973,0
153,1340,0
394,1253,0
426,1301,0
211,1030,0
122,1044,0
393,653,0
235,823,0
50,1421,0
424,675,0
325,732,0
240,1171,0
12,1408,0
37,1325,0
1,1402,0
167,1304,0
432,1421,0
307,1218,0
286,889,0
175,650,0
387,685,0
89,1048,0
213,1031,1
442,1253,0
473,588,1
57,1166,0
305,874,0
251,1234,0
9,973,0
464,539,0
480,882,0
460,835,0
28,726,0
95,1066,0
477,531,0
450,1268,0
465,679,0
376,1483,0
413,757,0
255,804,0
153,503,0
430,741,0
353,698,0
329,707,0
226,1099,0
305,1460,0
262,1446,0
49,796,1
334,707,0
182,1079,0
357,1391,0
487,829,0
497,1339,1
493,908,0
391,594,0
52,1007,0
37,1044,0
65,1202,0
101,923,0
366,1285,1
89,1091,0
287,865,1
489,1145,0
498,1164,0
173,1446,0
108,1119,0
251,516,0
286,1404,0
200,1098,0
327,1385,0
118,1069,0
151,1141,0
128,1347,0
103,1372,0
61,1460,0
152,1353,0
253,1008,0
258,1354,0
96,1347,0
5,1382,1
352,958,0
222,544,0
239,701,0
90,1406,0
433,605,0
394,803,1
404,516,0
359,1246,0
327,640,0
203,1479,0
323,1199,0
432,934,0
268,902,0
354,894,0
392,1161,0
68,860,0
491,576,0
78,867,0
144,832,0
197,653,0
367,928,0
226,1225,0
433,700,0
387,503,0
40,1122,0
326,1121,0
314,803,0
142,599,0
30,1374,0
35,1234,0
427,1263,1
269,533,0
394,1048,0
6,892,0
482,1209,0
449,767,0
423,1128,0
294,663,0
53,1238,0
306,1373,1
106,1232,0
141,1008,0
331,953,0
378,920,0
255,1335,0
240,1124,0
355,722,1
387,1426,0
94,776,0
163,1004,0
301,1141,0
244,657,0
221,882,0
197,888,1
244,1450,0
209,617,0
285,1055,0
424,712,0
339,1352,0
483,1165,0
258,513,0
41,765,0
266,1434,0
487,1426,0
0,1410,0
16,610,0
84,934,0
92,888,0
80,879,0
274,910,0
103,1352,0
485,641,0
355,1263,0
38,921,0
419,618,0
15,1349,0
297,881,0
136,906,0
416,734,0
391,1286,0
314,1431,1
204,939,0
333,516,0
489,773,0
237,888,0
142,1072,0
337,1010,0
338,1188,0
230,1154,0
28,1077,0
374,1284,0
205,791,0
231,821,1
60,1413,0
419,909,0
101,856,0
185,1126,0
217,1044,0
189,682,0
373,1406,0
384,508,0
34,1344,0
432,770,0
17,618,0
468,1348,0
356,853,0
296,575,1
366,687,0
269,530,0
186,1028,0
193,719,0
486,1100,0
329,684,0
265,510,0
164,1155,0
366,705,0
302,875,0
85,908,0
450,632,0
333,1466,0
267,922,0
273,1247,0
28,1230,0
439,1139,0
308,955,0
336,1137,0
105,1163,0
277,1135,0
16,1036,0
150,764,0
280,1311,0
363,891,0
358,821,0
198,694,0
184,864,0
52,1451,0
345,1342,0
148,1248,0
31,569,0
217,1276,0
386,722,0
447,729,0
178,684,0
167,739,1
42,1126,0
75,1051,0
171,1112,0
486,890,0
312,773,0
173,837,0
113,995,0
343,802,0
355,1001,0
161,1255,0
430,660,0
176,925,0
227,1366,0
184,1191,0
493,515,0
333,588,0
38,782,0
53,872,0
23,1126,0
481,1487,0
369,932,0
153,1109,0
164,1097,0
160,1354,0
282,1411,0
11,1171,0
413,1378,0
172,1206,0
246,743,0
149,764,0
440,1318,0
215,705,1
16,849,0
19,1164,0
208,512,0
499,1432,0
46,987,0
105,571,0
313,1481,0
417,537,1
40,1091,0
270,1118,0
357,1244,0
356,941,0
26,863,0
43,1027,0
230,1437,0
438,532,0
349,1463,0
370,805,0
459,1413,0
328,1457,0
330,1188,0
79,906,0
309,1422,1
412,1419,0
27,1147,0
441,880,0
200,1091,0
122,742,0
262,977,0
499,765,0
34,716,0
359,948,0
451,1119,0
484,623,0
398,1243,1
493,573,0
185,971,0
282,1446,1
318,1106,0
116,1433,0
239,1263,0
120,1157,0
332,634,0
303,1306,0
149,1217,0
210,1272,0
150,547,0
52,1178,0
149,1456,0
238,807,0
115,1334,0
471,729,0
2,564,0
265,1073,0
382,1127,0
259,1479,0
98,797,0
431,1358,0
462,818,0
439,784,0
285,869,0
345,892,0
475,1007,0
173,1249,0
14,973,0
34,838,0
287,608,0
306,1413,0
189,509,0
369,512,0
248,816,0
130,823,0
53,728,0
158,1296,0
32,891,0
36,1469,0
418,963,0
495,964,0
115,1411,0
132,1279,0
333,573,0
447,1358,0
348,1283,0
355,1482,0
267,1474,0
111,549,0
20,617,0
122,1187,0
108,1085,0
103,1285,0
290,1332,0
190,689,0
163,1134,0
312,1420,0
164,647,0
107,865,0
430,957,0
6,751,0
281,1097,0
69,551,0
453,556,0
341,1453,0
305,764,0
198,840,0
226,736,0
123,1207,0
99,901,0
446,784,0
176,1455,0
145,1078,0
372,791,0
78,1267,0
32,863,0
216,1352,0
381,748,0
418,1423,0
270,945,1
380,1213,0
199,1238,0
466,1323,0
7,1247,0
19,1237,0
426,709,0
399,1173,0
392,1037,0
450,1241,0
128,823,0
305,1289,0
136,842,0
183,1167,0
213,985,0
227,1390,0
359,1322,0
295,1083,0
467,633,0
59,917,0
278,714,0
423,1066,0
306,1319,0
247,527,0
45,642,1
161,1441,0
467,1288,0
393,781,0
73,1140,0
39,799,0
241,592,0
435,643,0
245,573,0
145,907,0
196,1106,0
257,723,1
460,1215,1
468,759,0
364,1176,0
496,546,0
494,518,0
399,1355,0
267,1182,0
250,514,0
124,1430,0
203,544,0
264,678,0
290,1090,1
352,591,0
486,1363,0
266,1210,0
313,1260,0
156,884,0
417,1365,0
401,1468,0
94,543,0
213,637,0
7,541,0
282,894,0
378,609,0
25,1291,0
235,1297,0
48,670,0
293,1233,1
279,1383,0
168,903,0
95,1002,0
264,931,0
274,711,0
159,1398,0
439,829,0
204,575,0
55,551,0
204,1188,0
347,1441,0
449,856,0
208,1099,0
388,1465,0
103,1031,1
39,1395,0
119,1385,0
225,1147,0
188,1257,0
279,602,0
182,1418,0
147,1355,1
231,1278,0
240,1462,0
292,668,0
245,1099,0
370,683,0
13,637,1
316,1171,0
231,1449,0
425,842,0
172,704,0
148,1429,0
419,1172,0
324,1142,0
300,687,0
333,1203,0
99,903,0
100,1145,0
231,600,0
290,1476,0
289,1014,0
3,1315,0
461,923,0
297,1367,0
449,847,0
306,940,0
96,885,0
256,877,0
429,549,0
496,873,0
24,1473,0
54,921,0
382,590,0
5,564,0
23,849,0
170,1389,0
81,608,0
85,1135,0
99,843,0
148,725,0
425,1462,0
197,824,0
395,889,0
302,1313,0
331,1341,0
197,1092,0
334,1192,0
322,1121,0
314,677,0
443,1477,0
450,1341,0
120,816,0
249,1307,0
332,595,0
411,1028,0
51,1064,0
325,683,1
462,1366,0
398,1149,0
493,1340,0
220,511,0
91,640,0
225,549,0
192,1308,0
302,641,0
140,1078,0
230,1208,0
371,802,1
306,1042,0
399,864,0
190,645,0
322,761,0
224,1274,0
361,1130,0
490,1170,0
90,728,0
131,1139,0
216,1214,0
304,583,0
200,831,0
397,1004,0
120,815,0
465,603,0
109,1097,0
433,618,0
422,986,0
252,557,0
112,516,0
418,1427,0
305,1357,0
210,523,0
72,1330,0
262,1170,0
381,691,0
331,1156,0
232,1360,0
246,923,0
437,765,0
456,1299,0
75,1256,0
230,1465,0
144,613,0
259,656,0
246,969,0
422,1142,0
260,1162,0
484,611,0
251,1469,0
369,1326,0
401,573,1
273,908,0
364,1481,0
432,1026,0
31,1016,0
462,1368,0
475,1249,0
425,872,0
195,1101,1
248,574,0
233,1170,0
267,1042,0
365,1460,0
42,1224,0
318,1071,0
254,958,0
62,853,0
386,967,0
49,1120,0
316,796,0
53,1221,0
401,1203,0
371,540,0
220,659,0
38,976,0
237,855,0
273,968,1
108,1245,0
223,1116,0
278,1021,0
332,577,0
448,1178,1
177,1076,0
175,531,0
200,1270,0
85,1379,0
428,1140,0
406,554,0
54,1093,0
155,836,0
379,1143,0
115,1176,0
335,684,0
198,1383,0
90,1243,0
373,916,0
242,1024,0
329,1208,0
187,654,0
83,770,0
155,912,0
266,1023,0
242,1097,0
226,1261,0
391,893,0
370,934,0
247,840,0
26,1155,1
312,1413,0
12,1127,0
84,968,0
392,1377,0
250,1442,0
295,972,0
318,887,0
83,872,0
246,954,0
61,1345,0
11,806,0
241,963,0
437,1418,0
60,970,0
40,1206,0
494,1483,0
172,1253,0
457,737,0
248,1111,0
417,1477,0
486,1349,0
356,531,0
10,1096,0
406,598,0
215,1239,0
437,1278,0
461,607,0
47,1040,0
110,1190,0
199,1368,1
266,1156,0
1,1136,0
69,1004,0
76,1133,0
403,830,0
34,1130,0
2,1286,0
440,625,0
74,1251,0
408,854,0
279,1340,1
469,1468,0
266,1008,0
242,1006,0
132,1030,0
43,941,0
138,1006,0
461,675,0
124,1405,0
253,510,0
290,1188,0
392,1189,0
225,1363,0
244,781,0
187,1484,0
341,1107,0
69,732,0
36,549,0
216,702,0
16,545,0
48,525,0
34,508,0
475,1109,0
230,1067,0
258,1002,0
307,1404,0
214,908,0
452,745,0
346,1049,0
274,540,0
232,1376,1
364,1221,1
302,948,0
122,1083,0
148,1325,0
345,1229,0
398,1429,0
201,1097,0
31,744,0
298,564,0
233,1058,0
61,1393,0
273,690,0
79,1218,1
175,1050,0
170,866,0
384,1482,0
157,1354,0
46,1029,0
178,1246,0
152,510,0
86,823,0
292,792,0
116,801,0
350,559,0
250,1325,0
486,799,1
261,730,0
15,530,1
238,1370,0
92,601,0
165,738,0
208,1370,0
170,1053,0
19,845,0
339,1330,0
329,884,0
137,1288,0
295,919,0
229,752,0
224,1400,0
362,846,0
313,899,0
456,1293,0
145,1189,0
264,1169,0
252,728,0
136,1198,0
14,995,0
332,1095,0
120,1115,0
57,1118,0
296,527,0
338,632,0
430,1034,0
133,1114,0
21,628,0
345,1041,0
178,1437,0
434,812,0
16,1170,0
292,670,0
104,648,0
30,768,0
472,880,1
105,1385,0
226,954,0
341,1066,0
281,668,1
447,1100,0
277,702,1
227,1066,0
194,1485,0
150,555,0
135,1473,0
380,1265,0
167,1461,0
89,925,0
127,660,0
9,594,0
483,812,0
131,1273,0
416,910,0
238,651,0
220,569,0
366,1404,0
408,1138,1
438,1257,0
110,1156,0
445,1455,0
299,866,1
329,1351,0
262,830,0
50,979,0
338,1318,0
230,772,0
303,957,0
48,546,0
229,660,0
251,527,0
422,830,0
246,1186,0
383,1415,0
483,724,0
480,851,0
135,1488,0
55,1248,0
143,799,0
328,1103,0
213,639,0
237,708,0
369,541,0
379,1155,0
206,1352,0
39,966,0
140,803,0
394,756,0
411,1107,0
139,1105,0
179,844,0
489,869,0
1,889,0
327,552,0
38,1239,0
301,1280,0
200,705,0
57,862,0
214,1215,0
245,529,0
416,893,0
96,1116,0
484,1448,0
487,737,0
419,1377,0
87,1458,0
150,1413,0
352,1310,1
186,1372,0
135,1484,0
38,1023,0
50,586,0
414,1405,0
224,1451,0
156,1278,0
283,935,0
7,1424,0
434,1163,0
494,1089,0
186,519,0
105,1270,0
325,897,0
85,1372,0
202,1435,0
490,916,0
129,977,0
344,1147,0
228,631,0
46,508,0
450,1274,0
233,1314,0
16,1086,0
394,1262,0
370,1039,0
140,1239,0
28,825,1
98,1218,0
174,1476,0
475,1335,1
24,661,0
122,673,0
31,1102,0
403,594,0
383,1114,0
201,1239,0
388,1428,0
344,507,0
267,605,0
464,863,0
135,1086,0
436,950,0
443,806,0
230,705,0
443,1081,0
2,1439,0
35,837,0
129,1154,0
488,843,0
307,1028,1
98,1392,0
450,647,0
134,842,0
360,1275,0
248,643,0
293,1156,0
325,570,0
341,1274,1
479,712,0
131,1423,0
366,1083,0
448,1113,0
402,1105,0
195,618,0
131,1055,0
452,780,0
244,1257,0
10,883,1
38,605,0
425,1474,0
217,1181,0
204,846,0
5,1154,0
173,545,0
460,1348,1
199,806,0
389,699,1
319,535,0
53,954,0
23,520,0
269,747,0
413,1272,0
253,827,0
89,1008,1
196,946,0
207,1470,0
469,513,0
328,1125,0
191,1145,1
0,1482,0
445,1193,0
96,1033,0
152,1414,0
340,907,0
191,805,0
290,815,0
470,710,0
351,613,0
221,1193,0
77,503,0
405,1308,0
45,1328,0
451,1367,0
494,546,0
430,1157,0
55,556,0
284,1306,0
231,1044,0
327,1404,0
442,945,1
243,957,0
164,1458,0
65,858,0
48,1323,0
476,1424,0
142,1362,0
401,895,0
375,913,0
277,716,0
281,786,0
278,1041,0
287,538,0
179,812,0
367,1308,0
407,810,0
434,1453,0
185,519,0
197,1167,0
137,646,0
214,590,0
445,778,0
418,1046,0
207,1487,0
149,832,0
388,771,0
152,587,0
482,970,0
422,1385,0
90,1299,0
397,995,0
286,651,0
292,846,0
389,533,0
248,557,0
104,710,0
377,1073,0
178,963,0
374,1020,0
484,1375,0
312,996,0
179,1410,0
60,1062,0
410,742,0
9,1193,1
470,1170,0
304,725,0
398,1068,0
16,714,0
395,1074,0
315,1452,0
317,607,0
191,1306,0
292,597,0
306,1255,0
113,960,0
326,842,0
229,895,0
385,820,0
16,1342,1
312,1081,0
455,1385,0
57,1005,0
31,1104,0
93,1338,0
423,1299,0
498,987,0
432,1004,0
494,1414,0
375,654,0
20,1097,0
393,1032,0
255,719,1
219,1407,1
188,1183,0
328,1210,0
478,1261,1
231,842,0
202,822,0
351,1362,0
368,752,0
101,633,0
480,1225,0
182,1212,0
247,1148,0
0,980,0
256,1093,0
446,1234,0
109,501,0
199,1487,0
459,655,0
29,1153,0
243,727,0
43,1037,0
284,600,0
50,915,0
14,935,0
48,1373,0
240,511,0
44,800,0
213,1397,0
237,1038,1
196,508,0
133,889,0
409,1178,0
349,683,0
393,1226,1
16,1057,0
354,580,0
100,1318,0
294,1371,1
395,1152,0
437,825,0
408,739,0
367,1074,0
478,1473,0
54,1423,1
104,942,0
394,566,0
304,1179,0
98,552,1
310,647,0
360,1221,1
386,615,0
247,1174,0
379,999,0
98,513,0
310,794,0
406,1366,0
124,1136,0
50,1446,1
448,829,0
105,607,0
90,1190,0
382,1295,0
188,753,0
151,933,0
180,1188,0
199,828,0
114,988,0
394,876,0
340,1214,0
175,1083,0
486,1237,0
78,562,0
192,858,0
309,609,0
132,637,0
45,1393,0
47,1133,0
35,900,0
44,680,0
244,935,0
285,982,0
135,1125,0
61,1295,0
372,700,0
78,745,0
486,612,0
82,673,0
53,1465,0
172,1138,0
382,1376,0
451,1003,0
223,719,0
184,835,0
175,1216,0
176,1263,0
380,1002,0
186,853,0
360,861,0
20,519,0
131,782,0
470,1231,0
482,937,0
393,1068,0
468,1127,0
284,858,0
379,592,0
91,571,0
210,1223,0
285,842,0
251,937,0
486,539,0
305,1306,0
404,1282,0
289,1336,0
235,972,0
38,1098,0
423,684,0
397,654,0
141,771,0
254,1027,0
91,1055,0
23,785,0
299,801,0
217,1267,0
170,764,0
431,605,0
455,829,0
21,1290,0
235,1384,0
284,1132,0
237,1396,0
418,686,0
243,1375,0
344,681,1
98,686,0
244,1305,0
208,667,0
114,613,0
299,1051,0
238,1325,0
355,853,0
274,945,0
221,679,0
63,652,0
174,522,0
458,635,0
435,1039,0
263,1031,0
128,1312,0
58,513,0
432,537,0
214,1096,0
460,792,0
278,1471,0
333,1316,0
13,1460,0
143,508,0
314,663,0
412,1298,1
167,1404,1
154,1087,0
116,1346,0
400,1268,0
102,915,0
234,1212,0
290,1184,0
13,927,0
44,1009,0
133,1112,1
382,895,0
219,1478,0
387,919,0
42,920,0
265,1247,0
72,1138,0
370,762,0
375,1270,0
446,742,0
294,819,0
137,1432,0
213,661,0
50,914,0
315,1431,0
72,959,0
13,1184,0
350,568,0
269,737,0
359,1127,0
86,768,1
329,1460,0
90,736,0
464,1258,0
112,682,0
162,553,0
87,958,0
14,578,1
233,616,0
445,1328,0
15,808,0
418,1431,0
475,604,0
363,553,0
49,540,0
333,1162,0
405,1025,0
487,1212,1
324,1000,0
37,747,0
2,1217,0
321,1110,0
236,822,0
134,1077,0
137,1024,0
354,1087,0
224,659,0
383,852,0
217,1473,0
48,627,0
13,957,0
460,847,0
315,1449,0
132,779,0
261,763,0
94,664,0
488,788,0
304,1360,0
321,1451,0
496,1457,0
344,645,0
348,1006,0
162,636,0
82,950,0
12,600,0
138,1434,0
486,888,0
441,803,0
431,1155,0
248,613,0
15,1093,0
372,987,0
136,508,0
281,798,0
139,1067,0
105,1123,0
101,841,0
135,1458,0
337,1286,0
96,947,0
252,1187,0
2,1351,0
115,728,0
254,773,0
378,1068,0
203,1427,0
294,1176,0
314,948,0
55,630,0
73,1452,0
34,1160,0
430,552,0
126,1362,0
392,842,0
166,1118,0
54,909,0
277,665,0
419,985,0
70,928,1
358,933,0
154,791,0
98,787,0
92,948,1
163,1235,0
104,829,0
497,1142,0
271,864,0
87,814,0
5,794,0
147,1304,0
280,1210,0
50,941,0
311,1087,0
137,941,0
222,1112,0
448,706,0
345,626,0
61,1093,0
22,1414,0
493,1269,0
406,901,0
38,875,0
68,1002,0
237,1418,0
256,1402,1
7,1304,0
270,559,0
396,1156,0
132,507,1
360,1273,0
397,1464,0
364,1223,0
202,1246,0
64,746,0
258,850,0
86,1318,0
392,670,0
230,1139,0
183,1454,0
266,598,0
119,1413,0
66,884,0
232,839,0
443,879,0
183,1133,0
242,1248,0
271,1124,0
173,789,0
303,1059,0
440,780,0
268,867,1
320,1178,0
352,860,0
450,958,0
21,705,0
245,1375,0
93,1149,1
333,751,0
234,755,0
97,1092,0
286,1409,0
60,1089,0
173,1101,0
15,529,0
135,646,0
436,582,0
354,877,0
0,1200,0
196,995,0
181,1158,0
227,759,0
121,1302,0
472,1438,0
77,1440,0
85,1104,0
14,1221,0
288,747,0
235,781,0
8,894,0
206,1242,0
231,710,0
468,1350,0
221,1417,0
345,1337,0
12,686,0
191,1223,1
33,1053,0
132,905,0
266,749,1
32,668,0
39,1100,0
251,1314,0
399,779,0
345,728,0
305,660,0
268,1288,0
435,937,0
19,1394,0
324,960,0
391,1476,0
47,1211,0
229,820,0
119,546,0
121,997,0
372,1184,0
123,1220,0
61,558,0
128,1077,0
103,998,0
331,525,0
188,1350,0
159,826,0
348,697,0
41,1075,0
199,1400,0
135,1337,0
299,1474,0
170,1375,0
62,1034,0
307,577,0
374,944,0
311,1227,0
401,663,0
365,671,1
475,1209,0
470,1144,0
90,960,0
299,1385,0
471,683,0
135,623,0
113,849,0
256,1248,0
368,814,0
84,859,0
385,1360,0
483,1087,0
405,1387,0
11,515,0
486,908,0
157,1158,0
471,693,0
262,1208,0
462,659,0
465,1345,0
81,688,0
406,1288,0
261,997,1
165,1259,0
326,1403,0
425,546,0
250,805,0
216,651,0
223,753,0
231,1005,0
339,1408,0
212,831,0
39,1419,0
344,760,0
70,916,0
138,694,0
315,1433,0
373,1019,0
389,504,0
358,906,0
229,1390,0
385,921,0
50,1460,0
66,1159,0
214,772,0
435,848,0
443,1048,0
231,1416,0
178,1135,0
3,1038,1
86,861,0
360,1013,1
302,1479,0
470,1343,0
383,917,0
192,1017,0
364,948,0
129,728,0
405,604,0
39,1101,0
143,1264,0
433,1344,0
8,658,0
307,652,0
394,517,0
153,1219,0
58,704,0
285,604,0
497,1218,0
326,569,0
243,1081,0
88,642,0
130,1464,0
445,595,0
272,731,0
268,610,0
223,568,0
167,1228,0
422,1324,0
71,667,0
83,1060,0
355,816,0
193,1368,0
220,1086,0
387,864,0
186,1082,0
221,932,1
113,1184,0
297,1077,0
477,840,0
8,1148,0
192,1246,0
447,634,0
296,562,0
120,1120,0
184,939,0
152,1126,1
210,1032,0
297,568,0
135,935,1
270,751,0
23,919,0
356,1341,0
320,1102,0
252,1167,0
453,888,0
172,1467,0
257,969,0
172,1136,0
274,657,0
186,1394,0
166,1038,0
401,1301,0
43,1428,0
130,675,1
465,541,1
382,1149,0
247,1297,0
308,601,0
188,723,0
75,1082,0
98,1175,0
310,1097,0
195,808,0
245,1128,0
144,1004,0
499,1484,0
337,523,0
323,980,0
291,915,0
51,570,0
492,1150,0
340,1096,0
484,1286,0
286,862,0
435,637,0
211,595,0
353,1431,0
16,1070,0
94,1233,0
389,953,0
139,507,0
103,807,0
463,1222,0
247,981,0
74,777,0
478,1422,0
275,574,0
321,669,0
264,1173,0
32,1402,0
269,1108,0
22,1023,0
75,600,0
51,857,0
114,539,0
263,856,0
202,1313,0
372,1165,0
59,667,0
0,934,1
374,660,0
74,832,0
219,571,0
405,729,0
24,1345,0
86,981,0
416,668,0
37,1395,0
2,866,1
254,1269,0
360,1114,0
40,1242,0
58,1326,0
35,1466,0
423,1276,0
55,959,0
102,604,0
277,1413,0
168,535,0
153,1468,0
314,1271,0
421,533,0
215,534,0
206,1131,0
435,1327,0
410,1193,0
215,1046,0
73,910,0
104,913,0
156,674,1
97,619,0
62,1442,0
151,757,0
118,1053,0
464,542,0
115,571,0
234,731,0
180,707,0
333,584,0
410,1443,0
423,1454,0
476,790,0
123,1428,1
248,844,0
84,1436,0
273,1422,1
455,1227,0
496,567,0
320,1214,0
252,1352,0
7,601,0
224,882,0
412,1085,0
97,1230,0
264,513,0
226,1486,0
315,1161,0
308,1057,0
496,1356,0
32,1084,0
365,656,0
458,676,0
298,914,0
50,677,0
14,1418,0
264,1362,0
105,1458,0
122,899,0
199,638,0
143,996,0
83,1415,0
26,1208,0
279,578,0
50,603,0
376,560,0
486,522,0
121,717,0
45,726,0
63,546,0
298,768,0
415,927,0
401,1136,0
32,1045,0
364,1222,0
247,1112,1
3,659,0
374,981,0
379,896,0
84,1153,0
294,1000,0
381,700,0
338,802,0
216,993,0
225,898,0
131,635,0
331,1052,0
225,966,1
338,1214,0
182,813,0
485,511,0
95,686,0
318,1483,0
56,643,0
234,758,0
122,727,0
75,1470,0
398,868,0
267,1203,1
332,700,0
163,1380,0
107,1097,0
358,1237,0
54,1474,0
88,967,0
46,1337,0
90,1041,0
411,605,0
121,503,0
441,917,0
173,1124,0
497,592,0
115,617,0
181,1003,0
318,1093,0
13,784,0
8,1332,0
483,776,0
299,550,0
127,1038,0
298,783,0
191,986,0
256,503,0
362,716,0
23,1071,0
20,825,0
190,1205,0
372,1281,0
288,664,1
384,746,0
255,1203,0
249,1145,0
191,851,0
471,1098,0
391,1235,0
52,578,0
494,1096,0
428,683,0
409,1177,0
93,1041,0
40,1223,0
188,921,0
368,866,0
404,1398,0
10,1288,0
45,1475,0
453,942,0
138,512,0
217,820,0
314,1449,0
365,648,0
323,667,0
428,847,1
239,791,0
114,1407,0
431,1327,0
352,1081,0
225,847,0
328,1356,0
289,1270,1
276,945,0
437,926,0
307,1054,0
94,1086,0
224,722,0
55,1240,0
156,653,1
105,1170,0
438,1081,0
123,981,0
264,745,0
51,914,1
353,799,0
352,1100,0
457,1317,0
399,1128,0
35,1220,1
379,1090,1
302,1218,0
416,875,0
22,744,0
105,1117,0
493,1154,0
463,1012,0
150,1048,0
278,509,0
382,1179,0
29,1478,1
157,1395,0
354,1266,0
416,1050,0
65,985,0
292,930,0
426,1307,0
259,1116,0
236,738,0
440,1105,0
83,1121,0
276,1000,0
239,885,0
351,1228,0
50,1272,0
406,1038,0
118,692,0
458,528,0
186,955,0
381,1168,0
328,527,0
328,970,0
8,889,0
193,1379,0
254,513,0
21,748,0
302,1235,0
29,1414,1
343,1330,0
240,1363,0
111,1381,0
184,510,0
248,524,0
13,802,0
301,755,0
141,1340,0
348,1074,1
438,854,0
353,861,0
451,821,0
204,719,1
446,651,1
44,1194,0
192,1148,0
83,793,0
334,996,0
87,1444,0
139,1274,0
39,1303,0
13,1287,0
240,1479,0
342,832,0
180,914,0
297,1025,0
297,1260,0
311,1137,0
493,1399,0
272,1077,0
475,574,0
232,1315,0
359,664,0
223,1358,0
319,699,0
193,1412,0
165,1302,0
54,1475,0
324,699,0
233,1161,1
434,1294,0
174,1454,1
45,1311,0
22,1336,0
219,1420,0
441,576,0
286,1445,0
51,591,0
417,821,0
310,1157,0
498,1060,0
149,702,0
417,1193,0
349,520,0
46,1113,0
80,637,1
481,1442,0
253,876,0
415,874,1
248,684,0
77,1313,0
265,962,0
369,1385,0
439,1356,0
399,1034,0
219,909,0
263,941,0
159,1275,0
233,743,0
97,1284,0
376,540,0
482,696,0
235,1212,0
112,820,0
269,520,0
404,1182,0
283,828,0
233,1220,0
9,1171,0
148,514,0
408,1090,0
26,678,0
254,779,0
422,723,0
106,1052,0
45,1424,1
209,1190,0
380,636,0
83,1091,0
484,1103,0
180,516,1
34,567,0
30,560,0
49,695,0
91,1362,0
56,1074,0
215,1449,1
338,695,0
134,1342,0
95,960,0
263,1487,1
153,781,1
34,656,0
328,736,0
10,590,0
40,614,1
241,1227,0
284,1303,0
34,764,0
115,1159,0
257,1362,0
104,1384,0
386,1341,0
412,1435,0
273,953,0
404,980,0
280,813,0
141,1084,0
4,979,0
49,1092,0
294,593,0
251,624,0
87,1336,0
39,632,0
184,741,0
55,522,0
471,700,0
342,1229,0
31,672,0
74,736,0
425,1174,1
6,1010,0
417,847,0
443,1333,0
91,629,0
193,769,0
64,961,0
242,599,0
373,763,0
408,1019,0
443,577,0
270,811,0
168,567,0
400,1347,0
190,970,0
182,1390,0
374,1000,0
480,934,0
317,531,0
211,815,0
59,1019,0
488,1389,0
492,950,0
347,1121,0
116,795,0
99,1278,0
28,1238,0
261,623,0
256,804,1
231,804,0
156,866,0
22,737,0
8,640,0
298,976,1
125,822,0
367,864,0
395,1233,0
75,1013,0
213,524,0
423,775,0
307,587,0
85,557,0
14,614,0
69,962,0
492,959,0
81,1230,0
168,1193,0
174,1083,0
497,646,0
262,1351,0
320,1430,0
193,930,0
282,1460,1
214,631,0
498,915,0
328,930,1
247,1460,0
53,1472,0
233,1386,0
106,1166,0
178,639,0
434,943,0
455,1448,0
78,1107,0
416,613,0
359,1459,0
424,1377,0
77,1097,0
119,929,0
440,1377,0
127,748,0
236,641,0
19,1391,0
326,746,0
353,851,0
212,777,0
152,1138,0
137,504,1
74,731,0
436,1441,0
332,890,0
260,1084,0
430,772,0
416,1133,0
28,699,0
125,1091,0
7,1297,0
144,678,0
444,985,0
359,1362,0
46,785,0
196,626,0
169,517,0
263,678,0
243,566,0
340,1430,0
22,1154,0
401,524,0
97,1067,0
323,848,0
66,1182,0
333,575,0
56,595,0
404,1408,0
309,689,0
249,1043,0
67,706,0
445,1347,0
438,653,0
2,684,0
441,750,0
334,813,0
166,1066,0
485,1328,0
455,1311,0
411,577,0
312,693,0
241,632,0
339,1470,0
96,1028,0
125,628,0
334,1388,0
445,836,0
116,1380,0
65,1141,0
263,1369,0
4,742,0
69,1042,0
136,1331,0
332,503,0
58,754,0
315,1338,0
72,857,0
256,1308,0
431,1129,0
0,1388,0
140,542,0
191,1374,0
139,926,0
243,758,0
222,1051,0
379,1466,0
320,1175,0
99,763,0
98,1196,0
231,1124,0
106,1283,0
211,907,0
401,1131,0
262,789,0
82,1123,0
335,1154,0
388,944,0
412,1277,0
403,912,0
212,1472,0
463,678,1
27,1187,0
431,550,0
329,1023,0
65,1221,0
168,719,0
55,1010,0
82,1227,1
102,1232,0
345,891,0
278,1234,0
159,898,0
283,840,0
423,1223,0
353,693,1
233,1444,0
160,581,0
486,1127,0
121,946,0
349,1163,0
329,729,0
136,502,0
470,950,0
373,1212,0
102,1234,0
414,741,0
159,630,0
492,906,0
156,1444,0
385,1089,0
408,573,0
487,557,0
286,1423,0
224,893,0
219,1088,0
321,990,0
90,1378,0
443,570,1
324,1233,0
26,1210,1
318,1470,0
436,956,0
163,1188,0
358,1115,0
259,1243,0
307,1411,0
467,1179,0
382,1360,0
31,742,0
84,1151,0
61,1316,0
34,708,0
373,1210,0
127,1072,0
276,523,0
149,834,0
59,1429,0
133,575,0
96,1189,1
481,1058,0
399,787,0
435,536,0
124,1441,0
51,1068,0
254,1456,0
240,576,0
167,1259,0
57,578,0
249,1182,0
165,836,0
463,1188,0
83,876,0
453,1092,1
27,1207,0
18,1315,0
400,1355,0
373,1111,0
207,633,0
363,878,0
49,590,0
378,991,0
104,882,0
451,1209,0
224,1440,0
336,1053,0
454,898,0
138,1127,0
137,1446,0
351,522,0
378,1112,0
363,1219,0
134,986,0
26,927,1
340,1037,0
448,998,0
77,575,0
219,1054,0
394,758,0
435,854,0
50,1103,0
126,1114,0
167,1171,0
327,1006,0
64,1395,0
246,1469,0
184,1242,0
370,1394,0
291,908,0
329,1036,0
151,1485,0
160,1176,0
385,780,0
480,942,1
137,1140,0
434,814,0
459,754,0
294,1256,0
224,644,0
22,1016,0
315,1005,0
497,1302,0
345,734,0
452,695,0
192,1325,0
40,537,0
207,1478,0
1,1463,1
347,1182,0
222,1008,0
61,1368,0
457,644,0
130,688,0
460,584,0
257,763,0
430,1298,0
316,1210,0
77,988,0
176,1116,0
227,1283,0
420,1250,1
310,964,0
238,606,0
321,712,0
400,1297,0
326,1423,0
326,1349,0
356,723,0
240,1402,1
420,1057,0
367,734,0
333,1096,0
167,599,0
315,1301,0
220,1044,0
100,1365,0
17,650,0
420,613,0
294,901,0
182,679,0
24,782,0
178,1380,1
140,912,0
294,1270,0
32,1023,0
478,563,0
447,1357,0
138,1413,0
201,661,0
9,994,0
119,1035,0
325,1221,0
85,1354,0
18,1236,0
174,1435,0
82,572,0
325,990,0
378,1306,0
107,1300,0
375,567,0
135,804,0
156,1489,0
256,920,0
385,910,0
350,1083,0
29,1261,0
182,1003,0
422,1002,0
51,949,0
21,1234,0
348,913,0
27,1072,0
12,1268,0
450,1440,0
265,1362,0
360,1315,0
118,523,0
394,1035,0
79,846,0
53,743,0
322,767,0
157,636,0
59,845,0
390,1171,0
304,906,0
94,1310,1
90,977,0
164,1331,0
455,567,0
460,1134,0
485,1315,0
282,727,0
41,1261,1
475,1014,0
63,912,1
25,1401,0
459,509,0
442,662,0
116,947,0
348,1382,0
168,1200,0
44,1383,0
440,599,0
148,1197,0
129,714,0
163,1211,0
72,1132,0
127,703,0
240,1370,0
186,1418,0
320,851,1
400,1222,0
470,1420,0
349,794,0
450,1108,0
335,557,0
434,1277,0
409,652,1
457,735,0
194,959,0
168,1336,0
235,929,0
451,1009,1
185,1179,0
198,1244,0
72,1320,0
359,1385,0
459,837,0
374,1226,0
191,1232,1
240,1297,1
381,872,0
227,963,0
38,1306,0
193,736,0
197,721,0
498,694,0
135,1350,0
80,1138,0
184,750,1
199,1341,0
199,905,0
352,1068,0
246,737,0
147,523,0
53,517,1
466,1304,0
410,844,0
207,934,0
218,817,0
143,1300,0
245,959,0
60,943,0
5,566,0
203,1232,0
240,1343,0
329,903,0
121,511,0
194,1193,0
479,556,0
12,773,1
48,1038,0
318,527,0
150,1348,0
414,1019,1
450,1180,0
411,1123,0
407,506,0
198,1128,0
338,932,0
192,884,0
102,933,0
268,929,0
17,797,0
475,1106,0
36,616,0
236,690,0
472,1109,0
216,552,0
258,1218,0
263,621,0
277,1369,0
382,1402,0
293,738,0
111,1197,0
384,1164,0
244,665,0
186,1173,0
173,1200,0
110,1195,0
337,585,0
239,833,0
351,636,0
77,703,0
180,1020,0
4,1146,0
361,1269,0
20,1169,0
284,532,0
135,527,0
482,1262,0
151,571,0
134,606,0
164,1136,0
387,836,1
354,1333,0
59,693,0
48,603,0
213,1002,0
119,655,0
2,1345,0
66,518,0
268,1294,0
471,1369,0
492,1389,1
453,567,0
0,1307,0
399,531,0
8,1164,0
490,1269,0
137,1274,0
103,1192,1
251,1031,0
227,881,0
439,922,0
314,591,0
84,564,0
209,1006,0
246,1052,0
242,848,0
164,598,0
195,1062,0
329,1087,1
192,644,0
103,984,0
411,1082,0
292,644,0
136,1218,0
371,1428,0
273,718,0
316,1162,0
481,1386,0
411,1466,0
40,923,0
337,767,0
48,1224,0
415,1206,0
6,1433,0
217,1368,0
319,644,0
35,737,0
217,1458,1
141,548,0
433,520,0
288,1072,0
249,946,0
375,1013,0
425,1412,0
109,625,0
252,1138,0
336,668,0
326,1026,0
352,612,0
478,956,0
195,1075,1
388,700,0
459,1235,0
166,555,0
177,538,0
328,806,0
160,1150,0
319,669,0
425,1467,0
379,844,0
124,1338,0
309,526,0
11,995,0
40,1164,0
201,1222,0
390,1215,0
190,641,0
172,908,0
424,1214,0
152,1077,0
469,1432,0
98,947,0
421,1159,0
6,810,0
386,1342,0
8,1489,0
24,1422,0
361,1419,0
397,881,0
409,995,0
99,1153,0
368,565,0
31,880,0
348,1166,0
132,602,0
155,1276,0
232,1440,0
238,1439,0
349,657,0
489,1231,0
404,1485,0
205,723,0
351,785,0
373,694,0
366,1137,0
186,516,0
138,983,1
94,811,0
334,644,0
384,928,0
99,614,0
0,1374,0
123,1170,0
101,1084,0
430,1414,0
396,1250,0
9,892,0
428,870,0
204,1272,0
293,1174,0
144,1421,0
24,1418,0
255,1200,0
232,906,0
495,1139,0
176,1156,0
146,1342,0
161,540,1
105,1268,0
491,1193,0
140,1105,0
399,608,0
412,1372,0
492,1248,0
169,729,0
110,1354,0
124,511,0
160,1185,0
452,1371,0
297,841,0
242,1023,0
142,905,0
142,866,0
382,858,0
301,1336,0
211,633,0
458,1284,0
369,891,0
244,592,0
307,1483,1
281,1442,0
94,1210,0
126,938,0
132,760,0
453,1122,0
161,1293,0
312,1122,0
403,865,0
427,1271,0
86,1176,0
81,951,0
345,1005,0
55,869,1
424,902,0
146,915,0
418,653,0
427,551,0
157,1117,0
236,1351,0
321,1162,0
205,1229,0
202,544,0
247,1248,0
145,1478,0
37,1298,1
153,1399,0
29,1152,0
79,1161,0
331,1050,0
178,1011,0
263,1083,0
296,1356,0
0,1421,0
34,797,1
148,1288,0
31,1365,0
229,1432,0
260,1086,0
113,560,0
324,1068,0
35,715,0
261,506,0
421,837,0
26,1256,0
143,811,0
391,876,0
308,957,0
193,619,0
123,1279,0
250,642,0
50,899,0
271,1279,0
311,1478,1
189,763,0
424,891,0
49,1282,0
262,1390,0
486,1366,0
30,927,0
286,701,0
305,840,0
321,880,0
378,941,0
157,1483,0
391,985,0
215,1235,0
306,510,0
277,584,0
110,1007,0
26,1356,0
280,1146,0
229,1124,0
451,1340,0
226,1356,0
318,695,0
144,1215,0
390,943,0
416,957,0
238,1021,0
195,987,0
267,1037,0
16,1159,0
473,968,0
132,999,0
109,669,0
169,609,0
421,786,0
344,1187,0
352,1116,0
11,956,0
133,1212,0
212,1297,0
291,1381,0
271,543,0
295,1164,1
315,713,1
143,542,0
381,1399,0
307,1298,0
460,820,0
364,599,0
435,1021,0
36,913,0
280,871,0
425,597,0
491,739,0
280,1040,0
293,756,0
484,1450,0
175,615,0
330,571,0
410,1287,0
64,1085,0
477,918,0
414,1366,0
153,828,0
293,737,0
335,1479,0
272,1317,0
18,1462,0
63,1178,0
463,1320,0
159,556,0
154,1112,0
98,809,0
68,866,0
54,1398,0
270,746,0
184,580,0
380,1009,1
78,1011,0
278,732,0
167,1434,0
203,612,0
242,1142,0
423,1288,0
351,1455,0
46,1138,0
314,722,0
266,1101,0
129,668,0
84,748,0
484,1132,0
70,834,0
357,1440,0
65,650,0
45,827,0
242,1256,0
485,1238,0
88,1367,0
416,505,0
122,618,0
397,1011,0
298,742,1
90,780,1
304,1027,0
152,1469,0
292,837,0
303,1262,0
292,1453,0
112,1310,0
169,1189,0
333,614,0
371,864,0
96,1154,0
223,1265,0
263,1381,0
354,715,0
164,779,0
194,1263,0
412,876,0
58,651,0
52,908,0
447,553,0
437,1230,0
218,1431,0
103,778,0
317,1245,0
316,1252,0
454,641,0
191,1009,1
11,1449,0
81,554,0
463,1111,0
418,979,0
371,1469,0
219,1442,0
493,759,0
189,910,0
57,909,0
384,985,0
119,544,0
110,726,0
176,635,0
404,1005,0
2,1385,0
133,752,0
96,522,0
392,765,0
32,597,0
196,1306,0
306,912,0
284,1063,0
231,695,0
156,595,0
200,970,0
129,964,0
93,658,0
310,601,0
112,847,0
271,501,1
187,1096,0
1,1270,0
325,1067,0
277,620,0
440,575,0
186,1470,1
420,930,0
266,831,0
358,731,0
60,875,0
309,721,0
239,912,0
355,1024,0
309,835,0
299,665,0
320,1256,0
240,1205,0
186,634,0
199,703,0
7,1270,0
75,911,0
382,925,0
413,1344,0
145,1072,0
98,1009,0
258,1411,0
440,1278,0
342,1460,0
263,1449,0
343,1246,0
389,1430,0
225,1474,0
493,822,1
341,870,0
27,1200,0
227,594,0
451,674,0
494,1306,0
51,799,0
25,1139,0
357,1328,0
283,1279,0
20,1100,0
1,1019,1
133,737,0
321,971,0
359,527,0
248,1242,0
266,1175,0
44,1293,0
369,829,0
461,1434,0
335,909,0
274,1414,0
429,1399,0
284,688,0
255,1249,0
384,1255,0
64,1292,0
499,1380,0
255,1437,0
330,1448,0
331,1302,0
455,1020,0
214,1374,0
123,863,0
88,871,0
202,1400,0
347,971,0
375,922,0
199,611,0
153,1377,0
373,808,0
372,842,0
117,1095,0
126,1262,0
485,1430,0
470,1324,0
482,1230,1
301,833,0
351,693,0
285,739,0
480,1461,1
425,1364,0
67,1083,0
51,1144,0
378,514,0
457,1398,0
182,834,0
391,608,0
293,733,0
188,1168,0
448,776,1
337,1314,0
1,694,0
316,1478,0
495,837,0
439,1470,0
42,1001,0
282,1474,0
216,1377,0
470,1205,0
24,1375,0
423,1404,0
401,1192,0
40,542,0
129,616,0
42,1179,0
117,710,0
367,692,0
351,1404,0
113,951,0
346,906,0
419,1169,0
443,1095,0
472,943,0
265,1283,0
481,577,0
424,889,0
32,909,0
436,1406,0
2,949,0
414,1478,0
439,1158,0
343,948,0
309,1481,0
153,1218,0
357,1303,0
456,652,0
277,1341,0
420,1268,0
186,665,0
73,1097,0
355,850,0
414,1228,0
17,1075,0
207,537,0
70,1006,0
9,798,0
74,994,0
368,1106,0
170,752,0
325,989,0
176,532,0
285,1057,0
105,567,0
484,1137,0
330,786,0
131,820,0
152,1331,0
489,702,0
9,759,0
230,1395,0
219,1439,0
461,825,0
193,1157,0
392,1313,0
270,630,1
350,787,0
414,846,0
90,675,0
385,751,0
192,1058,0
474,1167,0
324,1484,0
249,1190,0
400,1358,0
278,1227,0
246,1097,0
27,969,0
282,1378,0
251,1388,0
421,883,0
192,640,0
237,1319,0
364,1173,0
175,1201,0
36,539,0
459,547,0
444,724,0
21,967,0
50,1250,0
465,714,0
385,958,0
373,1364,1
121,531,0
222,539,0
307,673,0
138,1013,0
169,546,1
108,945,0
234,966,0
206,836,0
152,864,0
0,1343,0
434,863,0
41,1153,1
270,1460,0
111,709,0
334,720,0
278,535,0
325,612,0
179,909,0
70,1210,0
44,1306,0
468,1393,0
127,662,0
44,1112,0
227,1090,0
149,812,0
323,806,0
491,573,0
491,779,0
357,703,0
254,1273,0
185,1154,0
433,1116,0
84,907,0
199,653,0
348,867,0
30,688,0
316,806,0
332,864,0
338,812,0
343,617,0
391,1466,0
0,802,0
269,953,0
153,671,0
401,799,0
334,1396,0
177,1304,0
250,1480,0
440,1208,0
209,922,0
456,1399,0
272,1472,0
282,1403,0
291,1486,0
214,1327,0
84,785,0
373,753,0
364,1360,0
162,1017,0
94,1052,0
13,950,0
313,1476,0
421,576,0
236,694,0
363,1164,0
453,1464,0
163,1366,0
448,671,0
141,1059,0
355,661,0
380,881,0
123,613,0
257,963,0
469,1138,0
467,1488,0
187,853,1
461,1043,0
293,877,0
298,599,0
417,843,0
449,992,0
243,880,0
318,1096,0
357,835,0
76,894,0
128,1251,0
104,823,0
95,1399,0
408,951,0
235,1320,0
179,580,0
129,1387,0
493,695,0
307,1249,0
160,1288,0
350,724,0
135,531,0
465,788,0
169,772,0
143,1032,0
188,1104,0
136,1023,0
209,747,0
275,1187,0
74,672,0
220,614,0
13,1381,0
29,1320,0
312,959,0
10,1469,0
100,690,0
4,1109,0
317,1087,0
137,972,0
143,1385,0
313,979,0
55,1116,0
279,1450,1
371,1318,0
56,1280,0
455,644,1
92,1182,0
279,1452,0
77,1200,0
428,1128,0
201,1445,1
292,991,0
165,712,0
282,713,0
44,768,0
164,1483,0
494,1127,0
298,1184,0
205,856,0
402,1331,0
263,952,0
350,1215,0
67,1300,0
402,828,0
100,541,1
361,1437,0
138,1111,0
30,1131,0
397,1178,0
13,559,0
203,529,0
233,660,0
106,769,0
7,1019,0
207,737,0
149,1067,1
340,764,0
248,876,0
188,1315,0
310,684,0
119,1473,0
107,1479,0
277,1455,0
247,968,0
18,1058,0
6,1012,0
279,953,0
344,672,1
28,1204,0
308,700,1
84,502,0
121,1469,0
304,986,1
63,1345,0
207,762,0
308,1092,0
498,520,0
325,513,0
166,1015,0
107,633,0
138,1202,0
101,1002,0
131,681,0
295,713,0
454,965,0
140,597,0
395,1351,0
14,607,0
236,905,0
92,710,0
84,708,0
349,1134,0
168,1223,0
314,620,0
112,1295,0
125,534,0
67,1153,0
358,915,0
374,1481,0
429,693,0
376,1035,0
44,1147,0
464,883,0
364,730,0
336,804,0
340,1179,0
471,1487,0
130,1247,0
290,1279,0
149,1419,0
15,1483,0
31,1002,0
29,844,0
245,998,0
434,1390,0
142,1409,0
123,702,0
24,1122,0
13,1167,0
389,1269,0
96,1370,0
89,790,0
159,1274,0
320,1123,0
206,552,0
493,1179,0
236,1042,0
4,956,0
305,530,0
110,1243,0
497,677,0
482,591,0
315,652,0
455,1277,0
448,1240,0
68,1134,0
261,740,0
64,1448,0
180,640,0
327,796,0
418,1388,0
459,1443,0
59,1275,0
437,705,0
28,944,0
283,817,1
320,1008,0
470,830,0
237,1024,0
357,1397,0
190,1343,0
238,674,0
404,1097,0
408,757,0
353,580,0
178,847,0
280,996,0
262,1116,1
59,652,1
170,1414,0
117,911,0
40,880,0
250,596,0
5,1043,0
496,1078,0
356,1276,0
419,1134,0
374,676,0
475,1204,0
411,1457,0
180,1198,0
298,1136,0
471,1080,0
192,876,0
273,1434,0
27,731,0
189,1223,0
329,1225,1
1,658,0
66,555,0
30,1061,0
195,1408,0
445,602,0
358,690,0
296,1134,0
326,1320,0
343,1293,0
310,548,0
234,1128,0
129,1011,1
203,877,0
114,1301,0
242,1342,0
440,1292,0
171,892,0
449,1239,0
140,667,0
13,512,0
421,1397,0
284,1024,0
217,757,0
182,1108,0
323,1261,0
37,1474,0
182,1053,0
244,1069,0
376,743,1
254,906,0
499,1440,0
85,784,0
18,1069,0
195,1056,0
147,1287,0
464,1343,0
374,1112,1
82,1067,0
439,806,0
237,1016,0
385,1207,0
401,1477,0
34,891,0
195,724,0
265,1486,0
38,1405,0
204,1472,0
173,1167,0
52,1161,0
16,599,0
61,1046,0
292,675,0
254,637,0
88,724,0
141,993,0
110,837,1
111,969,0
76,807,0
385,1088,0
476,880,0
264,992,0
119,949,0
112,1250,0
60,722,0
374,1489,0
27,1340,0
333,741,0
56,1024,1
488,744,0
226,732,0
344,1260,0
353,1095,0
98,1010,0
479,1095,0
477,1338,0
418,1252,0
58,540,0
482,791,0
47,1354,1
488,1456,0
39,1103,0
498,550,0
89,850,0
153,1265,0
81,1116,0
39,1450,0
388,727,0
252,606,0
393,1363,0
75,1054,0
320,990,0
496,932,0
489,1240,0
277,631,0
479,1336,0
336,618,0
391,852,0
360,613,0
241,1396,0
435,1428,0
463,1302,0
143,747,0
238,816,0
458,1487,0
21,1330,0
465,805,0
301,1417,0
183,544,0
458,824,0
381,979,0
374,774,0
292,1229,0
293,785,0
383,944,0
497,1124,0
337,619,0
124,784,0
161,1351,0
433,933,0
145,521,0
212,1363,0
106,792,0
482,1434,0
494,1199,0
408,1338,0
305,961,0
307,1128,0
195,669,0
280,976,0
280,874,0
91,531,0
488,1032,0
303,1283,0
464,1438,0
335,870,0
10,1088,0
215,536,0
47,1281,0
467,978,0
378,1229,0
273,1019,0
127,1000,0
370,995,0
145,740,0
151,948,0
281,596,0
191,1424,0
210,897,0
495,1369,0
419,1177,0
306,535,0
307,865,1
167,978,0
462,822,0
375,905,0
408,1248,0
494,1238,0
383,720,0
345,1399,0
362,502,0
63,1215,0
306,1171,0
9,1333,0
492,939,0
82,1477,0
417,942,0
37,568,0
163,967,0
352,655,0
217,1278,0
65,691,0
267,991,0
278,603,0
482,1073,0
419,593,0
472,1166,0
187,1317,0
130,1095,0
192,699,0
40,788,0
457,758,0
466,1380,0
127,511,0
323,725,0
91,1120,0
259,764,1
331,880,0
345,991,0
148,1134,0
470,1397,0
173,1166,0
389,500,0
297,893,0
197,523,0
94,731,0
422,1193,0
229,549,0
355,1345,0
4,1298,0
217,1362,0
221,1410,1
132,918,0
360,513,0
188,1037,0
56,764,0
155,1086,0
449,1349,0
23,813,0
231,1188,0
40,1421,0
184,1252,0
363,632,1
420,830,0
127,1223,0
419,1277,0
397,1257,0
243,851,0
218,1434,0
3,724,1
342,992,0
58,1266,0
224,508,0
359,1216,0
492,1251,0
412,855,0
244,1419,0
81,856,0
204,1155,0
430,1075,0
96,846,0
382,1227,0
212,520,0
293,995,0
433,636,0
57,1306,0
373,750,0
21,1482,0
432,962,0
306,1453,0
259,913,0
224,658,0
483,785,0
241,524,0
159,815,1
380,1399,0
426,1293,0
449,1130,0
80,1027,0
348,594,0
393,763,0
28,1271,0
468,803,0
402,1476,0
173,787,1
160,1257,0
162,713,0
42,1357,0
318,1080,0
142,1473,0
8,628,1
169,1432,0
357,925,1
461,1038,0
207,937,0
294,633,0
408,1271,0
446,992,0
25,990,0
252,1399,0
222,792,0
317,701,0
190,718,0
435,1165,0
205,719,0
359,610,0
257,770,0
437,855,0
162,1021,0
79,669,0
226,969,0
18,1450,0
295,1185,0
73,800,0
75,1444,0
170,502,0
407,657,0
154,821,1
191,770,0
82,1009,0
231,1323,0
256,768,0
317,1061,1
75,536,0
329,777,0
167,857,0
160,937,0
242,1038,0
470,1417,0
354,1048,0
205,1125,0
228,1191,0
443,1348,0
45,1057,0
15,802,0
370,515,0
477,963,0
284,940,0
92,823,0
103,1384,0
189,694,0
479,853,0
281,887,0
323,639,0
448,627,0
457,1093,0
220,1233,0
486,616,0
243,923,0
250,759,0
73,1251,0
325,686,0
462,937,0
183,1215,0
277,773,0
490,1273,0
59,1214,0
355,1302,1
239,849,0
93,695,1
335,785,0
174,743,0
148,501,0
161,931,0
378,1473,0
370,1243,0
346,523,1
30,1296,0
416,1406,0
195,626,0
55,787,0
52,520,0
438,706,0
225,1154,0
321,807,0
458,1488,0
173,1406,0
163,1093,0
179,618,0
214,680,1
210,1368,1
218,903,0
67,1264,0
9,557,0
250,1385,0
458,1400,0
356,714,0
282,1190,0
28,927,0
121,1475,0
313,560,0
290,764,0
123,846,0
18,841,0
192,944,0
310,1070,0
213,1276,0
38,1076,0
431,889,0
411,929,0
391,737,0
200,1177,0
48,1061,1
191,1076,0
418,1307,0
207,1169,0
311,872,0
38,1404,0
478,1234,0
417,500,0
458,574,0
155,628,0
215,1236,0
444,913,0
84,980,0
20,970,0
338,1116,0
405,757,0
131,730,0
129,1142,0
415,1128,0
414,1118,0
246,810,0
464,844,0
107,1346,0
129,1425,0
202,520,0
357,1415,0
77,859,0
11,591,0
285,1111,0
303,987,0
309,848,0
403,1245,0
127,1262,0
469,672,0
298,724,0
401,954,0
126,654,0
119,1154,0
308,791,0
154,718,0
336,1420,0
143,682,0
438,1443,0
317,1122,0
166,841,0
321,1449,0
381,1478,0
3,860,0
57,1235,0
170,1114,0
334,758,0
424,1204,0
285,837,0
427,546,0
27,866,0
290,1390,0
63,838,0
164,674,0
328,622,0
421,828,0
203,1487,1
439,1067,0
386,622,0
481,1191,0
21,682,0
34,720,0
106,1117,0
223,634,0
56,887,0
469,1103,0
129,1021,0
193,903,0
283,962,0
288,999,0
381,511,0
67,1471,0
452,1473,0
301,1303,0
232,968,0
454,937,0
148,1253,0
357,1443,0
170,509,1
368,1048,0
443,710,0
58,1347,0
89,1254,0
134,1412,0
340,1128,0
352,585,0
125,831,0
68,756,0
239,961,0
243,858,1
315,570,0
3,696,0
223,692,0
13,697,0
0,554,0
207,1433,0
68,900,0
111,1431,0
410,519,0
292,1332,0
333,1154,1
199,1245,0
105,1372,0
224,1216,1
57,587,0
404,835,0
479,1447,0
294,1132,0
481,1116,0
378,710,0
441,745,0
247,1423,1
221,923,0
459,1279,0
222,1450,0
108,886,0
424,1127,0
302,966,0
151,1327,0
74,802,0
143,766,0
492,501,0
32,900,0
341,1466,0
471,1375,0
64,1038,0
282,1430,0
84,820,0
154,651,0
375,1233,0
483,547,0
499,907,0
340,1034,0
222,1407,0
379,1045,0
320,1477,0
255,1483,0
84,1393,0
238,910,0
196,753,0
64,1401,0
399,745,1
339,1216,0
143,634,0
414,1374,0
352,1326,0
470,1037,0
471,1481,0
341,1009,0
143,984,0
214,726,0
422,958,0
489,667,0
1,1458,0
434,1290,0
148,1029,0
460,779,0
58,1316,0
51,1487,0
443,1473,0
326,1044,0
27,1425,0
21,1463,0
94,985,0
39,694,0
354,558,1
251,610,0
225,878,0
66,838,0
439,1363,0
364,1374,0
96,1338,0
291,1074,0
342,758,0
109,1486,0
277,962,0
212,1106,0
156,602,0
293,508,0
40,1266,0
52,1060,0
275,1012,0
245,667,0
184,1362,1
430,1418,0
405,1110,0
204,816,0
143,1087,0
488,1187,0
367,1085,0
215,972,0
445,1161,0
219,943,0
466,1231,0
279,1119,0
107,1131,0
188,804,0
444,1470,0
86,998,0
101,617,0
65,1023,0
153,1264,0
20,843,0
372,1282,0
130,1199,0
378,620,0
323,832,0
131,1234,0
445,919,0
421,923,0
367,1096,0
308,1019,0
343,501,0
352,940,0
332,1324,0
328,620,0
160,1369,0
278,867,0
207,957,0
446,1463,0
303,943,0
484,901,0
261,628,0
294,1300,0
10,636,0
382,1197,0
73,1376,0
303,1135,0
184,637,0
178,910,0
183,1141,0
15,1269,0
164,983,1
308,1237,0
104,802,0
176,1439,0
75,583,1
42,563,0
209,902,0
469,1026,1
413,1114,0
225,1328,0
275,1369,0
469,1289,0
480,1237,0
60,965,0
239,1048,0
239,1333,0
300,616,0
398,1047,0
145,1035,0
292,663,0
123,695,0
27,1216,0
169,515,0
265,1364,1
188,577,0
18,1194,0
229,751,0
277,887,0
156,705,0
118,1036,0
451,1199,0
368,559,0
430,1199,0
270,660,1
414,602,0
13,1084,0
134,501,0
183,1267,0
111,918,0
84,1484,0
415,529,0
475,1130,0
278,1301,0
210,1129,0
33,816,0
488,753,0
322,961,0
451,962,0
288,1351,0
495,538,1
77,1178,0
38,1388,0
431,1002,0
316,714,0
234,1390,0
148,973,0
340,712,0
217,1296,0
419,1243,0
404,1068,0
491,1260,0
363,1436,0
161,644,0
490,1105,0
273,814,0
144,1458,0
335,572,0
436,1134,0
236,920,0
382,1412,0
177,804,0
259,1302,0
405,665,0
140,1106,0
491,1025,0
334,1091,0
393,1470,0
282,1478,0
422,1163,0
69,504,0
58,1108,0
8,1095,0
427,1406,0
421,567,0
487,1315,0
181,915,0
423,1394,0
206,1416,0
462,1102,0
353,1319,0
27,934,0
330,942,0
461,1468,0
291,515,0
288,1087,0
427,745,0
76,502,0
477,928,0
291,872,0
489,1001,0
309,538,0
0,1227,0
452,1406,0
51,1323,0
361,979,0
60,554,1
141,630,0
235,730,0
297,1393,0
341,917,1
342,822,0
271,528,0
311,1124,0
115,594,0
285,1417,0
114,589,0
460,756,0
173,1059,0
493,1434,1
83,1396,0
467,1194,0
379,1001,0
307,535,1
149,972,0
264,1179,0
259,1216,0
0,1184,0
307,789,0
229,988,0
244,615,0
34,647,0
166,1010,0
195,1326,0
192,1485,0
274,564,0
93,1293,0
463,765,0
244,1454,0
81,1186,0
491,1484,0
93,1126,0
288,996,0
474,864,0
293,1134,0
196,1364,0
139,1467,0
381,1409,0
46,1441,0
291,1083,0
151,1016,0
305,1018,0
350,1172,0
331,738,0
72,1419,0
194,970,0
424,945,0
308,1336,0
401,506,0
128,930,0
404,1187,0
470,1097,1
477,641,0
166,1025,0
219,710,0
367,1104,0
372,1167,0
214,1354,0
185,1346,0
140,1359,0
108,1150,0
238,873,0
143,1415,0
105,1055,0
81,961,0
247,517,0
9,684,0
46,517,1
72,589,0
462,1197,0
71,1276,0
33,870,0
451,1010,0
456,761,0
55,502,0
16,1005,0
30,941,0
117,1437,0
102,1281,0
125,981,0
221,1050,0
479,1052,0
410,1006,0
454,970,0
233,819,0
359,1026,0
118,1475,0
298,1113,0
186,567,0
333,574,0
378,1148,0
429,705,0
9,808,0
216,534,0
224,1399,0
474,520,0
457,1054,0
11,1073,0
267,1341,0
425,547,0
33,778,0
310,1172,0
238,740,0
177,1038,0
189,1364,0
402,844,0
244,694,0
137,958,0
348,569,0
286,1457,0
168,1476,0
426,1104,0
82,1386,1
306,811,0
409,712,1
287,1115,0
59,591,0
179,1249,0
222,575,0
164,573,0
448,531,0
210,632,1
404,1359,0
408,1153,0
71,1282,0
282,650,0
137,1105,0
198,1334,0
198,1216,0
269,502,0
157,1077,1
389,1103,0
496,1157,0
405,1024,0
34,978,0
144,584,0
189,934,0
401,1281,0
93,1411,0
395,1221,0
136,768,0
419,1051,0
330,992,0
269,1059,0
392,831,0
387,712,0
423,996,0
355,840,0
270,626,0
19,841,0
174,536,0
142,611,0
51,561,0
147,521,0
11,555,0
142,846,0
306,856,1
52,1019,0
112,1269,0
227,1306,0
188,1004,0
142,600,0
240,1084,0
494,1044,1
257,978,0
458,1125,0
329,674,0
339,933,0
35,879,0
31,1340,0
463,1042,0
306,1334,0
200,1202,0
455,1035,0
324,1358,0
112,1372,0
204,1428,0
370,657,0
334,539,0
453,734,0
117,929,0
42,1022,0
249,661,0
32,645,0
4,1248,0
436,1398,0
449,564,0
381,1062,0
275,746,0
53,1176,0
333,969,0
108,727,0
446,513,0
477,980,0
176,1353,1
356,783,0
375,818,0
455,1326,0
259,793,0
382,533,0
12,627,0
260,1077,0
235,1377,0
280,1474,0
80,872,0
199,1398,0
144,1002,0
377,1234,0
211,654,0
328,590,0
51,1479,0
114,660,0
361,527,0
258,719,0
477,751,0
76,1179,0
480,667,0
477,1213,0
440,842,0
215,716,0
212,591,0
251,1185,0
107,1411,0
356,1243,0
288,875,0
78,897,0
472,554,0
71,1115,0
117,1026,0
190,545,0
252,1312,0
221,1360,0
95,1165,0
108,699,0
254,984,0
365,1376,0
168,811,0
476,514,0
104,530,0
49,1108,0
4,1478,0
215,1091,0
459,1191,0
66,1104,0
412,1284,0
364,1311,0
433,913,0
287,845,1
109,869,0
82,816,0
393,606,0
80,910,0
109,855,0
85,985,0
52,975,0
231,713,0
228,1454,0
281,1032,0
459,702,0
397,831,0
209,1148,0
334,965,0
447,880,0
312,712,0
153,1280,0
482,996,0
292,1367,0
150,909,0
386,1276,0
73,1153,0
282,1229,0
302,1160,0
472,1069,0
17,1297,0
398,743,0
65,1280,0
418,760,0
158,1424,0
101,922,0
171,1144,0
178,709,0
38,789,0
314,876,0
41,936,0
199,801,0
89,975,0
100,1311,0
134,1340,0
432,1254,0
131,1026,0
385,578,0
357,1256,0
350,1284,1
262,1050,0
67,1013,0
326,1393,1
332,1294,0
113,548,0
114,1457,0
471,1458,0
101,976,0
422,1167,0
344,957,0
389,1348,0
154,1052,1
492,774,0
478,902,0
100,674,0
158,933,0
311,1331,0
280,1157,0
191,1105,0
166,881,0
95,907,0
420,534,0
273,1267,0
400,653,1
341,566,0
170,1387,0
186,690,0
316,1402,0
98,881,0
497,1098,0
49,1485,0
59,502,0
196,547,0
39,584,0
446,898,0
90,1195,0
431,1390,0
394,1389,0
316,1412,0
289,828,0
480,991,0
459,690,0
496,1391,0
458,735,0
74,871,0
460,1002,0
101,1205,0
46,1315,0
215,939,0
378,1032,0
140,812,0
56,645,0
494,1376,0
241,654,0
85,943,0
264,1425,0
437,1013,0
47,559,0
10,1467,0
184,629,0
52,862,0
478,755,0
463,1207,0
29,1463,0
215,860,0
281,1068,1
414,1211,0
79,839,0
365,687,0
467,1144,0
489,581,0
26,686,0
436,898,0
198,831,0
206,962,0
407,1478,0
436,1340,0
365,1085,0
283,1247,0
331,848,0
438,782,0
466,1404,0
498,851,0
313,1137,0
424,1000,0
59,1366,0
103,1155,0
434,1409,0
483,1402,0
27,1107,0
408,565,0
130,1232,0
459,848,0
29,1254,0
58,1014,0
69,1045,0
3,546,0
308,798,1
244,697,0
195,679,0
38,753,1
409,1197,0
357,790,0
111,1012,0
295,509,0
389,1068,0
278,924,0
118,640,0
498,644,0
468,909,0
234,960,0
453,545,0
280,1282,0
57,1150,0
226,1185,0
320,1312,0
358,908,0
254,730,0
130,1195,0
348,1446,0
187,1454,0
217,1235,0
442,1164,1
258,736,0
31,1151,0
76,689,0
477,1373,0
30,602,0
405,981,0
291,1338,0
488,604,0
288,1367,0
267,1397,0
365,1031,0
112,669,0
435,968,0
210,677,0
378,503,0
395,706,0
238,812,0
13,1450,0
233,1464,0
401,848,0
390,1000,0
112,818,0
346,632,0
27,653,0
55,746,0
218,1489,0
393,786,0
445,1275,0
460,1257,0
98,597,0
99,1405,0
360,913,0
8,1377,0
413,865,0
426,856,0
55,1274,0
455,1029,1
402,585,1
246,581,0
270,939,0
436,1038,0
0,1373,0
145,1064,0
128,713,0
103,1336,0
332,547,0
85,1097,0
407,1223,0
418,977,0
361,1087,0
332,1203,0
99,1395,0
304,1383,0
75,1465,0
484,1453,0
240,618,0
367,595,0
135,753,0
15,867,0
152,839,1
269,1175,0
401,971,0
53,821,0
145,1438,0
256,1015,0
62,857,0
228,1205,1
489,551,0
237,602,0
376,897,0
148,1019,0
209,954,0
306,951,0
350,1062,0
193,734,0
323,1375,0
438,1378,0
312,1435,0
436,509,0
445,748,1
423,686,0
195,1280,0
125,658,0
235,1035,0
273,826,0
281,653,0
469,998,0
316,1439,0
280,1263,0
331,907,0
198,1079,0
354,1082,0
296,1313,0
448,892,0
252,1264,0
241,1188,0
43,1296,0
362,520,0
437,1250,0
28,900,0
52,1327,0
211,1323,0
268,719,0
187,1482,0
484,828,0
459,1417,1
376,1341,0
495,907,0
150,643,0
37,1052,0
91,1193,0
221,1037,0
487,672,0
322,1291,1
477,1262,1
69,1472,0
150,982,0
399,581,0
146,899,0
424,1470,0
165,609,1
395,941,1
316,790,0
371,578,0
291,745,0
142,638,0
384,1146,0
56,1028,0
281,928,0
189,1295,0
92,594,0
72,887,0
213,1284,0
114,734,0
330,1204,0
131,1335,0
438,1113,0
138,851,0
401,1070,0
164,889,1
279,676,0
149,684,1
144,884,0
11,716,0
263,1324,0
139,1352,0
388,929,0
473,1117,0
484,1161,1
457,1276,0
458,531,0
169,829,0
36,727,1
44,1350,0
412,538,0
326,649,0
76,794,0
247,1066,0
397,539,0
231,562,0
7,866,0
488,1386,0
454,1383,0
257,817,0
206,843,0
152,814,0
448,1334,0
34,1467,0
69,918,0
113,1203,0
82,594,0
82,759,0
136,993,0
347,919,0
134,1475,0
370,772,0
132,1078,0
247,1408,0
167,559,0
8,533,0
27,842,0
278,1450,0
384,1085,0
146,1413,0
175,1038,0
102,1216,0
216,1285,0
207,883,0
160,998,0
153,1177,0
436,884,0
225,1034,0
144,690,0
342,649,0
179,1238,0
481,794,0
38,1488,0
342,749,0
427,971,1
249,1208,0
77,1307,0
109,771,0
128,1163,0
33,715,0
276,1453,0
394,935,1
100,571,0
137,615,0
8,1087,0
408,1308,0
172,1176,0
145,718,0
485,1434,0
418,1057,0
99,962,0
440,760,0
42,1485,0
83,810,1
355,594,0
36,701,0
337,879,0
493,917,0
389,1004,0
198,837,0
345,1149,0
79,795,0
440,1151,0
189,1173,1
425,833,0
374,616,1
113,990,0
59,1357,0
374,629,0
230,900,0
301,914,0
367,1200,0
416,992,0
293,1327,0
485,1460,0
19,1113,0
403,775,0
432,956,0
46,1275,0
140,762,1
225,662,0
324,862,0
100,1029,0
294,1276,1
75,777,0
262,718,0
243,1485,0
180,883,0
271,1386,0
347,1354,0
98,921,0
248,709,0
170,529,0
137,532,0
288,896,0
176,541,0
186,515,0
384,1453,0
362,1325,0
316,676,0
412,1116,0
245,604,0
498,871,0
238,736,0
11,1210,0
98,1425,0
337,1109,0
239,798,0
346,544,0
131,1229,0
416,1359,0
465,781,0
176,1462,0
449,821,0
74,761,0
262,1030,0
279,1264,0
496,1431,0
423,891,0
476,796,0
346,564,0
200,637,0
127,976,1
316,937,0
226,568,0
474,999,0
135,672,0
293,837,0
336,610,0
218,751,0
371,1139,0
461,1416,0
151,600,0
365,998,0
266,570,0
449,1430,0
128,1009,0
403,1301,0
276,1427,0
366,1118,0
217,506,0
173,1483,0
31,1215,0
465,735,0
37,1417,0
481,1397,0
32,882,0
161,1322,0
59,1362,0
317,1309,0
337,803,0
19,715,0
246,1139,0
465,708,0
94,628,0
490,627,0
75,718,0
124,1078,1
404,655,0
320,1163,0
258,1461,0
124,1340,0
472,528,0
149,940,0
157,1443,0
407,1133,0
372,933,0
50,785,0
327,1127,0
135,792,0
16,963,0
350,1347,0
90,822,0
300,648,0
115,866,0
456,1404,0
175,544,0
61,913,0
469,797,0
314,986,0
482,1042,0
27,1393,0
322,1206,0
464,1460,0
488,757,0
8,1261,0
345,1407,0
216,1037,0
302,642,0
352,630,0
367,997,0
227,1051,0
340,1417,0
121,1232,0
256,516,0
390,835,0
63,871,0
455,1235,0
115,1029,0
50,593,0
432,1406,0
380,1173,0
272,624,0
62,796,0
215,588,0
200,756,1
153,722,0
325,1391,0
192,507,0
304,962,0
237,525,0
29,653,0
119,611,0
137,554,0
228,734,0
160,895,0
397,1104,0
322,666,0
2,562,0
263,1487,0
494,979,0
408,571,0
221,950,0
317,802,0
65,760,0
28,989,0
309,1330,0
135,1248,0
82,1451,0
283,983,0
61,1158,0
109,933,0
185,1450,0
373,1217,0
82,656,0
358,1047,0
262,578,0
191,1245,0
211,937,0
397,1138,1
448,1177,0
131,906,0
286,944,0
128,1405,0
67,632,1
457,1279,0
425,998,0
375,1299,0
451,781,0
478,659,0
405,1138,0
130,607,0
296,954,0
419,826,1
409,951,0
455,1404,0
138,1475,0
366,1200,0
429,862,0
277,1102,0
41,1108,0
347,1369,0
477,1063,0
244,1410,0
429,1103,1
129,994,0
191,700,0
400,1245,0
414,1222,0
495,1055,0
45,1162,0
42,1016,0
179,664,0
441,713,0
381,1395,0
137,1103,0
492,1329,0
405,1113,0
42,905,0
405,1324,0
429,701,0
167,1341,0
380,795,0
85,973,1
405,708,0
172,1092,0
202,623,0
376,784,0
336,860,0
246,1249,0
32,1183,0
186,636,0
2,591,0
120,570,0
254,1425,1
95,705,0
41,991,0
301,608,0
286,1269,0
315,903,0
262,1352,0
82,897,0
498,689,0
186,1350,0
96,702,0
172,1164,0
100,600,0
237,685,0
74,651,0
237,796,0
456,891,0
23,781,0
408,879,0
290,630,0
149,823,0
281,792,0
97,1167,0
333,823,0
70,1157,0
414,947,0
279,1370,0
350,1461,0
230,963,0
161,1302,0
95,1086,0
268,893,0
328,1220,0
368,834,0
436,906,0
137,890,0
0,1003,0
29,1419,0
110,611,0
68,1177,1
258,1367,0
29,992,0
186,892,0
454,929,0
182,749,0
339,857,0
497,1163,0
66,960,0
401,1015,0
286,672,0
488,512,1
52,645,0
128,721,0
59,878,0
6,1160,0
361,1456,0
296,1423,0
214,806,0
395,756,0
48,1083,0
77,1033,0
205,1385,0
264,978,0
282,832,0
232,783,0
238,1143,0
205,515,0
47,973,0
258,1109,0
54,972,0
237,728,0
14,1043,0
425,1095,0
76,933,0
331,887,0
387,552,0
462,575,0
298,813,0
83,537,0
368,743,0
410,1358,0
169,1459,0
188,695,0
263,1158,0
466,1444,0
154,1447,0
240,657,0
15,1095,0
428,797,0
95,1309,0
442,1100,0
461,730,0
65,617,0
252,1204,0
53,1154,1
432,620,0
172,901,0
339,848,0
499,980,0
405,1365,0
391,865,0
324,831,0
292,1329,0
203,1094,0
191,1176,0
74,1066,0
53,679,0
395,965,0
492,1047,0
328,1091,0
193,801,0
85,761,0
280,1142,0
182,1251,0
238,1257,0
487,767,0
327,656,0
394,926,0
152,1418,0
186,724,0
481,571,0
478,636,0
160,648,0
321,661,0
379,1087,0
472,903,0
153,1366,0
22,1296,0
486,869,0
322,1248,0
225,1121,0
310,924,0
239,1360,0
477,1085,0
352,1285,0
58,761,0
454,967,0
117,1165,0
397,1143,0
352,723,0
165,1293,0
268,555,0
434,1258,0
242,1368,0
464,1185,0
87,925,0
252,1290,0
26,985,1
115,1032,0
273,1475,0
288,1070,0
183,517,1
119,715,0
421,1204,0
211,1418,0
51,1392,0
368,1125,1
326,839,0
446,998,0
471,1049,0
168,784,0
418,1095,0
176,666,0
276,1472,0
144,1297,0
321,711,0
254,1135,0
278,578,0
140,1219,0
104,655,1
43,1309,0
400,1058,0
109,1361,0
192,1441,0
344,835,0
242,1375,0
317,639,0
460,1185,0
227,589,0
135,1302,0
45,806,0
88,982,0
207,1304,0
96,942,1
79,1083,0
254,1145,0
96,1334,1
76,756,0
66,1107,0
241,884,0
309,779,0
363,1180,1
408,1461,0
203,853,0
455,832,1
412,1318,0
73,509,0
101,1334,0
19,515,0
91,1336,0
447,1001,0
214,733,0
89,801,0
88,1151,0
408,775,0
365,911,0
260,955,0
100,751,0
47,1036,0
249,805,0
410,848,0
127,1087,0
254,735,0
71,965,0
56,569,0
212,800,0
275,682,0
311,1085,0
85,911,0
96,1273,0
182,737,0
354,1043,0
157,1214,0
225,947,0
260,1229,1
177,1086,0
462,1410,0
18,583,0
228,717,0
146,1472,0
281,742,0
264,561,0
316,1448,0
27,1068,0
205,729,0
118,876,0
442,1204,0
267,1043,1
490,535,0
84,1432,0
460,1131,0
253,984,0
317,1300,0
196,678,0
393,727,0
52,1360,0
196,779,0
100,744,0
146,689,0
195,1368,0
247,765,0
143,1006,0
347,1379,1
259,1018,0
39,1123,0
346,781,0
163,1437,0
89,1006,0
254,1257,0
117,689,0
28,601,0
205,1285,0
231,1429,0
402,622,0
108,720,0
49,1135,0
404,1032,1
142,760,0
429,642,0
42,566,0
346,1204,0
257,552,1
226,1335,1
168,1126,0
301,991,0
248,650,0
407,946,0
490,622,0
306,1012,0
403,777,0
469,850,0
258,1485,0
133,987,0
439,1086,1
255,641,0
69,1306,0
185,715,0
14,780,0
440,1006,0
92,611,0
156,584,0
433,854,0
365,849,0
365,819,0
384,689,0
365,1216,0
163,1011,0
183,847,0
496,1379,1
196,567,1
421,1073,0
394,930,0
390,1270,0
495,996,0
33,1463,0
162,533,0
439,1276,0
186,933,0
374,1136,0
427,773,0
297,920,0
291,887,1
289,690,0
166,1271,1
297,1009,0
11,969,0
215,1250,0
411,1310,0
162,1269,0
310,1181,0
449,1013,0
333,1201,0
221,1091,0
235,1175,0
273,721,0
18,1154,0
479,756,0
290,1151,0
374,783,0
268,628,0
274,965,0
97,571,0
202,796,0
409,881,0
120,729,0
128,772,0
12,824,0
154,953,0
313,638,0
497,1105,0
293,884,0
281,959,0
311,1393,0
212,875,0
270,1159,0
129,502,0
425,938,0
198,1276,0
275,1058,0
214,623,0
197,1368,0
411,1192,0
155,1277,0
322,1485,0
355,1461,0
66,1377,0
466,708,0
125,804,0
63,1057,0
166,1484,0
327,966,0
383,985,0
477,828,0
298,942,0
416,1131,0
165,829,0
223,976,0
284,943,0
107,878,0
343,890,0
179,624,0
173,696,0
477,1026,0
250,1124,0
200,766,0
329,523,0
11,1033,0
361,1464,0
455,1237,0
421,858,0
50,709,0
371,1075,0
410,1302,0
208,636,0
444,1283,0
52,617,0
60,538,0
473,758,0
323,1076,0
89,1177,0
331,832,0
180,1271,0
237,761,0
487,874,0
408,1422,0
347,1004,0
302,613,0
301,891,0
481,1094,0
55,695,0
345,948,0
324,761,0
23,910,0
278,606,1
3,724,0
83,1301,0
281,1486,0
227,1068,0
172,1306,0
211,537,0
191,1465,0
212,1266,0
283,513,0
193,598,1
244,539,0
101,1054,0
490,1071,0
370,1370,0
257,1151,0
228,605,0
360,1370,0
334,770,0
204,881,0
436,1327,0
357,925,0
92,690,0
151,1367,0
367,596,0
16,941,0
180,933,0
31,719,0
252,814,1
234,1185,0
259,1119,0
477,870,0
241,899,0
241,1197,0
436,1150,0
40,1123,0
197,1100,0
165,1350,1
98,1157,0
218,1035,0
468,1204,1
308,1262,0
245,538,0
315,916,0
291,834,0
313,955,0
395,1060,0
313,1130,0
476,805,0
492,1356,0
151,860,1
43,990,0
120,1168,0
322,794,0
445,1434,0
479,560,0
229,1278,0
26,799,0
53,511,0
225,1166,0
488,554,0
361,606,0
468,1102,0
418,951,0
343,623,0
46,609,0
30,1278,0
491,1255,0
448,577,0
456,923,0
201,675,0
136,652,1
264,524,0
458,1228,0
178,791,0
25,1063,0
265,1015,0
326,1385,0
499,1120,1
296,1106,0
90,1159,0
21,774,0
332,1150,0
142,1395,0
62,832,0
211,1458,0
8,949,0
311,1448,0
166,1076,0
278,1081,0
62,828,0
196,1020,0
178,1290,0
462,1266,0
460,1232,0
8,667,0
106,946,0
330,780,0
406,751,0
83,617,0
17,560,0
20,1424,1
30,1153,0
137,847,0
194,1440,0
301,674,0
320,865,0
374,794,0
179,905,0
61,921,0
195,1407,0
44,1384,0
79,924,0
106,1383,0
278,609,0
475,1469,0
432,1334,0
406,1399,0
189,505,0
329,664,0
451,884,0
291,831,0
415,1319,0
1,1345,0
53,1348,0
34,820,0
90,1056,0
253,672,0
47,845,0
148,919,0
428,1120,0
166,1317,0
87,777,0
96,1348,0
28,1316,0
189,583,0
317,536,0
115,671,0
249,1111,0
337,628,0
277,1227,0
18,1404,0
3,1297,0
246,1365,0
29,1095,0
270,1149,0
195,725,0
323,1407,0
386,1091,0
23,1313,0
264,702,0
91,570,0
177,1228,0
90,1021,0
493,703,0
377,1244,0
100,1215,0
172,555,0
283,642,0
196,997,0
460,882,0
418,735,0
451,1342,0
150,989,1
212,778,0
379,523,0
354,750,0
279,1444,0
79,1254,1
210,619,0
108,644,0
486,981,0
381,1047,0
9,1026,0
460,1453,0
361,1287,0
166,822,0
193,1331,0
1,770,0
252,1447,0
477,730,0
223,970,0
72,1145,1
8,1430,0
395,766,0
137,773,0
84,1047,0
237,511,0
423,1100,0
12,1346,0
310,956,0
363,933,0
303,816,0
300,665,0
39,522,0
173,1184,0
485,616,0
117,687,0
158,1258,0
134,746,0
153,949,0
485,751,0
182,725,0
353,571,0
481,835,0
123,634,0
290,924,0
212,1229,0
266,1376,0
487,622,0
71,517,0
387,579,0
3,1311,1
131,776,0
192,1235,0
132,759,0
121,646,0
141,681,0
318,1430,0
457,1080,0
25,1261,0
329,639,0
204,1084,0
479,747,0
198,1238,0
488,1354,0
42,1032,0
278,515,0
2,548,0
72,585,0
228,1409,0
30,619,0
29,1279,0
94,781,0
314,1163,0
370,1477,0
51,971,0
218,1044,0
428,1174,0
225,1438,1
376,1259,0
188,1031,0
69,1463,0
371,737,0
391,992,0
103,1071,1
29,1356,0
231,649,0
62,991,0
358,1388,0
108,1296,0
204,865,0
472,992,0
316,1295,0
107,571,0
100,1094,0
130,886,1
435,666,0
210,659,0
146,995,0
358,811,0
239,1351,0
147,674,0
122,1327,0
420,885,0
255,702,0
137,870,0
52,1295,1
17,684,0
183,1366,0
378,668,0
126,712,0
55,686,0
471,751,0
195,547,0
168,1391,0
115,1134,0
305,1019,0
477,1175,0
56,1330,0
297,1293,0
308,667,0
396,500,0
210,1227,0
484,570,0
155,665,0
248,526,0
281,1327,0
167,823,0
230,983,0
442,838,0
11,1281,0
302,1173,0
336,1230,0
123,1172,0
279,653,0
348,830,0
482,1399,0
171,1370,0
202,559,0
271,1069,0
36,1020,0
88,680,0
56,1489,0
282,1282,0
234,1164,0
395,918,0
183,1033,0
286,1173,0
167,762,0
219,1369,0
31,1034,0
53,1368,0
266,1150,0
142,1419,0
410,1154,0
431,992,0
225,1254,0
221,1456,0
179,928,0
396,815,0
384,1415,0
379,528,0
256,1159,0
19,728,0
244,770,0
290,1415,1
2,1062,0
369,1420,0
2,1203,0
195,812,0
132,1248,0
328,500,0
136,625,0
89,1376,0
495,966,0
169,1410,0
334,1390,0
327,819,0
87,955,0
384,912,1
250,1481,0
94,1242,0
335,948,0
352,1148,0
124,1486,0
323,659,0
377,1486,0
372,1006,0
222,1334,0
319,897,0
143,1488,1
163,500,0
496,741,0
222,776,1
56,554,0
418,562,0
122,603,0
58,812,0
105,1144,0
186,1483,0
64,1042,0
237,943,0
198,792,0
486,920,0
321,744,0
240,1007,0
286,1105,0
483,631,0
163,1370,0
461,1093,0
36,1478,0
495,594,0
135,891,0
446,741,0
405,692,0
421,1330,0
157,837,0
148,797,0
396,1029,0
122,1153,0
388,611,0
336,1109,0
250,576,0
279,952,0
344,1382,0
442,1481,0
99,712,0
390,1312,0
30,1450,0
448,662,0
490,1315,0
405,1029,0
80,579,0
415,1384,0
354,720,0
254,1316,0
150,647,0
55,524,0
146,1114,0
419,572,0
224,1185,0
279,602,1
356,813,0
473,983,0
368,1044,0
24,980,0
475,584,0
279,754,0
341,975,1
54,621,0
85,1465,0
436,1116,0
97,937,0
141,1258,0
183,1460,0
325,761,0
398,1312,0
174,576,0
219,1310,0
351,794,0
400,583,0
288,1366,0
334,793,0
125,567,0
388,767,0
290,1241,0
198,689,0
293,1261,0
136,665,0
497,1391,0
476,1305,0
174,570,0
233,1044,0
190,900,0
146,986,0
320,683,0
270,1259,0
21,1100,1
167,704,0
212,1134,0
148,1131,1
407,1343,0
68,744,0
338,827,0
247,1211,0
190,813,0
105,582,0
72,1168,0
341,1143,0
75,651,0
465,925,0
0,535,0
341,913,0
316,1282,0
150,933,0
161,1033,0
368,1035,0
483,706,0
200,1031,0
124,1274,0
121,598,0
414,1160,0
366,1322,0
99,1105,1
360,1150,0
31,980,1
143,669,0
426,1044,0
201,1338,0
339,504,0
17,1073,0
34,601,0
280,954,0
111,887,0
179,1038,0
42,875,0
305,805,0
255,1155,0
341,1120,0
70,710,0
324,538,0
72,752,0
267,914,0
102,1101,0
355,813,0
210,1467,0
439,750,0
232,822,1
250,725,0
393,925,0
132,1459,0
133,1184,0
235,1474,0
46,797,0
389,621,0
297,1369,1
61,1414,0
404,764,0
140,1031,0
123,1143,0
93,1100,0
354,1292,0
382,1436,1
153,996,1
54,1051,0
20,501,0
152,751,0
243,1065,0
471,802,0
271,659,0
152,609,0
77,1311,0
42,581,0
322,1074,0
84,782,0
318,1090,0
82,819,0
111,680,0
260,597,0
467,1113,0
404,556,0
99,1193,0
173,1008,0
107,670,0
49,587,0
63,823,0
235,911,0
463,686,0
377,1458,0
89,939,0
418,933,0
111,1377,1
164,688,0
450,1218,0
459,1166,0
245,523,0
368,639,0
329,1246,0
398,647,0
331,1076,0
193,871,0
332,1438,0
210,1224,0
59,901,0
219,504,0
489,676,0
177,1294,0
319,1073,0
329,1059,0
192,749,0
179,932,0
203,1103,0
8,737,0
270,1015,1
71,668,0
229,1058,0
17,503,0
412,566,0
84,702,0
460,1024,0
101,671,0
382,1416,0
366,559,0
379,1416,0
138,1181,0
110,629,0
142,609,0
375,1309,0
359,752,0
5,984,0
179,1320,0
112,725,0
430,1284,0
208,1228,0
227,931,0
213,1075,0
29,1296,0
414,607,1
87,743,0
76,985,0
324,1112,1
388,1462,0
30,897,0
93,1003,0
382,1481,0
319,587,0
296,911,0
398,1093,0
473,1249,0
38,850,0
390,1453,0
459,1419,0
222,902,0
52,1008,0
273,881,0
142,740,0
384,1077,0
131,1479,0
444,1420,0
266,705,0
399,1147,0
179,559,1
74,1322,0
3,671,0
351,1422,0
353,792,1
175,1473,0
377,810,0
49,1187,0
472,1259,0
351,831,0
334,774,0
187,600,0
267,1250,0
332,735,0
135,714,0
476,504,0
166,551,0
390,1257,0
471,1249,0
238,1185,0
346,1130,0
377,504,0
378,551,0
455,787,0
69,1176,0
217,1352,0
55,841,0
306,1135,0
75,1487,0
463,880,0
450,1351,0
383,1218,0
247,1029,0
91,517,0
339,1210,0
350,1089,0
308,730,0
425,565,0
300,1472,0
433,742,0
272,503,0
163,1184,0
207,649,0
232,996,0
181,753,0
392,1405,0
423,621,0
233,1224,0
347,1292,0
419,696,0
95,868,0
434,596,0
477,937,0
261,1470,0
308,1110,0
443,774,0
214,1464,0
84,1187,0
421,1488,0
60,1019,0
42,554,0
475,1124,0
421,1342,0
443,766,0
63,1084,0
203,1115,0
65,596,0
3,1448,0
458,729,0
449,1249,1
151,1364,0
498,696,0
446,1092,0
319,1104,0
364,1314,0
314,688,0
91,1097,0
486,1239,0
242,1417,0
197,812,0
115,1372,0
380,837,0
125,761,0
32,939,0
13,1208,0
416,620,0
408,820,0
165,982,0
492,1177,0
472,1299,0
83,750,0
484,833,0
173,1142,0
306,692,0
274,740,0
234,1033,0
117,1435,0
345,1250,0
136,962,0
304,1038,0
16,1124,0
65,1422,0
297,1357,0
127,749,0
48,730,0
220,999,0
370,1306,0
278,614,0
9,645,0
194,633,0
132,774,1
9,1322,1
468,879,0
143,543,0
468,579,0
463,1214,0
65,1101,0
312,1188,0
9,1122,1
19,522,0
91,1048,0
9,1301,0
248,894,0
489,631,0
11,680,0
414,701,0
169,1068,0
273,986,0
242,1152,0
362,1331,0
8,1193,0
469,1106,0
295,791,0
280,503,0
29,796,1
431,954,0
454,547,0
320,909,0
107,1052,0
225,1229,0
405,1253,0
290,1471,0
64,664,0
6,598,0
28,1459,0
444,696,0
448,641,0
218,674,0
394,1007,0
316,882,1
92,1351,1
422,1279,0
386,1337,0
49,1342,0
305,1143,0
270,593,0
256,1338,0
297,1303,0
438,1327,0
285,925,1
22,1282,0
52,1420,1
135,865,0
386,1392,0
241,589,0
335,854,0
201,1388,0
415,563,0
373,1383,0
178,1310,0
368,1359,0
227,1089,0
69,1055,0
371,820,0
77,1049,0
8,522,0
132,583,0
455,1481,0
385,1289,0
483,1060,1
298,1368,0
335,1091,1
139,1132,0
498,1120,0
369,1446,0
138,945,0
55,1063,0
458,1240,0
399,573,0
349,610,0
168,840,0
253,715,0
74,886,0
310,614,0
155,1216,0
296,724,0
98,1041,0
72,1216,0
166,541,0
443,738,0
218,1279,0
152,1423,0
243,744,0
330,1254,0
256,1073,0
379,600,0
326,1267,0
421,1353,0
485,828,0
307,1309,0
237,640,0
328,858,0
272,1380,1
143,1222,0
141,1107,0
159,885,0
139,1082,0
290,756,0
37,1452,1
217,1126,0
118,850,0
150,1361,0
57,1029,0
161,1259,0
159,847,0
189,1436,0
87,762,0
111,1224,0
282,1323,0
183,1130,0
122,666,0
199,621,0
398,1413,0
169,1128,0
279,1312,0
197,501,0
258,532,0
8,820,0
68,1244,0
485,1461,0
295,902,0
449,917,0
332,1312,0
311,583,0
248,559,0
334,542,0
63,836,0
225,875,0
405,1482,0
40,667,0
276,1489,0
200,537,0
135,855,0
200,547,0
86,1051,0
411,817,0
216,967,0
376,1244,0
338,1447,0
477,1285,0
311,745,0
391,1269,0
107,963,0
447,1465,0
136,978,0
167,1440,0
111,1145,0
253,742,0
35,1281,0
424,857,0
123,544,1
134,940,0
453,1391,0
126,1035,0
203,732,0
414,1214,1
44,955,0
214,543,0
364,1351,0
470,1099,0
10,1100,0
355,673,1
167,1218,0
161,944,0
36,553,0
216,1315,0
147,685,1
185,1061,0
17,1292,0
167,1465,0
434,913,0
271,622,0
459,996,1
44,627,0
69,1344,0
261,528,0
49,1010,0
481,986,0
138,989,0
126,604,0
30,536,0
34,811,1
308,873,0
410,1197,0
459,812,0
67,635,0
124,640,0
174,1130,0
206,508,0
273,682,0
4,1287,0
389,517,1
345,1452,0
348,1149,0
407,871,0
57,1091,0
433,1176,0
104,1018,0
56,527,0
308,1268,0
398,1359,0
468,1031,0
312,1130,0
163,1346,0
291,903,0
11,564,0
418,550,0
111,1130,0
89,526,0
390,969,0
103,1331,0
418,696,0
182,1417,0
266,588,0
449,1380,0
351,932,0
430,1272,0
207,1185,0
220,797,0
470,934,0
102,995,0
418,1368,0
236,709,0
406,1384,0
383,1017,0
433,1003,0
45,979,0
53,1321,1
139,689,0
282,907,0
311,1078,0
492,1319,0
80,1384,0
119,662,1
462,882,0
270,1446,0
18,1081,0
445,1442,0
399,840,0
248,1006,0
350,913,0
23,592,0
356,1441,0
93,1033,0
227,906,0
166,806,0
473,700,1
173,984,0
48,1024,0
272,730,0
433,781,0
349,1480,0
463,1144,0
331,1467,0
113,1240,0
25,969,0
459,619,0
145,1188,0
298,1112,0
10,1253,0
483,1442,0
13,622,0
235,755,0
123,880,0
355,691,0
245,1247,0
479,1149,0
401,840,0
364,598,0
468,894,0
154,767,0
361,1241,0
41,688,0
24,833,0
115,655,0
229,865,0
176,660,0
356,1363,0
256,1387,0
242,621,0
277,1379,1
289,1155,0
108,1100,0
242,1425,0
108,611,0
68,1215,0
470,1026,0
320,528,0
54,1389,0
371,1153,0
174,1141,0
277,1054,0
494,541,0
209,760,1
302,1095,0
462,1087,0
381,794,0
491,1275,0
371,701,0
260,1057,0
155,794,0
213,756,0
5,598,0
248,664,0
95,1210,0
306,703,0
300,1393,0
389,979,0
465,954,0
301,969,0
404,1112,1
414,1022,0
273,722,0
121,931,0
93,1317,0
413,550,0
437,967,1
421,1090,0
201,749,0
49,684,0
447,895,0
149,979,0
282,1374,0
306,1159,0
451,1383,0
492,730,0
207,1314,0
172,1343,1
444,581,0
62,1031,0
308,888,0
111,979,0
474,1264,0
411,963,0
244,1064,1
90,631,0
487,990,0
6,1460,0
168,1285,0
310,1477,0
299,1261,0
192,1267,0
406,1261,0
3,938,1
54,829,1
156,538,0
374,659,0
404,883,0
154,802,1
87,533,0
308,1270,0
87,772,0
233,1348,1
335,881,0
308,921,0
210,1373,0
265,1479,0
409,601,0
90,1248,0
86,1044,0
391,1157,0
240,961,0
263,1256,0
227,631,0
211,1287,0
480,1485,0
472,1307,0
434,1460,0
468,999,0
17,1147,0
470,1401,0
150,1074,0
2,1028,0
157,1347,0
418,775,0
349,883,0
108,628,0
351,1072,0
466,726,0
346,1360,0
470,1282,0
346,585,0
340,527,0
398,1381,0
271,708,0
61,778,0
394,1323,0
227,849,0
447,782,1
89,503,0
152,1060,0
263,716,0
192,603,1
490,1381,0
339,990,0
176,929,0
241,850,0
373,1460,0
34,1276,0
47,868,0
25,675,1
361,777,0
54,649,0
32,1259,0
493,1086,0
329,1450,0
12,1403,0
394,1054,0
167,748,0
166,709,0
393,730,0
262,1431,0
232,1436,0
449,935,0
270,652,0
99,768,0
24,730,0
30,1448,1
415,662,0
26,1489,0
54,1362,0
341,1385,0
279,666,0
207,606,0
462,1227,0
185,858,0
46,774,0
366,1026,0
123,995,0
376,820,0
141,1006,0
397,1393,0
430,566,0
222,999,0
349,1170,0
87,1179,1
105,1052,0
88,1002,0
388,1473,0
280,611,0
204,920,1
125,655,0
162,1110,0
451,1104,0
136,1235,0
95,1337,1
469,1120,0
17,631,0
208,1381,0
421,821,0
28,971,0
213,988,0
463,1057,0
150,1192,0
162,1484,0
270,823,0
209,740,0
49,1467,0
224,1457,0
418,988,0
14,957,0
115,799,0
106,1146,0
199,1088,0
294,1059,1
78,771,0
296,609,0
487,828,0
42,1341,0
230,1262,0
480,957,1
148,1308,0
14,533,0
112,510,0
20,1271,0
352,1121,1
8,1132,0
286,890,0
411,1309,0
293,1051,0
437,832,0
122,923,0
476,1184,0
124,759,0
307,1189,0
234,970,0
86,927,0
307,1247,0
229,1131,0
205,990,0
238,1006,0
260,564,0
87,1240,0
197,1249,0
29,1468,0
259,1041,0
13,924,0
182,867,0
227,1433,0
61,506,0
288,565,0
274,794,0
447,1452,0
473,723,1
496,686,0
177,858,0
404,665,0
303,1016,0
169,1129,0
137,506,0
397,1409,0
492,1260,1
303,848,0
375,664,0
17,699,0
438,548,0
353,1345,0
24,651,0
373,767,0
386,1165,0
105,891,0
77,818,0
111,855,0
386,892,0
49,1456,0
257,955,0
375,1415,0
407,1267,0
455,1209,0
371,1324,0
452,684,0
418,716,0
487,1423,0
178,1197,0
304,621,0
269,1011,0
312,1432,0
211,745,1
4,514,0
150,1253,0
36,719,0
216,1443,0
117,1483,1
458,861,0
25,1099,0
423,769,0
354,956,0
16,735,0
316,1013,0
494,695,0
400,1397,0
139,1353,0
468,1270,0
294,898,0
124,1074,0
148,1465,0
393,1021,1
64,1481,0
467,518,0
340,1487,0
374,684,0
107,1210,0
19,687,0
248,720,0
410,1061,0
488,1199,0
281,571,0
422,1412,1
33,539,0
459,1175,0
143,1313,0
42,771,0
327,725,0
183,1308,0
391,892,0
303,904,0
233,654,0
41,789,0
488,1235,0
363,605,0
420,1289,0
16,1419,0
108,1178,0
400,591,0
124,1130,0
139,814,0
424,624,1
274,722,0
458,1311,0
71,1271,0
400,1069,0
258,1325,0
409,550,0
194,1429,0
473,1335,0
396,755,0
434,851,0
301,1458,0
441,577,0
198,549,0
104,889,0
290,1109,0
390,752,0
363,670,0
176,1138,0
440,626,0
305,1176,0
143,506,0
85,946,0
415,1413,0
32,787,0
464,1327,0
123,1157,0
270,1351,0
257,885,0
375,791,0
133,830,0
19,1244,0
282,1016,0
284,868,0
238,939,0
166,1006,0
264,1284,0
262,962,0
318,1412,0
496,1459,0
494,603,0
108,1185,0
324,659,0
424,686,0
208,899,0
178,640,0
44,1368,0
206,1429,0
484,1451,1
94,522,0
482,998,0
45,857,0
408,819,0
156,1419,0
398,1242,0
367,913,0
478,995,0
406,973,0
298,694,0
127,1468,0
232,590,0
266,651,0
279,1311,1
15,932,1
153,1087,0
415,1358,0
29,968,0
227,897,0
211,536,0
0,929,0
476,738,0
32,1444,1
38,1480,0
484,840,0
468,1459,0
74,902,0
44,834,0
41,733,0
226,913,0
468,812,0
349,1209,0
275,1118,0
487,1092,0
456,1330,0
221,1197,0
337,893,0
468,1478,0
322,862,0
262,770,0
339,1035,0
197,1258,1
56,873,0
131,1402,0
183,1044,0
91,622,0
190,519,0
102,1411,0
192,1269,1
456,818,0
143,1465,0
245,863,0
485,1224,0
347,1461,0
437,787,0
360,779,0
63,725,0
119,1468,0
213,1251,0
333,558,0
142,547,0
464,1015,0
67,876,0
190,1087,0
492,1409,1
232,627,0
5,1227,0
156,1253,0
380,1236,0
442,648,1
180,843,0
88,598,0
88,1228,0
206,613,0
301,1170,0
452,954,0
439,1355,0
457,1107,0
147,1487,0
24,1161,0
326,1427,0
31,825,0
281,1010,0
277,618,0
156,1410,0
476,1092,0
455,919,0
391,1219,0
361,1395,0
376,692,0
283,1003,0
301,1086,0
326,995,0
479,938,0
41,923,0
120,551,0
124,875,0
67,629,0
285,790,0
47,1301,0
417,1368,0
436,965,0
385,593,0
222,1111,0
47,591,0
210,505,0
209,504,0
2,1302,0
42,1175,0
362,859,0
412,1399,0
133,1094,0
57,1284,0
145,719,0
44,574,0
104,561,0
286,1118,0
303,1017,1
415,805,0
362,557,0
33,1442,0
49,1169,0
216,744,0
217,672,0
358,726,0
73,644,0
242,720,0
21,842,0
290,647,0
222,1393,0
406,1409,0
442,1101,0
321,540,0
80,1173,0
393,630,1
418,678,0
430,505,0
400,1399,0
393,1376,0
3,1449,0
70,1361,0
497,1354,0
264,687,0
76,1099,0
293,1460,0
134,642,0
151,693,0
213,1292,0
358,763,0
189,942,0
17,709,0
193,552,0
438,541,0
330,660,0
476,777,0
99,1342,0
145,979,0
90,1098,0
461,1232,0
388,747,0
314,1145,0
403,1079,0
482,551,1
480,1032,0
333,924,0
400,1474,0
21,677,0
155,1021,0
14,1059,1
364,659,0
249,921,0
152,1401,0
422,806,0
218,829,0
49,1151,0
407,1443,0
426,1259,0
169,719,0
88,752,0
65,1191,0
146,1201,1
303,1078,0
285,1417,1
427,563,0
190,1035,0
236,1222,0
36,1053,0
121,617,0
352,1028,0
270,1315,0
467,1081,0
181,1439,0
427,989,0
320,1327,0
20,1287,0
343,1079,0
417,1373,0
192,938,1
342,984,0
461,1042,0
413,576,0
201,1171,0
476,624,0
460,921,0
337,1384,0
134,767,0
296,870,0
253,1482,0
150,1396,0
73,1440,0
174,1369,0
113,555,1
183,993,0
388,866,1
63,1462,0
263,746,0
88,705,0
330,629,0
464,961,1
397,883,0
437,1335,0
356,916,1
312,1214,0
145,1206,0
473,950,0
305,1092,0
486,1071,0
462,1036,0
41,827,0
232,960,0
219,1470,0
56,574,0
372,1056,0
369,763,0
426,638,1
458,1347,0
260,1476,0
7,862,0
107,1110,0
423,1337,0
102,1316,0
464,1131,0
484,878,0
186,1003,0
298,999,1
279,1192,0
438,1036,0
377,1226,0
107,531,0
241,639,0
129,1450,0
276,1102,0
148,829,0
36,1379,0
316,1223,0
232,1285,0
168,826,1
309,876,0
319,593,0
12,578,0
78,648,0
183,1079,0
323,885,0
233,1300,0
378,976,0
358,878,0
366,852,0
200,1425,0
471,895,0
201,1335,0
254,536,0
51,1213,1
234,606,0
19,573,0
212,698,0
285,1045,0
301,980,0
278,577,0
495,1459,0
373,977,0
164,954,0
189,1182,0
360,740,0
447,1111,0
77,900,0
409,806,0
52,934,0
80,1289,0
35,656,0
220,1471,0
352,588,0
314,1031,0
314,625,1
434,1175,0
74,1193,0
255,949,0
269,1391,0
168,695,0
441,1447,0
332,1331,0
59,1161,0
454,564,0
183,1114,0
454,1287,0
258,1425,0
18,1060,0
373,569,0
164,1024,0
179,774,0
319,687,0
279,683,0
40,1418,0
240,828,0
353,556,0
311,888,0
444,1014,1
395,1041,0
198,1295,0
154,1313,0
155,1138,0
345,837,0
265,1412,0
36,1260,0
303,1251,0
382,660,0
217,1067,0
435,1007,0
199,1231,0
449,908,1
5,1272,0
55,828,0
437,590,0
149,1441,0
468,1279,0
391,1462,0
175,941,0
240,778,0
304,976,0
394,842,0
392,854,0
266,1219,0
238,1029,0
297,541,0
417,1357,0
317,926,0
482,1082,0
319,934,0
457,897,0
398,527,0
422,1225,0
338,991,0
156,1349,0
190,1277,0
456,604,0
338,1360,0
383,858,0
303,1091,0
128,1274,0
338,1102,0
228,951,0
180,1214,0
15,1426,0
465,1358,0
175,619,0
225,1223,0
401,1442,0
27,1440,0
305,669,0
133,1103,0
300,1458,0
90,875,0
177,1151,1
296,898,0
97,1371,0
410,937,0
137,1004,0
291,721,0
360,621,0
331,1292,1
487,684,0
46,630,0
485,1273,0
371,1197,0
210,1023,0
414,844,0
487,1332,0
441,632,0
188,1106,0
102,1251,0
22,1126,0
404,992,1
124,1003,0
63,1438,1
109,1064,0
303,692,0
42,1408,0
320,1285,0
397,855,0
253,1209,0
391,958,0
357,1039,0
23,689,0
331,749,0
432,1308,0
106,957,0
291,695,0
479,557,0
475,1234,0
237,1140,0
350,789,0
359,1347,0
402,823,0
210,657,0
161,743,1
287,1201,0
117,1261,0
21,698,0
146,795,1
313,523,0
372,508,0
120,947,0
260,908,0
385,649,0
241,1462,0
50,1472,0
246,817,0
96,505,0
323,925,0
268,1271,0
378,709,0
438,1387,0
265,1475,0
463,842,0
296,746,0
326,997,0
246,1442,0
390,626,1
122,1460,0
118,1404,0
264,522,0
141,683,0
286,649,0
297,626,0
268,1201,0
480,1137,0
9,1085,0
147,1285,0
289,595,0
270,959,0
5,1349,0
369,1223,0
96,1025,0
97,1120,0
495,896,0
411,971,0
19,1412,0
191,1273,0
392,816,0
68,979,0
86,641,0
436,810,0
76,800,0
471,730,0
242,1083,0
6,973,0
165,661,0
312,1133,0
375,957,0
101,630,0
476,1336,0
208,707,0
95,876,0
327,1473,0
290,1310,0
128,1237,0
79,1310,0
133,1011,0
365,1453,0
213,733,0
74,1407,1
386,977,0
265,568,0
161,605,0
181,885,0
440,927,0
113,1175,0
346,1201,0
339,978,0
172,960,0
151,883,0
285,1257,0
276,594,0
165,533,0
82,1368,0
214,633,0
134,1108,0
81,1072,0
290,1378,0
5,1072,0
94,552,0
359,1489,1
128,1399,0
5,832,0
65,1205,0
31,1190,0
297,828,0
288,952,0
50,1279,0
208,1389,0
237,742,0
482,1482,0
128,802,0
245,1359,0
118,642,1
403,950,0
250,792,1
223,1130,0
131,1183,1
155,731,0
384,832,0
399,1136,0
237,1177,1
94,872,0
265,653,0
92,1082,0
422,582,0
134,973,0
102,987,0
466,1031,0
100,504,1
343,578,0
381,651,0
11,1174,0
28,911,0
434,582,0
498,1462,0
244,522,0
166,606,0
21,913,0
415,1089,0
315,695,0
82,575,0
437,881,0
71,829,0
329,675,0
438,1230,0
17,789,1
461,813,0
169,898,0
228,1159,0
143,774,0
229,1019,0
271,594,0
314,899,0
73,619,0
376,1450,0
428,1106,0
122,992,0
172,728,0
286,1189,0
414,739,0
369,1201,0
461,669,0
155,1081,0
292,753,0
308,1004,0
37,1281,0
362,515,0
241,760,0
216,748,0
237,873,0
75,809,0
95,551,0
69,533,0
233,651,0
52,1009,0
171,1429,0
30,753,0
456,1157,0
112,887,0
423,1466,0
482,1078,0
266,982,0
257,1134,0
74,1456,0
166,713,0
66,608,0
492,1271,0
473,1166,0
447,1169,0
123,1018,0
25,643,0
284,523,0
126,1023,0
346,919,0
491,1212,1
12,1203,0
437,612,0
92,1095,0
481,966,0
300,662,0
339,1229,0
429,744,1
395,1388,0
353,651,0
0,1209,0
432,1081,0
69,1458,0
311,783,0
367,517,0
413,1279,0
446,1294,0
497,1031,0
302,937,0
150,923,0
287,1084,0
452,565,0
0,1098,0
120,1273,0
105,960,0
447,765,0
223,650,1
159,1159,0
462,1375,0
133,770,0
75,1378,0
27,505,0
320,1310,0
461,1057,0
163,1138,0
497,813,0
492,838,0
96,1294,0
459,1129,0
301,1007,0
240,897,1
337,716,0
262,1243,1
324,1475,0
260,1302,0
59,1305,0
224,519,0
272,1082,0
457,721,0
66,828,0
192,962,0
129,1155,0
438,534,0
227,772,0
39,695,0
329,569,0
280,1394,0
204,1001,0
348,743,0
63,1349,0
5,1234,0
8,1176,0
291,1466,0
120,1484,0
158,982,0
183,1464,1
80,621,0
157,648,0
13,583,0
23,1269,1
443,1171,0
102,1327,0
407,1018,0
372,947,0
141,925,0
73,966,0
399,1047,0
433,1301,0
66,673,0
357,1413,0
1,522,0
205,648,0
156,978,0
150,792,0
226,1108,0
304,850,0
413,936,0
166,695,0
147,721,0
252,533,0
489,1149,0
498,600,0
386,926,0
135,939,0
370,1339,1
492,1411,0
388,1371,0
455,959,0
459,1340,0
377,718,0
70,798,0
498,804,0
331,681,0
54,1370,0
270,745,0
315,1177,0
448,626,0
142,1373,0
19,1100,0
23,760,1
10,950,0
239,646,0
432,1166,0
64,926,0
479,1344,1
56,809,0
263,1236,0
92,988,0
94,1122,0
14,1018,0
291,1485,0
225,828,0
234,607,0
125,1132,0
77,1139,0
369,1084,0
364,1041,0
244,920,0
153,1179,0
463,1001,0
140,870,0
446,626,0
284,991,0
434,1071,0
20,857,0
236,900,0
201,871,0
136,929,0
139,1323,0
156,1390,0
422,1121,0
374,1007,0
302,707,0
216,1302,0
23,751,0
253,1280,0
158,1065,0
247,696,0
349,905,0
236,1294,0
320,631,0
469,1265,0
264,844,0
93,526,0
30,601,0
259,890,0
169,501,0
407,579,0
253,563,0
211,1053,0
159,1059,0
435,1430,0
85,689,0
69,804,0
203,872,0
35,1424,0
35,729,0
346,1257,0
446,1047,0
480,751,0
26,1294,0
422,1275,0
344,526,0
262,1471,0
87,1038,0
407,1276,0
107,1248,0
105,786,0
99,1142,0
339,987,0
13,1400,0
276,1028,0
112,984,0
447,781,0
153,576,0
176,565,0
469,782,0
199,951,0
207,708,0
402,872,0
25,763,0
490,1247,0
405,1136,0
236,664,0
97,836,0
48,625,0
429,1208,0
288,995,1
79,887,0
349,992,0
141,607,1
357,1135,0
474,1440,0
314,646,0
106,1034,0
223,806,0
37,1177,0
39,766,0
207,1294,0
152,1128,0
372,519,0
427,1262,0
395,972,0
250,824,0
150,1442,0
135,656,0
194,669,0
193,1439,0
45,936,0
469,650,0
294,1058,0
250,1341,0
383,532,0
466,1162,0
110,758,0
82,1305,0
83,655,1
285,1306,0
224,603,0
148,1027,1
263,673,1
127,575,0
77,870,0
349,853,0
259,1036,0
333,836,0
35,995,0
161,1282,0
489,1129,0
356,1472,0
350,1077,0
103,884,0
461,606,0
375,545,0
165,1033,0
276,681,0
154,865,0
251,1478,1
182,1192,0
19,1400,0
81,715,0
360,665,0
78,704,0
355,516,0
485,1241,0
51,1310,0
436,1063,0
6,695,0
275,738,0
153,706,0
474,527,0
82,722,0
336,868,1
387,833,0
67,885,0
294,1160,0
416,926,0
301,1473,0
326,725,1
2,882,0
290,668,0
376,705,0
72,1360,0
131,1211,0
226,1315,0
295,1319,0
297,1484,0
254,789,0
16,1453,0
386,808,0
114,971,0
331,952,0
107,1053,0
60,1489,0
189,552,0
342,790,0
166,1336,0
36,599,0
284,807,0
248,970,0
144,1285,0
203,595,0
212,1424,0
362,1453,0
35,663,0
442,567,0
311,680,0
45,1105,0
214,1046,0
238,1156,0
165,549,0
319,1307,1
302,1225,0
374,1289,0
239,1486,0
268,530,0
323,779,0
126,1396,0
228,551,0
485,1419,0
22,1112,0
475,1058,0
88,1460,0
130,1122,1
73,848,0
325,1324,0
266,1143,0
182,1171,0
163,917,0
112,1350,0
90,947,0
328,1479,0
290,954,0
65,1421,0
226,586,0
292,1281,0
75,1017,1
496,1213,0
32,930,0
34,1402,0
210,1040,0
424,962,0
438,557,0
259,667,0
387,1342,0
394,1420,0
279,948,0
456,1473,0
116,1274,0
297,654,0
136,839,0
201,526,0
154,1399,1
393,584,0
437,1287,0
482,1261,0
143,802,0
245,851,0
53,747,0
54,716,0
275,536,0
201,824,0
77,1006,0
466,738,0
195,912,0
19,1189,1
39,529,0
164,1065,0
459,599,0
481,863,0
173,1175,0
109,1378,0
45,513,1
163,625,0
171,1296,0
120,990,0
154,1439,0
229,709,0
157,1368,0
1,1360,0
129,825,0
257,1229,0
264,1482,0
378,1191,0
486,1232,0
6,1038,0
95,663,0
107,1235,0
155,630,0
21,609,0
299,793,0
15,743,0
178,1208,0
224,1210,1
129,947,0
283,552,0
116,1468,0
61,813,0
385,794,0
240,1127,0
132,1114,0
187,1440,0
414,1078,0
7,733,0
104,1280,0
460,1355,0
275,1027,0
231,1313,0
336,1430,0
329,952,0
352,1127,0
430,1053,0
158,636,0
338,1440,0
153,740,0
391,1030,0
85,957,0
114,1251,0
328,861,0
314,1338,0
391,569,0
338,1305,0
285,638,0
13,1397,0
430,1077,0
27,1027,0
498,1476,0
25,1417,0
333,610,0
379,823,0
111,919,0
258,1222,0
451,740,0
53,557,0
98,1280,0
236,1204,0
139,568,0
479,638,0
75,1215,1
421,797,0
424,1455,0
3,1389,0
214,775,0
193,844,0
492,982,0
206,832,0
352,1153,0
57,1472,0
495,566,0
207,584,0
320,1297,0
475,1353,0
403,1308,0
336,867,0
345,510,0
43,1049,0
272,905,0
250,740,1
371,1275,0
325,1181,0
462,1133,0
263,655,0
88,1479,0
44,1137,0
23,1373,0
302,790,0
475,1311,0
444,592,0
205,511,0
101,681,1
113,1252,0
185,930,0
391,1315,1
201,1094,0
445,985,0
460,1283,0
442,1046,0
231,1463,0
373,794,0
336,716,0
201,1036,0
331,1333,0
406,781,0
38,681,0
430,995,0
66,1072,1
366,589,0
74,1095,0
311,614,0
285,1275,0
408,554,0
96,1009,0
441,552,0
227,1333,0
200,822,0
218,816,0
352,529,0
425,1062,0
118,1438,0
193,638,0
491,1203,0
60,1423,0
218,771,0
90,1234,0
93,922,0
365,1051,0
334,1253,0
360,1241,0
414,1325,0
330,1096,0
193,686,0
213,819,0
59,526,0
29,1299,0
246,507,0
420,525,0
231,1412,0
124,1171,0
92,512,0
244,1244,0
301,876,0
121,622,0
283,647,0
39,949,0
235,1098,0
159,1407,0
10,1140,0
400,1003,0
412,855,1
280,652,0
297,1465,0
410,693,0
456,1431,0
132,1224,0
73,646,0
208,524,0
56,633,0
251,539,0
435,627,0
42,505,1
453,681,0
226,1478,1
246,580,0
465,1102,0
389,1429,0
258,667,0
438,1456,1
300,856,0
84,1227,1
87,755,0
466,506,0
451,1079,0
330,743,0
215,1303,0
65,1180,1
140,1281,0
99,778,0
473,1231,0
402,1295,0
83,1240,0
58,1436,0
300,1176,0
197,1408,0
451,1022,0
172,1365,0
199,566,0
375,1280,0
42,770,0
420,1119,0
171,1346,0
307,771,0
177,1094,0
349,578,0
395,500,0
179,772,0
341,1361,0
25,1040,1
212,768,0
98,1339,0
187,672,0
34,698,0
373,619,0
250,739,0
167,1311,0
113,1352,0
221,1331,0
11,1207,0
184,737,0
380,1353,0
274,1016,0
319,1401,0
464,1160,0
463,1228,0
209,1384,0
62,1341,0
287,504,0
99,1384,0
142,796,0
374,697,0
161,817,0
176,771,0
151,962,0
160,1277,0
320,761,0
373,1190,0
54,1366,0
241,1020,0
240,807,0
15,779,0
412,1233,0
7,520,0
324,829,0
185,1002,0
341,1076,0
33,755,0
253,757,0
53,1076,0
104,624,0
255,962,0
66,944,0
411,647,0
495,1357,0
183,800,0
305,995,0
338,1357,0
429,823,0
389,1131,1
201,1260,0
209,1475,0
33,711,0
166,1453,0
238,1312,0
87,1393,0
467,646,0
409,1212,0
240,690,0
380,867,0
56,937,0
137,1470,0
152,511,0
250,1195,0
380,1255,0
10,1317,0
332,996,0
440,694,0
87,1267,0
235,1009,0
349,1349,0
125,1331,1
61,509,0
173,907,0
302,545,0
461,1024,0
292,791,0
355,832,0
122,1239,0
65,681,0
100,1476,0
172,793,0
246,693,0
312,1290,0
453,987,0
492,1410,1
39,1071,0
444,1344,0
486,1458,0
478,915,0
256,1124,0
255,665,1
178,1207,0
324,556,0
454,1011,0
134,1075,0
160,1386,0
207,689,0
120,1456,0
470,1059,0
393,988,0
108,1483,0
175,595,0
483,680,0
347,845,0
100,1169,0
300,713,0
370,1163,0
449,600,0
76,974,0
390,700,0
431,1108,0
315,677,0
142,1315,0
285,1457,0
165,1253,0
153,1282,0
14,733,0
494,583,0
341,1376,0
1,846,0
75,1395,0
287,828,0
249,1298,0
375,1197,0
295,1054,0
208,660,0
441,1181,0
135,1422,0
434,1095,0
363,1273,0
270,1352,0
238,878,0
335,901,0
335,819,0
473,805,0
24,1095,0
456,995,0
164,806,0
82,1066,0
493,975,0
272,1233,0
188,888,0
286,1249,0
91,1320,0
359,1047,0
296,1362,0
100,1211,0
267,659,0
265,646,0
14,1067,1
386,656,0
497,1201,0
110,1275,0
382,1071,0
191,906,0
9,568,0
285,874,1
226,1002,0
264,1317,0
407,1103,0
233,576,0
12,778,0
224,956,1
372,1094,0
200,1413,0
69,1207,0
199,535,0
128,954,0
152,1488,0
33,1152,0
238,1042,0
205,1476,0
363,1011,0
376,1479,0
266,733,0
316,1027,0
298,609,0
111,1396,0
70,1396,0
405,752,0
121,1183,0
146,1060,0
206,777,0
322,1162,0
35,1410,0
312,1178,0
88,968,0
406,1386,0
155,1378,0
484,1399,0
179,1124,0
339,814,0
201,1378,0
157,990,0
399,575,0
75,614,0
159,897,0
446,1161,0
15,1036,0
105,1106,0
48,636,0
89,543,0
341,1446,0
285,562,0
475,782,0
486,567,0
422,941,0
434,979,0
255,1198,0
177,740,0
287,1109,0
208,1199,0
354,969,0
460,892,0
295,642,0
358,777,0
420,1060,0
189,514,0
214,1399,0
294,1461,0
95,741,1
214,892,0
408,824,0
102,1482,0
133,711,0
154,1475,0
262,623,0
95,801,0
72,1209,0
129,1353,0
110,1029,0
271,1201,0
335,691,0
45,941,0
187,861,0
229,819,0
37,814,0
239,817,1
356,1199,0
164,870,0
65,673,0
131,1445,0
291,1352,0
348,1170,0
289,724,0
448,812,0
494,1287,0
249,1484,0
317,1224,0
450,1288,0
218,1455,0
476,620,1
51,1469,0
192,1056,0
269,749,0
58,1133,0
170,924,0
195,1265,0
312,1425,0
373,706,0
156,796,0
283,1399,0
287,798,0
31,1438,0
14,1095,0
424,563,0
499,1108,0
495,1147,1
229,1408,0
395,636,0
299,1383,0
174,1211,0
189,938,0
155,1095,0
240,1399,0
182,1303,0
182,1040,0
344,1288,0
19,1050,0
412,1489,0
54,1014,0
384,851,0
406,799,0
318,927,0
218,1371,0
144,742,0
413,739,0
137,1265,0
307,733,0
25,1430,0
315,873,0
359,710,1
54,1069,0
62,753,0
281,802,0
95,736,0
337,1093,0
122,973,1
329,915,1
88,1046,0
397,1154,0
356,808,0
254,1487,0
372,774,0
193,1319,0
447,1142,0
238,1009,0
338,1383,0
214,505,0
321,644,0
205,663,1
401,936,0
288,1096,0
43,832,0
71,688,0
421,1219,0
159,1055,1
480,936,0
445,501,0
81,820,0
431,1321,0
226,536,0
175,1289,1
390,926,0
351,561,0
278,897,0
75,1143,0
103,1251,0
337,621,0
55,890,0
166,962,1
366,625,0
434,642,0
318,1450,0
413,1069,0
111,1184,0
427,559,0
381,797,1
365,753,0
363,807,0
179,927,0
61,861,0
416,601,0
287,910,0
117,1454,0
324,516,0
477,752,0
399,506,0
5,1294,0
1,1485,0
56,950,0
250,947,0
64,561,0
77,913,0
260,1323,0
246,881,0
419,1438,0
181,960,0
66,1177,0
319,1009,0
244,1302,0
79,712,0
394,1228,0
66,1094,0
425,1100,0
7,712,0
258,505,0
354,1160,0
138,826,0
494,965,0
299,1279,0
160,1309,0
384,1213,0
148,661,0
47,1023,0
319,1336,0
66,1065,0
67,1097,0
471,1204,0
433,1055,0
307,564,0
4,768,0
342,890,0
84,1456,0
92,1224,0
55,614,0
10,721,0
309,811,0
235,851,0
303,795,0
392,1258,0
208,1015,0
453,1244,0
389,1076,0
225,534,0
471,1315,1
175,1062,0
14,1214,0
130,1430,0
189,1033,0
256,724,0
444,1067,0
456,946,1
351,1360,1
60,688,0
206,894,0
311,658,0
300,1223,0
274,1039,0
308,1385,0
146,1004,0
230,1006,0
498,1101,0
383,772,0
428,1412,0
237,1242,0
476,1249,0
96,1371,0
19,1265,0
66,1199,0
122,1119,0
382,524,1
424,1143,0
96,1093,0
225,1164,0
384,1201,0
484,742,0
202,1387,0
300,937,0
498,846,0
181,610,0
66,958,0
138,1364,1
260,889,1
340,1306,0
249,756,0
263,786,0
54,547,0
107,529,0
435,1364,0
163,775,0
211,1181,0
286,781,0
286,1273,0
475,980,0
496,1397,0
386,905,1
99,911,0
317,800,0
30,534,0
267,796,0
467,792,1
217,825,0
95,1127,0
367,877,0
178,594,0
191,854,0
101,1469,0
108,1488,0
68,879,0
395,791,0
244,756,0
364,1417,0
368,1090,0
492,757,0
158,589,0
44,1146,0
124,903,0
410,591,0
111,1277,0
129,1367,0
153,1238,0
341,1463,0
385,1236,0
499,1099,0
349,515,0
46,1118,0
268,1240,0
322,1131,0
12,1445,0
15,777,0
133,1468,1
411,931,0
310,1406,0
351,572,0
334,1033,0
210,822,0
84,866,0
301,727,0
271,919,0
214,711,0
179,1026,0
178,1142,0
345,1024,0
337,873,0
37,1277,0
178,780,0
339,1373,0
314,1174,0
327,610,0
490,1360,0
427,787,0
140,1400,0
472,609,0
190,722,0
271,644,0
326,1310,0
325,680,1
56,1291,0
494,1453,0
124,1058,0
402,1173,0
189,696,0
369,1131,1
371,862,0
250,1200,0
436,1419,0
475,1252,0
424,1330,0
221,848,0
330,1285,0
208,1080,0
259,1135,0
418,741,0
307,531,0
197,662,0
496,1150,0
59,1472,0
459,750,0
343,1204,0
99,1199,1
61,888,1
23,931,0
279,1438,0
112,719,0
107,645,0
404,729,0
430,942,0
448,1196,0
423,1356,0
197,1365,0
246,613,1
129,963,0
486,750,0
371,1117,0
381,1268,0
339,1032,0
348,1181,0
268,501,0
311,1489,0
370,571,1
130,1334,0
328,1075,0
28,522,0
405,1270,0
160,515,0
407,1243,0
240,1271,0
232,755,0
380,608,0
407,744,0
490,1079,1
444,1059,0
230,576,0
223,1452,0
126,585,0
418,1279,0
453,1403,0
178,753,0
44,731,0
432,765,0
59,1173,0
196,1211,0
74,815,0
340,1003,0
450,658,0
78,1377,0
274,833,0
416,714,0
167,886,0
54,1124,0
479,1034,0
159,1066,0
249,610,0
404,593,0
420,1421,0
200,962,1
338,1010,0
18,818,0
400,1346,0
489,642,0
342,507,0
295,1406,0
58,1141,0
165,956,0
134,745,0
430,839,0
304,868,0
152,922,0
91,895,0
156,501,1
465,1445,0
407,953,0
253,566,0
27,1118,0
363,557,0
315,1093,0
390,733,0
254,1110,0
11,1109,0
13,886,0
181,761,0
268,847,0
21,1122,1
72,520,0
236,755,0
238,545,0
279,568,0
360,705,1
478,1373,0
288,1263,0
452,980,0
366,741,0
252,579,0
472,1370,0
452,989,0
235,1035,1
113,721,0
464,1188,0
242,947,0
145,1229,0
96,746,0
116,763,0
113,1271,0
12,515,0
472,778,0
432,637,1
133,671,0
436,1291,0
68,901,0
483,723,0
225,657,0
144,587,0
449,772,0
84,1131,0
303,847,0
34,518,0
243,610,0
217,910,0
95,1201,0
89,501,0
57,524,0
251,604,0
25,1238,0
186,630,0
317,823,0
336,1418,0
277,964,0
404,1122,0
277,926,0
50,1337,0
51,647,0
357,1435,0
436,1366,0
97,587,0
182,1117,0
93,1018,0
61,1026,0
215,1127,0
384,1153,0
72,1379,0
443,845,0
445,832,0
203,1484,0
165,830,0
488,602,0
97,623,1
442,1031,0
84,1372,0
247,953,0
402,595,0
466,810,0
47,616,0
287,945,0
322,1014,0
371,1097,0
383,1083,0
497,1230,0
137,714,0
145,1168,0
183,1319,0
379,980,0
74,1349,1
363,1266,0
389,1379,1
53,504,0
283,641,0
158,743,0
266,838,0
36,537,1
54,933,0
157,634,0
255,680,0
280,896,1
216,554,0
123,1436,0
186,787,0
46,1177,0
114,1292,0
230,634,0
335,794,0
245,1465,0
499,557,0
390,647,0
263,1215,0
129,1328,0
100,1307,0
252,720,0
159,951,0
371,1133,0
166,1360,0
313,1222,0
23,1455,1
63,699,0
249,1226,0
350,1237,0
157,1404,0
158,909,0
312,1481,0
298,814,0
434,565,0
58,689,1
107,1028,0
412,592,0
11,507,1
276,1169,0
451,1442,0
16,643,0
346,1082,0
404,1237,0
312,1208,0
436,1311,0
161,1244,0
379,747,0
273,926,0
161,894,0
329,943,0
282,1431,0
182,892,0
231,1102,0
414,716,0
47,1175,0
279,1030,0
81,786,0
495,1432,0
291,998,0
153,1095,0
56,533,0
186,783,0
161,973,0
227,826,0
41,1302,0
393,1484,0
18,853,0
260,531,0
139,538,0
206,781,0
58,893,0
380,1139,0
112,1291,1
255,772,0
179,1448,0
189,908,0
9,681,0
317,1195,0
36,742,0
104,657,0
300,578,0
98,1287,0
52,797,0
113,778,0
395,843,0
282,1144,0
193,1048,0
263,784,0
471,669,0
191,757,0
92,794,0
374,915,0
225,1165,0
366,678,0
388,571,0
56,770,1
181,1376,0
5,918,0
166,689,0
298,717,0
260,917,1
51,532,0
408,1044,0
267,938,0
265,1463,1
1,1025,0
125,1017,0
194,1371,0
74,1269,0
97,711,0
94,670,0
297,1386,0
351,889,0
454,1077,0
232,1007,0
139,661,0
251,653,0
364,816,0
196,560,0
372,1351,0
15,686,0
296,1426,0
439,1219,0
259,830,0
58,768,0
317,703,0
185,1289,0
161,546,0
310,1423,0
472,1365,0
113,1291,0
481,725,0
381,918,0
492,1440,0
52,1266,0
171,1464,0
252,616,1
96,855,0
443,1482,0
122,780,0
483,1337,0
156,1360,0
377,1374,0
477,867,0
190,1325,0
174,1013,0
225,913,0
235,1362,0
498,648,0
322,1104,0
53,1254,0
387,952,0
154,1102,0
166,1274,0
260,535,0
434,1338,0
286,977,0
416,663,0
304,753,0
48,1232,0
484,797,0
447,1349,0
82,1081,0
338,809,0
372,1284,0
376,1236,0
222,1426,0
355,752,0
120,882,0
330,800,0
496,939,1
279,999,0
10,1011,0
218,1318,0
354,1125,0
199,960,0
49,1365,0
75,884,0
70,816,0
474,678,0
318,1291,0
398,1378,0
304,683,1
488,729,0
244,1025,0
440,1348,1
446,1320,0
194,983,0
461,1077,0
368,998,0
40,640,0
201,931,0
454,935,0
88,1265,0
159,600,1
268,950,0
220,843,0
457,716,0
110,982,0
380,1363,0
108,510,0
474,1463,0
189,697,1
147,691,0
72,599,0
352,962,0
251,636,0
18,1305,1
223,1277,1
28,507,0
4,1097,0
259,1125,0
50,589,0
224,1348,0
9,1423,0
214,1343,0
92,1117,0
221,899,0
265,681,0
105,1471,0
451,768,0
279,1334,0
432,1403,0
303,785,0
203,808,0
197,962,0
491,964,0
0,1036,0
159,1114,0
174,578,1
248,1178,0
491,1487,1
250,1005,0
387,1039,0
26,1408,0
459,1432,0
215,1249,0
64,516,0
110,1305,0
109,1470,0
482,1330,0
185,1033,0
317,955,0
192,1459,0
58,1386,0
169,606,0
8,1044,0
211,863,0
475,847,0
482,837,0
484,974,0
49,503,0
263,1428,0
325,680,0
390,1071,1
31,678,0
486,681,0
488,1066,0
172,504,1
210,1321,0
58,1397,0
377,632,0
148,1066,0
381,646,0
120,956,0
40,967,0
369,782,0
40,1166,0
373,1006,0
451,1423,0
225,545,0
416,690,0
360,1332,0
121,1077,0
97,1393,0
445,590,0
305,1138,0
190,607,0
139,1329,0
79,1347,0
102,518,0
185,647,0
434,765,0
5,872,0
259,1118,0
186,1227,0
348,1421,0
378,652,0
148,872,0
270,615,0
490,872,0
188,737,0
82,1398,0
199,1336,0
365,743,0
456,1006,0
157,780,0
339,1038,0
95,815,0
323,1014,0
85,1269,1
469,725,0
199,1066,0
361,707,0
427,888,0
35,794,0
422,1027,0
16,1474,0
447,1153,0
60,581,0
387,1084,0
284,580,0
171,547,0
314,1119,0
496,1122,0
320,1442,0
60,500,0
48,806,0
110,1055,0
243,1020,0
295,1344,0
286,1395,0
358,1144,0
255,1114,0
176,766,0
107,1014,0
228,1088,0
304,548,0
278,631,0
395,1222,0
163,879,1
180,560,0
439,888,0
46,738,0
249,1344,0
405,675,0
106,1043,0
9,931,1
134,1059,0
16,1394,0
448,589,0
378,981,0
409,1203,0
40,568,0
141,1023,0
370,1313,0
187,1353,0
15,1366,0
470,1175,0
113,816,0
301,726,0
101,764,0
319,1122,0
478,1030,0
396,1089,0
477,1488,0
233,1467,0
139,1220,0
6,1234,0
455,933,0
109,1163,0
336,1082,0
464,870,0
87,528,0
170,513,0
471,603,0
188,658,1
377,848,0
349,1364,0
2,972,0
151,581,1
290,1002,0
182,997,0
416,943,1
126,1481,0
436,580,0
2,1331,0
154,961,0
65,1223,0
50,931,0
49,643,0
318,741,0
29,1024,0
490,949,0
350,935,0
398,976,0
110,1032,0
30,522,1
48,564,0
313,1156,0
140,691,0
358,861,0
364,845,0
482,1370,0
485,782,0
453,858,0
230,817,0
140,729,0
159,962,0
262,880,0
350,1113,0
448,920,1
3,945,1
95,572,0
48,531,0
422,1232,0
307,911,0
401,1472,0
121,1290,0
427,1416,0
342,733,0
348,664,0
321,881,0
83,1407,0
200,1375,0
120,1211,0
318,1060,0
218,869,0
119,505,0
0,519,0
60,1480,0
168,1106,0
56,623,0
187,510,0
8,1083,0
86,608,0
31,581,1
333,799,0
384,530,1
341,743,0
499,1441,0
41,1132,0
84,912,0
187,705,0
74,1364,0
424,783,0
284,662,0
112,615,0
302,585,0
448,1381,0
469,1143,0
39,1285,0
318,1027,0
239,1390,0
206,566,0
489,1274,0
206,819,0
236,1025,0
496,592,1
475,1320,0
193,673,0
55,569,0
82,1035,0
458,1192,0
284,643,0
337,895,0
429,1180,0
461,897,0
356,981,0
174,1356,0
45,1039,0
80,1000,0
269,1109,0
215,1358,0
358,540,0
249,773,0
117,1347,0
12,1147,0
424,1102,0
12,773,0
346,840,0
325,553,0
165,795,0
340,862,0
161,811,0
487,749,0
175,1094,1
260,1319,0
313,1214,0
402,685,0
423,1403,0
421,752,1
78,572,0
55,1489,0
374,1453,0
405,1487,1
105,1327,0
443,712,0
164,601,0
1,786,0
389,636,0
450,1170,0
324,984,0
392,684,1
401,577,0
72,688,0
71,1149,0
210,1191,0
389,1267,0
211,851,0
260,823,0
401,1052,1
416,856,0
454,924,0
340,860,0
290,678,0
403,1072,0
451,1256,0
187,1338,0
393,1481,0
363,907,1
216,617,1
104,1391,0
47,1327,0
456,1175,0
10,924,0
200,1226,0
20,526,0
253,1408,0
336,720,0
385,1164,0
489,729,0
265,1319,0
370,1314,0
38,827,0
431,977,0
345,1483,0
379,788,0
291,1414,1
228,737,0
266,1055,0
479,1202,0
300,675,0
48,1312,0
460,749,0
235,752,0
398,733,0
273,1099,0
57,1159,0
16,534,1
394,573,0
497,577,0
347,589,0
182,619,0
412,590,0
25,1218,0
12,587,0
428,698,0
159,537,0
399,718,0
449,916,0
69,1440,0
162,673,0
256,1296,0
114,709,0
429,569,0
220,826,0
23,998,0
356,649,0
488,997,0
175,632,0
72,827,0
190,1366,0
390,758,0
55,617,1
398,652,0
234,536,0
331,1152,0
239,694,0
133,1270,0
382,570,0
16,785,0
344,681,0
204,1075,0
276,1023,0
67,1331,0
29,1326,0
148,851,0
263,696,0
492,1240,0
459,1080,0
247,1250,0
103,985,0
355,846,0
212,718,0
61,1258,0
66,1183,0
423,645,0
382,1185,0
50,948,0
127,1362,0
462,985,0
116,1242,0
246,1040,0
22,540,0
82,698,0
166,793,0
186,647,1
305,1201,0
173,735,0
114,648,0
11,554,0
321,1163,0
408,1200,0
423,1147,0
97,1039,0
148,951,0
52,1275,0
191,953,0
114,676,0
57,781,0
409,1380,0
339,1084,0
36,1486,0
281,874,0
102,1135,0
69,935,0
270,720,0
63,1280,0
118,882,0
362,1323,0
481,924,0
301,1256,0
341,680,0
407,680,0
291,1318,0
68,1147,0
171,991,0
76,1128,0
280,784,0
353,1299,0
124,670,0
427,809,0
180,660,0
74,1150,0
415,821,0
218,684,0
95,1061,0
67,1256,0
203,596,0
314,730,0
464,781,0
384,894,0
482,521,0
350,1434,0
337,710,0
295,754,0
430,690,0
161,1297,0
471,805,0
197,1475,0
428,675,0
420,979,0
371,1061,0
494,1241,0
262,1243,0
360,702,0
390,952,0
248,712,0
366,740,0
95,1404,0
106,1075,0
383,1142,0
424,672,0
178,912,0
221,1435,0
275,1272,0
97,1043,0
343,1332,0
432,772,0
248,1081,1
235,1239,0
294,854,0
144,589,0
74,1086,0
273,1461,0
497,539,0
75,999,0
247,1116,0
231,633,0
413,840,0
62,1019,0
162,647,0
88,674,0
256,821,1
94,760,0
309,865,0
164,1107,0
361,1203,0
64,1125,0
346,1487,0
252,751,0
67,1363,0
12,811,0
352,1329,0
229,1198,0
315,1173,0
52,703,0
212,835,0
138,1034,0
168,743,1
318,834,0
379,908,1
474,1236,0
174,891,0
76,612,0
370,1219,0
256,511,0
430,866,0
196,1121,0
481,681,0
184,1254,0
46,1278,0
188,1469,0
336,1411,0
154,1018,0
80,854,0
343,888,1
88,694,0
27,867,0
97,847,0
160,1174,0
294,1004,0
51,675,0
197,974,0
313,824,0
231,1316,1
324,822,1
165,763,0
133,1035,0
487,1055,1
67,1394,0
210,508,0
0,1084,0
293,639,0
402,949,0
454,992,0
204,813,0
99,1346,0
21,1434,0
2,615,0
421,1232,0
68,696,0
310,799,0
322,1088,0
226,630,0
350,1236,0
406,1023,0
136,1033,0
159,961,0
364,933,0
55,1110,0
117,897,0
281,1176,0
288,1010,0
59,1415,0
395,1059,0
224,1231,0
43,1012,0
59,771,0
121,996,1
207,993,0
398,1026,0
209,1004,0
235,564,0
393,1074,0
373,1260,0
299,1216,0
143,1146,0
110,1418,0
219,619,0
195,777,0
177,1244,0
408,1317,0
370,1191,0
287,1485,0
107,1057,0
455,520,0
138,1300,0
450,1461,0
89,514,0
163,719,0
486,508,0
289,560,0
369,968,0
382,1120,0
457,1464,0
308,1386,0
205,914,0
31,1421,0
372,1097,0
465,880,0
263,1298,0
321,537,0
407,835,0
131,1422,0
452,776,0
273,785,0
81,1037,0
346,970,0
233,661,0
94,1237,0
15,1196,0
457,526,0
223,914,0
416,1481,0
194,1313,0
429,1190,0
381,534,0
413,614,0
164,1000,0
417,1129,1
301,651,0
465,756,0
53,1072,0
328,1324,0
248,1317,0
444,525,1
34,1071,0
62,789,0
471,1181,0
156,1332,0
492,563,0
125,1148,0
71,548,0
63,1002,0
329,1148,0
388,525,0
373,658,0
353,721,1
294,1094,0
288,821,0
323,802,0
151,1006,0
317,751,0
325,751,0
128,1049,0
252,652,0
298,765,0
219,1364,0
279,822,0
405,1338,0
319,1010,1
275,736,0
127,837,0
409,1014,0
437,1403,0
186,1277,0
201,1241,0
16,1342,0
232,800,1
117,1271,0
426,510,0
174,848,0
387,1265,0
188,889,0
225,962,0
194,1030,0
425,732,0
496,525,0
309,908,0
360,1036,0
127,698,0
176,1385,0
463,882,0
378,547,0
382,1133,0
279,545,0
218,998,0
458,1197,0
428,705,0
406,1200,0
330,923,0
389,926,0
483,544,0
30,1341,0
120,966,0
466,980,0
272,1469,0
218,1487,1
358,686,0
133,1316,0
222,629,0
174,1398,1
160,983,0
143,1389,0
131,790,0
46,666,0
91,742,0
373,949,0
236,651,0
205,792,0
298,706,0
312,1223,0
81,1360,0
338,661,0
153,1097,0
250,624,0
418,1083,0
45,755,0
58,977,0
83,857,0
494,803,1
20,1307,0
377,1175,0
143,737,0
283,543,0
125,1214,0
286,1193,0
347,1253,0
234,616,0
318,693,0
91,934,0
214,654,0
220,1105,0
123,819,0
307,1044,0
467,505,0
105,561,0
95,1267,0
442,1293,0
10,921,0
258,1022,0
117,778,0
118,900,0
366,532,0
121,535,0
485,1339,0
403,1076,0
495,832,0
50,636,0
23,702,0
491,907,0
40,851,0
252,727,0
24,626,1
74,657,0
307,880,0
324,651,0
467,578,0
187,1121,0
429,1101,0
166,677,0
352,693,0
336,1012,0
427,565,0
81,624,0
445,982,0
349,1105,0
297,653,0
367,1004,0
380,1314,0
420,1441,0
242,983,0
249,671,0
395,1072,0
415,1254,0
25,1000,0
124,1209,0
325,843,0
445,1486,0
341,1381,0
458,1260,0
30,614,0
493,1095,0
289,1281,0
97,1223,0
67,993,0
206,1151,0
482,892,0
163,1210,0
276,538,0
314,524,0
370,696,0
180,668,0
414,935,0
299,732,0
114,1178,0
123,1073,0
418,938,0
261,659,0
235,1448,1
236,970,0
74,1343,0
427,1078,0
327,1250,0
124,1303,0
47,1361,0
289,1350,0
454,1082,0
66,1221,0
353,667,1
229,1063,0
232,1116,0
168,874,0
163,1387,1
164,574,0
405,1289,0
457,1326,0
288,774,0
316,905,0
349,1473,0
480,921,0
374,1318,0
458,615,0
284,1377,0
74,690,0
429,978,0
239,582,0
459,1220,1
72,1270,0
426,1155,0
156,1236,0
138,666,0
41,553,0
121,1335,0
343,991,0
363,1051,0
331,552,0
7,737,0
382,628,0
98,1205,0
296,1273,0
150,1096,0
169,1203,0
315,1075,0
25,1188,0
435,559,1
407,1325,0
218,769,0
281,611,0
65,1122,0
202,1440,0
163,1478,0
294,846,0
170,653,0
39,1284,0
279,805,0
410,1448,0
426,1200,0
234,1002,0
138,515,0
228,1130,0
448,1379,0
440,747,0
365,581,0
369,553,0
435,1081,0
364,1337,0
331,891,0
215,1332,0
369,1237,0
288,646,0
174,678,0
197,718,0
234,1087,0
380,1103,1
479,1065,0
467,1000,0
397,628,0
498,624,0
361,685,0
191,1365,0
320,1055,0
146,1271,0
427,734,0
39,984,0
249,1306,0
88,1340,0
483,903,0
74,1451,0
389,1298,0
259,826,0
342,1002,0
199,852,0
121,1159,0
439,1050,0
121,545,0
431,1137,0
260,1352,0
309,529,0
197,1363,0
78,1324,0
160,701,0
350,571,0
135,726,0
218,1051,0
354,1388,0
336,522,0
100,954,1
387,1451,0
219,780,0
388,1416,1
461,1401,1
361,1108,0
380,1234,0
385,769,0
255,740,0
268,980,0
359,1405,0
217,1333,0
386,529,0
129,698,0
21,604,0
461,1175,0
162,1173,0
409,1334,0
482,1007,0
444,706,0
140,1480,0
81,701,0
144,1317,0
380,1475,0
75,1428,0
418,857,0
57,608,0
195,730,0
93,1207,0
84,1241,0
229,1243,0
235,559,0
178,1181,0
259,1033,1
233,1187,0
235,789,0
158,854,0
174,791,0
221,1194,0
362,1128,0
343,722,0
72,691,0
446,1250,0
460,1158,0
217,1417,0
332,1210,0
220,557,0
360,575,0
299,924,0
113,719,0
345,900,0
359,1065,1
166,925,1
188,1276,0
141,1291,0
332,987,0
381,647,0
104,1175,0
57,1131,0
124,1244,0
284,973,0
456,1053,0
160,673,0
294,1067,0
148,1181,0
199,1143,0
360,716,0
316,832,0
124,881,0
287,919,0
328,1483,1
46,1451,0
66,1196,0
76,1240,0
448,993,0
460,971,0
27,988,0
251,1278,0
205,1265,0
438,523,1
123,701,0
76,1057,0
307,1208,0
486,528,0
112,1099,0
249,1126,0
365,1207,0
50,1449,0
411,1137,0
198,513,0
162,1264,0
1,1169,0
139,904,0
213,1459,0
341,880,0
279,709,0
488,798,0
191,1417,0
160,1337,0
170,1383,0
127,928,0
79,633,0
204,538,0
142,822,0
283,1029,0
115,1114,0
138,1474,1
46,1438,0
397,779,0
215,1345,0
436,1064,0
313,903,0
22,827,0
441,575,0
377,542,0
20,1376,0
336,1307,0
360,961,0
363,773,0
330,823,0
391,636,0
80,812,0
132,1136,0
376,812,0
348,1394,0
443,1143,0
281,1331,0
461,742,0
427,1402,0
420,831,0
306,1360,1
401,1175,0
311,925,0
157,574,0
357,1031,0
288,976,0
64,527,0
47,1419,0
400,1322,0
60,1054,0
134,689,0
137,639,0
220,550,0
257,1103,0
101,826,0
456,803,0
32,712,0
480,1086,0
292,538,1
275,1447,0
331,1114,0
280,1387,0
1,1291,0
217,1398,0
25,900,0
168,1456,0
491,1138,0
210,551,0
326,1167,0
29,1202,0
215,1103,0
60,518,0
134,1007,1
259,783,0
402,928,0
258,1138,0
132,1058,1
466,1244,0
286,616,0
84,1119,0
324,1211,0
245,534,0
473,665,0
256,848,0
422,1269,0
435,547,0
287,1100,0
430,735,0
266,785,1
275,809,0
228,535,0
405,1402,0
338,1207,0
353,856,0
233,732,0
171,1047,0
304,1273,0
213,528,0
46,1159,0
120,1446,1
285,526,0
171,1132,0
353,704,0
49,1002,1
124,894,0
306,656,0
434,970,0
307,1312,0
374,1387,0
103,912,1
103,1175,0
155,1127,0
138,1087,0
274,1229,0
340,723,0
433,723,0
123,614,0
25,526,0
303,547,0
60,1254,0
328,990,0
470,761,1
261,1455,0
93,986,0
102,972,0
208,531,0
466,1103,0
4,1124,1
428,1323,0
415,690,0
457,764,0
153,820,0
474,1311,0
308,1120,0
257,1021,0
261,674,0
413,1183,0
47,664,0
343,1200,0
227,1386,0
250,727,0
21,1474,0
364,1206,0
116,1478,0
35,1316,0
234,1370,0
47,651,0
303,561,0
149,1051,0
256,958,0
327,555,0
24,1028,0
100,542,0
29,572,0
257,1195,0
212,621,0
89,1074,0
173,1233,0
156,514,0
210,580,0
269,1186,0
219,1177,0
207,642,0
371,1138,0
159,1361,0
487,1262,0
359,529,0
149,1209,0
360,1123,0
193,975,0
125,963,0
289,1304,0
57,1113,0
285,870,0
390,1348,0
239,610,0
52,1057,0
327,1376,0
391,1318,1
19,1227,0
56,1087,0
230,1102,0
490,1279,0
37,660,0
481,625,0
311,1368,0
492,799,0
375,998,1
136,534,0
188,1486,0
369,1463,0
203,850,1
170,1044,0
399,1025,0
237,1244,0
223,1202,0
316,840,0
241,1410,0
224,799,1
95,946,0
219,602,0
404,618,0
269,524,0
143,665,0
62,561,0
362,1049,0
75,1028,0
70,1190,0
26,1183,0
302,1356,0
229,647,1
194,691,0
107,698,0
303,707,0
493,1141,0
268,1426,0
309,1333,0
146,1346,0
289,885,0
486,630,0
61,729,0
344,1210,0
481,1179,0
443,829,0
263,777,0
391,1371,0
230,1107,0
66,1140,0
421,773,0
361,872,0
490,548,0
325,767,0
38,1043,0
129,949,0
248,1248,0
432,1070,0
224,1129,0
426,694,1
365,810,0
87,620,1
114,976,0
370,787,0
286,587,0
37,777,0
272,967,0
416,1199,0
71,714,0
473,553,0
427,1313,0
470,1153,0
370,1010,0
95,535,0
391,1408,1
165,689,0
390,1217,0
472,1470,1
485,1343,0
178,520,0
190,515,0
124,966,0
284,879,0
30,1252,0
468,1252,0
245,1386,0
82,1400,0
264,1309,0
399,1412,0
44,711,0
239,1220,0
409,1164,0
59,663,1
324,752,0
61,1274,0
228,571,0
174,880,0
182,1384,0
323,718,0
91,730,0
26,622,0
321,818,0
80,1201,0
179,1278,0
480,1446,0
460,1119,0
456,991,0
45,1133,0
404,1048,0
319,621,0
38,732,0
50,728,0
439,963,0
246,688,0
57,964,0
116,515,0
66,782,0
229,1173,0
247,1246,0
14,1137,0
36,708,0
327,685,1
379,1479,0
334,868,0
302,738,0
348,1290,0
415,613,0
87,781,0
339,592,0
328,1013,0
43,849,0
312,998,0
207,1155,0
249,535,0
38,1102,0
88,543,0
171,878,0
230,1288,0
36,1003,0
356,740,0
402,999,0
263,980,0
453,1225,0
128,888,0
99,784,0
493,770,0
342,990,0
299,504,0
439,950,0
15,534,0
428,898,0
396,1477,0
174,990,0
104,1042,0
215,1234,0
321,750,0
452,1028,0
85,997,0
99,545,0
214,757,0
305,1465,0
85,745,0
271,817,0
196,1427,0
237,735,0
422,642,0
111,1270,0
61,1061,0
62,945,0
418,618,0
10,761,0
457,503,0
324,1203,0
239,768,0
439,757,0
168,1426,0
285,853,0
187,1085,0
313,543,0
50,1394,0
317,976,0
460,1077,0
471,726,0
386,890,0
132,1253,0
357,616,0
349,1294,0
217,685,0
84,737,0
171,1361,0
272,1070,0
150,1356,0
6,1052,0
198,724,0
308,1029,0
456,903,0
413,712,0
339,626,0
212,1009,0
311,1219,0
22,641,0
459,1360,0
330,1191,0
24,1108,0
86,1356,0
446,1465,0
345,834,0
406,975,1
61,1171,1
476,843,0
434,898,0
95,1161,1
21,1159,0
98,1107,0
66,1368,0
39,1073,0
286,1109,0
248,1096,0
329,984,0
308,678,0
80,1334,1
62,1461,0
191,1458,0
67,1059,0
236,1103,0
206,789,0
479,904,0
155,1197,0
43,669,0
451,1339,0
436,995,1
159,717,0
249,1320,0
221,1106,0
41,514,0
465,1431,0
26,1107,0
166,799,0
39,1078,0
371,1332,0
399,1195,0
101,760,0
260,873,0
487,661,0
40,560,0
188,979,0
150,574,0
457,1381,0
244,1060,0
394,865,0
254,964,0
131,1321,0
484,1208,0
318,1157,0
297,1090,0
468,869,0
6,1472,0
432,1064,0
192,1106,0
318,586,0
440,1148,1
178,845,0
474,1210,0
284,1118,0
182,1109,0
126,1233,0
9,1456,0
193,1184,0
300,944,0
277,913,1
455,1030,0
298,663,0
424,607,0
98,567,0
380,828,0
248,1319,0
271,1488,0
53,1454,0
138,585,0
128,924,1
192,882,0
341,859,0
84,629,0
69,1097,1
310,928,0
129,645,0
270,992,0
367,772,1
162,672,0
385,744,0
372,874,0
58,1087,0
257,1028,0
343,621,0
365,698,1
406,1412,0
331,870,0
400,1220,0
363,1030,0
194,792,0
98,804,0
419,533,0
309,573,0
212,1003,0
485,1157,0
79,1119,0
473,649,0
314,856,1
156,1119,0
481,757,0
291,632,0
307,1467,0
32,694,0
42,1097,0
133,1385,0
401,697,0
50,1212,0
94,520,0
115,1453,0
23,990,0
447,1396,0
45,754,0
218,1285,0
309,1456,0
29,723,0
52,1020,0
48,1094,0
412,655,0
176,824,0
376,757,0
425,531,0
3,1262,0
27,664,0
272,596,0
451,1327,0
133,908,0
416,1161,0
35,1031,0
279,864,0
325,875,0
304,1147,0
318,882,0
183,1034,0
116,1149,0
354,553,0
54,1444,0
76,1348,0
89,1057,0
442,1124,0
283,1459,0
272,1072,0
168,1230,0
217,1131,0
63,642,0
102,702,0
426,1450,1
471,1371,0
334,1204,0
112,1152,0
368,611,0
198,739,0
197,883,0
235,786,0
33,1292,0
116,1364,0
417,1432,0
96,987,0
351,629,0
388,582,0
381,1101,0
373,1247,0
141,1274,0
483,727,0
120,546,0
442,1069,0
360,770,0
79,1412,0
7,1081,0
204,954,0
486,1123,0
485,1075,0
318,748,0
88,518,0
441,933,0
119,784,0
264,1487,0
437,903,0
494,711,0
175,1041,1
244,1164,0
409,1049,0
176,582,0
126,697,0
103,1029,0
84,758,0
192,639,0
67,1481,0
316,868,0
245,975,0
463,1060,0
14,1376,0
147,1241,0
305,1242,0
457,643,0
3,1387,0
298,1426,0
313,915,0
417,1087,0
166,809,0
293,1183,0
116,1004,0
204,1035,0
93,1009,0
55,1082,0
404,801,0
401,1022,0
496,990,0
255,1384,1
13,535,0
397,1351,0
32,929,0
387,1354,0
154,1011,0
102,1485,0
86,888,0
403,1422,0
441,957,0
358,1474,0
48,1151,0
239,1346,0
33,780,1
223,1184,0
318,785,0
87,987,0
341,1391,0
195,1316,0
271,1051,0
190,1247,0
382,1387,0
497,871,0
221,582,0
355,1340,0
195,1361,0
174,1095,1
100,1292,0
39,1066,0
367,1154,0
277,1483,0
198,653,0
392,506,0
371,1150,0
323,649,0
488,1108,0
432,1446,0
82,525,0
23,1453,0
362,1110,0
402,1484,1
340,625,1
368,1143,0
22,1128,0
78,789,0
0,708,0
147,1046,0
453,530,0
407,1477,0
470,1336,0
236,771,0
61,814,1
391,923,0
446,1182,0
457,1092,0
258,1143,1
215,1092,0
483,740,0
204,830,0
363,953,0
186,1255,0
246,645,0
15,1124,0
431,854,0
184,1423,0
495,1011,0
338,1338,0
407,520,0
253,573,0
453,633,0
254,534,0
104,646,0
76,704,0
301,1190,0
78,717,0
362,1371,0
240,1322,0
306,733,0
171,1417,0
58,1449,0
199,706,0
125,1183,0
449,1007,0
324,1426,0
94,550,1
323,774,0
236,1120,0
104,558,0
305,1329,0
340,836,0
400,698,0
18,1341,0
64,790,0
286,557,0
449,669,0
302,1071,1
148,591,0
393,708,0
105,1126,0
302,1341,0
334,869,0
441,1065,0
128,1413,0
100,500,0
128,1304,0
399,790,1
135,722,0
295,1145,0
276,1321,0
485,1444,0
457,513,0
342,1240,0
393,1438,0
289,725,0
316,913,0
146,626,0
172,511,0
355,966,0
442,946,0
228,736,0
22,1449,1
440,1067,0
109,1438,0
97,839,0
18,1446,0
193,533,0
297,1451,1
24,518,0
408,1166,0
227,1479,1
196,1147,0
474,793,0
120,1473,0
461,733,0
205,655,0
216,644,0
265,883,0
290,513,0
47,557,0
423,653,1
77,748,0
472,592,0
293,1025,0
295,787,0
2,1368,0
362,640,0
134,781,1
80,556,0
220,520,0
211,1090,0
54,532,0
121,1441,0
336,1113,0
292,1151,0
78,1059,0
156,1320,0
114,675,0
410,649,0
43,652,0
217,1015,0
102,719,0
47,1006,0
452,1204,0
296,1052,0
133,647,0
454,793,0
390,1183,0
493,667,0
92,887,0
46,543,0
218,984,0
195,894,0
123,1065,0
25,1476,0
171,596,0
99,554,0
276,1316,0
449,812,0
417,1041,1
203,1323,0
381,1087,0
29,973,0
222,1039,0
255,679,0
106,1313,0
183,636,0
352,626,0
157,1293,0
335,917,0
87,621,0
102,986,0
300,1324,0
274,557,0
457,539,0
118,1196,1
204,800,1
468,1024,0
220,888,0
416,1157,0
214,903,0
266,820,0
295,831,0
306,720,0
272,835,0
474,868,0
95,666,0
8,650,0
153,1286,0
60,1238,0
4,1262,0
358,501,0
101,1198,0
478,1231,0
398,1465,0
423,1417,0
56,1275,0
202,680,0
201,1310,0
260,904,0
243,1126,0
284,994,0
426,1266,0
201,916,0
94,1150,0
445,533,0
95,906,0
92,648,0
145,1405,0
89,1052,0
72,1329,0
453,1338,0
175,1343,0
14,693,0
3,1401,0
242,812,0
94,537,0
411,1076,0
163,753,0
104,782,0
418,1123,0
159,915,0
339,677,0
153,617,0
458,1023,0
87,884,0
406,904,0
204,1198,0
52,606,0
304,1092,0
11,999,0
144,1439,0
397,1107,0
470,723,0
388,997,0
121,875,0
463,1478,0
286,516,0
295,529,0
133,913,0
141,1183,0
344,1161,0
329,608,0
328,1074,0
450,995,0
435,592,0
431,579,0
220,716,0
497,1056,0
490,1210,1
352,1415,0
345,954,0
302,1283,0
313,977,0
53,1346,0
494,616,0
388,1110,0
141,738,0
438,813,0
27,638,0
191,1263,0
223,903,0
289,1293,0
69,614,0
276,801,0
489,758,1
426,590,0
416,569,0
116,768,0
132,1032,0
368,514,0
406,763,0
308,1371,0
133,1471,0
381,893,0
254,545,0
198,969,0
445,1450,0
97,660,0
247,680,0
229,1284,0
245,884,0
198,900,0
160,1202,0
81,586,0
481,1360,0
331,1131,0
428,645,0
54,830,0
238,858,1
265,763,0
206,530,0
331,1330,0
43,780,0
21,1422,0
409,644,0
109,1395,0
159,648,0
371,1211,0
288,984,0
127,1431,0
186,1153,0
416,574,0
183,660,0
267,878,1
67,1315,1
69,771,0
243,1289,0
413,1258,0
28,1468,0
262,1094,0
292,1378,0
1,774,0
271,1261,0
170,572,0
483,649,0
447,1018,0
481,995,0
231,1018,0
33,1153,0
68,935,0
171,647,0
195,902,0
284,675,0
287,1465,0
242,590,0
117,1444,0
171,1350,0
63,682,0
484,1034,0
482,1018,0
385,1469,0
381,1339,0
255,911,0
362,533,0
291,537,0
209,821,0
361,1129,0
365,598,0
168,1233,1
13,1013,0
363,504,0
309,895,0
117,1172,0
4,531,0
148,1332,0
448,595,0
92,1193,0
6,700,0
258,1120,0
108,1361,0
423,584,0
277,577,0
308,1145,0
275,640,0
183,513,0
463,846,0
0,595,0
26,566,0
232,1154,0
37,608,0
291,1389,0
154,1150,0
116,1309,0
291,658,0
108,1112,0
386,600,0
497,974,0
14,1341,0
423,603,0
41,1303,0
205,1095,0
147,1312,0
207,1445,0
103,944,0
137,1461,0
91,1202,0
257,599,0
0,1234,0
111,724,0
370,1483,0
380,1250,0
202,808,1
240,893,0
158,1351,0
450,714,0
139,602,0
285,581,0
9,548,0
174,635,0
84,1252,0
219,564,0
271,1207,0
127,1017,0
28,1320,0
428,976,1
163,909,0
70,900,0
375,1200,0
368,701,0
27,746,0
248,1425,1
433,774,0
330,1215,0
419,1443,0
7,1139,0
265,634,0
499,1178,0
165,1061,0
440,775,0
231,501,0
377,694,0
226,765,0
179,849,0
33,804,0
242,751,0
178,622,1
341,814,0
188,803,0
6,1271,0
48,694,0
406,1408,0
200,1123,0
232,519,1
169,1344,0
100,595,0
375,1093,0
243,955,1
216,1344,0
114,556,0
60,622,0
265,797,0
91,699,0
17,733,0
86,577,0
302,792,0
200,1486,0
257,1139,0
416,1384,0
62,736,0
228,856,1
355,837,0
366,743,0
217,1287,0
429,1292,0
362,1249,0
247,1026,0
218,977,0
400,874,0
41,1224,0
112,780,0
387,1075,0
213,983,1
483,1146,0
297,1399,0
15,532,0
477,793,0
330,1004,0
302,1133,0
83,883,0
140,612,0
19,580,0
2,600,0
8,559,0
215,978,0
43,845,0
142,861,0
270,951,0
20,763,0
265,1432,0
23,1388,0
250,1267,0
73,1060,0
373,975,0
318,1184,0
251,703,0
37,1307,0
179,692,0
236,804,1
430,1364,0
469,1463,0
411,896,0
441,969,0
192,687,0
148,736,0
179,1352,0
247,955,0
123,719,0
94,752,0
402,1115,0
434,1042,0
497,877,0
7,1453,1
199,1085,0
371,1447,0
101,991,0
54,1231,0
52,678,1
5,693,0
471,1275,0
160,1239,0
93,769,0
318,1077,0
396,821,0
124,1472,0
21,1450,0
104,1314,0
379,1278,0
354,1133,0
196,784,0
327,945,0
447,944,0
411,1102,0
200,931,0
481,1018,0
396,1281,0
315,1036,0
353,972,0
275,767,0
416,1034,0
185,1339,0
384,1009,0
85,1101,0
356,736,0
182,1349,0
19,1109,0
407,1466,0
267,1028,0
331,1230,0
6,667,0
357,1054,1
420,873,0
408,500,1
320,1322,0
80,1125,0
256,1354,0
153,748,0
185,1187,0
2,685,0
444,800,0
486,951,0
201,696,0
261,961,0
225,506,0
317,576,0
305,1415,0
133,531,0
484,793,0
110,1134,0
470,581,0
49,977,0
206,994,0
272,761,0
180,1197,0
131,515,0
446,1181,0
316,950,1
297,780,0
462,1060,0
258,581,0
485,834,0
45,599,0
219,1120,0
370,1048,0
312,832,0
205,1413,0
253,1082,0
460,1415,0
346,1042,0
195,869,0
218,780,0
290,1419,0
84,902,0
120,1457,0
349,970,0
115,1249,0
447,1265,0
383,1061,0
465,618,0
207,772,0
227,1063,0
308,952,0
446,685,1
169,1381,0
319,960,0
367,1076,0
491,533,0
496,973,0
67,1131,0
345,1352,0
346,813,0
201,1054,0
144,843,0
328,1204,0
387,743,0
245,1439,0
259,1473,0
185,839,0
28,1314,0
341,1148,0
41,601,0
202,1146,0
127,714,0
365,961,1
305,833,0
331,905,0
346,1252,0
355,810,0
217,566,0
87,962,0
227,1352,0
140,891,0
322,1285,1
132,1341,0
199,871,0
428,781,0
271,702,0
457,673,0
396,714,0
357,1451,1
17,1109,0
161,587,0
361,648,0
372,1011,0
445,1257,0
454,1417,1
402,1113,0
136,1299,0
449,883,0
480,1306,0
2,1143,0
434,1265,0
415,868,0
0,1002,0
7,1214,0
94,1266,0
429,1481,0
335,757,0
180,1314,0
284,1092,0
297,1030,0
290,1233,0
389,896,0
106,500,0
400,757,0
270,1010,0
261,1356,0
257,1099,0
10,1256,0
155,840,0
431,789,0
299,1208,0
408,678,0
360,1218,0
85,702,0
300,1284,1
482,1279,0
348,1299,0
145,751,1
492,1422,0
291,1126,0
64,863,0
253,1282,0
494,642,0
9,776,0
149,738,0
477,1461,0
40,1048,0
145,1179,0
274,699,0
261,1372,0
470,1159,0
354,577,0
62,1458,0
467,1353,0
414,1306,0
339,1312,0
263,1196,0
81,666,0
353,900,0
39,886,0
223,929,0
167,1421,0
390,1418,0
394,1326,0
30,790,0
96,893,0
375,1189,0
397,969,0
9,1208,0
247,630,0
279,779,0
320,665,0
87,802,0
32,1367,0
251,549,0
91,1011,0
381,1334,0
33,1352,0
50,1385,0
20,635,0
285,1291,0
84,1300,0
364,1453,0
41,701,0
447,1122,0
96,824,0
358,733,0
309,757,0
22,886,0
67,1473,0
351,1120,0
370,728,0
164,1129,0
299,1098,1
92,1063,0
431,1115,0
393,1109,0
195,758,0
27,1276,0
214,1010,0
96,1210,0
481,1351,1
488,1159,0
371,1119,0
143,926,0
449,980,0
256,594,1
102,1084,0
121,1021,0
469,1219,0
119,1440,0
353,712,1
318,860,0
68,523,0
281,724,0
161,789,1
296,579,0
442,778,0
242,527,0
115,1373,0
478,1296,0
260,1186,0
433,1381,0
45,1063,0
443,1350,0
406,528,0
182,873,0
3,965,0
66,993,0
237,1278,0
364,886,0
379,1176,0
173,1399,0
423,570,0
265,1132,0
490,1141,0
249,689,0
209,1262,0
123,666,0
348,651,0
401,1026,0
147,1394,0
132,1077,0
123,542,0
339,1135,0
170,714,0
370,788,0
10,1071,0
277,728,0
335,1132,0
58,712,0
494,842,0
100,1154,0
403,786,0
170,1056,0
491,1144,0
439,813,0
19,891,0
445,604,0
8,872,0
75,716,0
285,1320,0
485,808,0
149,1214,0
177,691,0
410,1225,0
91,1050,0
208,830,0
447,753,0
398,915,0
294,1460,0
274,674,0
38,1448,0
198,612,0
184,963,0
155,766,0
388,935,0
242,1253,0
45,1428,0
208,903,1
353,1093,0
482,1131,0
444,815,0
423,1188,0
425,1259,0
434,1030,0
221,660,0
191,797,0
481,1105,0
123,797,0
481,903,0
70,637,0
318,962,0
121,1365,0
261,531,0
479,1158,0
311,533,0
457,830,0
448,1449,0
435,605,0
17,905,0
130,1209,0
355,1151,0
169,1301,0
298,745,0
276,541,0
210,1292,0
11,1181,0
131,991,0
382,845,0
235,1087,0
312,1121,0
388,1187,0
384,1169,0
87,613,0
181,701,0
331,1248,0
115,1404,0
478,1457,0
367,617,1
410,682,0
444,1101,0
150,718,0
451,767,0
11,754,0
250,891,0
393,603,0
30,1400,0
382,903,0
125,1332,0
276,1302,0
23,1039,0
220,844,0
16,787,0
173,1377,0
367,1252,0
382,1282,0
235,1254,0
432,1431,0
372,1270,1
490,1466,0
161,665,0
17,914,0
74,698,0
483,1143,0
104,646,1
133,1376,0
176,1447,0
297,839,0
302,1344,0
244,713,0
1,1181,0
117,821,0
189,1023,0
67,772,0
331,1216,0
193,1075,0
4,929,0
81,895,0
490,966,0
386,856,0
91,1400,0
218,1366,0
26,1006,0
184,571,0
306,1371,0
178,626,0
340,1380,0
458,601,0
0,899,0
72,901,0
452,1351,0
31,815,0
13,1458,0
250,849,0
442,697,0
71,1098,0
70,681,1
420,1339,0
466,1460,0
66,1257,0
474,998,1
278,1200,0
90,913,0
67,819,1
239,591,0
33,795,0
226,1121,0
412,1430,0
119,726,0
118,704,0
474,738,0
50,943,0
58,879,0
443,904,0
168,1058,0
92,1240,0
110,604,0
310,1284,0
247,1114,0
4,938,0
402,1066,0
118,852,0
304,682,0
460,1439,0
141,1329,0
499,1227,0
441,527,0
356,609,0
13,1327,0
303,1241,0
371,897,0
241,1392,0
33,1318,1
199,1289,0
74,1479,0
50,863,0
437,1264,0
24,738,0
325,1489,0
461,708,0
232,982,0
331,1199,0
351,1351,0
326,1424,0
181,734,0
436,1325,0
185,931,0
410,827,0
183,687,1
112,1075,0
427,1364,0
478,790,0
237,718,0
366,807,0
431,720,1
37,954,1
372,1223,0
226,1107,0
38,1390,0
450,675,0
258,1237,1
140,743,0
432,1001,0
190,1208,0
371,817,0
83,524,0
67,1467,0
130,512,0
160,537,0
17,871,0
12,964,1
407,802,0
394,1297,0
31,528,0
368,1449,0
102,1367,0
224,500,0
33,1286,0
39,572,0
90,1367,1
319,1254,0
2,1341,0
139,964,0
375,624,0
482,973,0
73,747,0
275,1444,0
424,981,0
54,1451,0
166,1130,0
13,742,1
492,896,0
387,942,0
420,1231,0
132,1359,0
293,722,0
321,1373,0
223,1119,0
442,582,0
14,928,0
371,1343,0
339,964,0
251,763,0
83,1350,0
421,811,1
398,535,0
424,1390,0
73,618,0
460,895,0
32,795,0
353,1272,0
75,750,0
102,1335,0
173,1159,0
470,652,0
358,1263,1
416,626,0
461,1466,1
82,723,0
54,1324,0
401,1024,0
288,730,0
358,1253,0
498,1381,0
90,1392,0
353,1081,0
102,1162,0
57,621,0
189,1392,0
274,1071,0
119,785,0
17,1244,0
294,897,0
11,1483,0
135,817,0
446,1268,0
28,1390,0
28,922,0
225,882,0
323,589,1
243,1405,0
146,830,0
138,1350,0
471,1255,0
21,817,0
146,911,0
381,896,0
66,929,0
213,784,0
25,991,0
223,958,0
28,1215,0
314,672,0
78,1306,0
225,1400,0
372,1315,0
327,824,0
232,574,0
255,1244,0
78,669,1
158,877,0
401,532,0
214,1325,0
61,938,0
372,659,0
395,1039,0
156,1114,0
206,856,0
143,962,0
354,1221,0
349,837,0
74,798,0
429,1268,1
57,1459,0
193,696,0
24,971,0
477,1051,0
271,788,0
377,1451,1
265,890,0
281,1018,0
270,694,0
18,1368,0
43,858,0
253,1038,0
368,660,0
285,972,0
369,1085,0
42,874,1
254,1160,0
325,614,0
177,810,0
100,1309,0
156,1073,0
309,851,0
361,1097,0
102,837,0
456,1176,0
409,1016,0
133,1092,0
90,1066,0
392,1100,0
362,727,0
234,823,0
428,577,0
468,1415,0
368,1416,1
232,1055,0
362,1143,0
462,1057,1
291,933,0
172,1388,0
454,1391,0
295,1103,0
438,1030,0
470,1044,0
95,1463,0
116,1487,0
239,1015,0
133,767,0
177,1142,0
16,1013,0
389,1099,0
89,988,0
493,1049,0
189,692,0
182,898,0
301,565,1
443,1252,0
299,1449,0
349,1061,1
161,979,0
292,1455,0
138,1446,0
424,750,0
28,1146,0
138,634,0
435,1411,0
439,659,0
431,596,0
10,1429,0
20,977,0
88,1199,0
332,1390,1
154,981,0
387,1333,0
323,1251,0
1,1152,0
411,1397,0
263,1089,0
365,806,0
342,757,0
494,1262,0
174,1362,0
435,1047,0
155,936,0
303,1073,1
371,1052,0
349,576,0
365,1185,0
240,761,0
420,958,0
146,653,0
443,1357,0
429,1420,0
28,709,0
276,1394,0
449,614,0
132,617,0
134,1012,0
475,1006,0
376,1080,0
252,950,0
423,908,0
272,640,0
306,1180,0
351,1379,1
469,1069,0
211,518,0
157,1127,1
281,710,0
330,564,0
384,557,0
469,1217,0
128,1134,0
217,902,0
434,1205,1
389,1000,0
227,1108,0
121,871,0
121,1054,0
4,1207,0
221,1118,0
99,599,0
434,605,0
336,619,0
407,782,0
77,1134,0
344,1363,0
17,696,0
181,1212,0
125,635,0
117,1186,0
204,509,0
44,533,0
34,945,0
58,1028,0
209,1217,0
482,607,0
87,866,0
383,1137,0
468,1157,0
496,513,0
377,1454,0
248,1249,0
144,1083,0
155,1441,0
333,992,0
251,1071,0
345,1390,1
459,1476,1
313,1034,1
392,961,0
199,829,0
425,573,0
298,1195,0
238,989,0
440,1433,1
247,930,0
133,1299,0
247,931,0
237,838,0
126,1090,0
236,1475,0
216,1406,1
102,729,0
262,1294,0
104,1034,0
433,1383,0
70,1393,0
68,1419,0
50,892,0
282,1465,0
269,1316,1
345,1355,0
119,974,0
388,655,0
120,1300,0
58,827,0
147,753,0
362,1283,0
476,1230,0
120,1363,0
458,739,0
223,1373,0
125,578,0
401,1067,0
39,867,0
224,825,0
457,925,0
257,1183,0
135,1413,0
382,1046,0
283,770,0
131,701,0
383,1162,0
27,1392,0
338,1420,0
240,1390,0
361,1306,0
190,1071,0
244,534,0
223,1181,0
422,1075,0
209,838,0
135,1379,0
23,594,0
177,1341,0
17,1152,0
339,1111,0
173,563,0
180,738,0
171,584,0
84,1102,0
299,1018,0
108,975,0
432,763,0
322,1018,0
427,1361,0
432,796,0
151,1028,0
66,1158,0
358,957,0
465,739,0
73,531,0
263,1205,0
292,638,0
14,839,0
234,1342,0
113,1365,0
447,1285,0
28,869,0
136,554,0
498,1324,1
303,523,0
375,958,0
370,1160,0
414,836,1
451,521,1
493,749,0
125,1094,0
125,960,0
382,564,0
319,1014,0
19,934,0
66,1121,1
460,859,0
80,686,0
228,1032,0
255,936,0
178,858,0
391,1477,0
117,1145,0
10,798,0
99,582,0
56,1287,0
18,544,0
208,1179,0
110,1481,0
156,823,0
161,1392,0
492,1449,0
44,715,0
436,1129,1
66,1046,0
463,744,0
333,605,0
208,505,0
278,1312,0
93,615,0
209,864,0
263,736,0
355,856,0
18,956,0
346,991,0
15,955,0
197,625,0
419,1335,0
413,1105,0
215,935,0
306,1001,0
3,1359,0
200,529,0
223,1212,0
17,1065,0
22,1412,0
422,901,0
342,804,0
410,1174,0
26,1332,0
6,1195,0
52,1419,0
330,866,0
343,823,0
74,1393,0
6,1305,0
363,1024,0
207,912,0
14,1483,0
53,1421,0
131,1354,0
177,605,0
422,1144,0
133,1408,0
148,941,0
255,1164,0
450,758,0
131,783,0
139,994,0
108,1282,0
13,1007,0
223,662,0
315,1067,0
333,583,0
262,850,0
376,668,0
448,575,0
264,1000,0
233,744,0
365,1150,0
118,1049,0
112,1057,0
161,1317,0
53,815,0
310,1268,0
154,1340,0
480,1227,0
468,541,0
103,592,0
346,1095,0
278,1166,0
393,1046,0
111,734,0
124,603,0
448,642,0
491,778,0
368,1398,0
239,1303,0
231,1428,0
462,1116,0
6,1221,0
277,905,0
253,1185,0
2,557,0
39,687,0
14,1178,0
350,584,0
320,1078,0
385,1076,0
475,1194,0
164,1163,0
481,1250,0
290,852,0
440,1378,0
104,1382,0
445,956,0
259,1469,0
15,567,0
475,1255,1
19,1003,0
113,506,0
173,1035,0
13,1262,0
103,1355,0
204,1251,0
185,1107,0
321,1292,0
96,810,0
236,1230,0
261,1178,0
329,1396,0
288,753,0
402,1465,0
193,1315,0
95,709,0
275,732,0
213,1188,0
297,1087,1
468,567,0
499,629,0
246,1005,0
158,582,0
464,724,0
103,1024,0
55,1036,0
10,1389,0
483,838,0
306,987,0
31,701,0
14,989,0
253,1066,0
175,1001,0
154,1115,0
23,999,0
143,547,0
220,667,0
114,533,0
60,1340,0
458,521,0
127,788,0
473,1250,0
418,776,0
0,1068,0
18,1165,0
183,1240,0
47,538,0
399,1138,0
393,550,0
87,612,0
81,638,0
11,640,0
232,1429,0
295,1382,0
197,1461,0
180,1393,0
420,1097,0
325,942,0
456,1353,0
327,669,0
32,867,0
321,901,0
228,790,0
136,558,0
369,727,0
261,651,0
80,744,0
402,763,0
187,1355,0
180,970,0
460,1044,0
350,1096,0
30,895,0
151,1479,0
124,804,0
366,1257,0
233,983,0
164,682,0
408,1211,0
391,732,0
34,1473,0
486,1420,0
181,713,0
211,1050,0
350,651,0
289,1068,0
248,551,0
99,976,0
421,1206,0
317,600,0
97,1439,0
410,771,0
270,1400,0
345,1445,0
247,999,0
407,1365,0
55,988,0
159,1105,0
200,645,0
50,1063,0
305,830,0
54,1015,0
316,1314,0
455,799,0
114,728,0
169,1480,0
425,907,0
167,1475,0
254,1250,0
383,989,1
381,1226,0
330,729,0
437,558,0
364,1391,0
110,1336,0
436,691,0
200,827,0
438,1371,0
499,1393,0
327,633,0
301,1416,0
186,1155,0
7,980,0
417,1086,0
128,604,0
256,831,0
177,545,0
464,609,0
366,1124,0
161,617,0
310,1423,1
271,704,0
297,1329,0
209,1089,0
308,728,0
342,960,0
171,1210,0
437,518,0
317,1428,0
7,1130,0
93,544,0
387,1007,0
236,799,0
145,1454,0
378,1170,0
452,1346,0
370,1008,0
443,1479,0
101,1026,0
239,870,0
455,677,0
106,1145,0
51,856,0
151,1278,0
43,1311,0
373,1322,0
62,539,0
18,1298,0
10,655,0
392,782,0
6,502,0
454,1446,0
297,895,0
460,570,0
170,505,0
280,1170,0
336,521,0
216,1236,0
444,530,0
310,1213,1
129,581,0
376,718,0
213,823,0
361,558,0
94,1282,0
271,845,0
369,1469,0
250,924,0
304,700,0
233,743,1
342,1066,0
202,1485,0
224,871,0
373,575,0
288,767,0
155,756,0
463,1462,0
254,1414,0
10,660,0
5,655,0
214,1035,0
256,668,0
131,936,0
102,564,0
435,521,0
275,1275,0
24,578,0
108,759,0
233,806,0
89,732,0
324,1123,0
383,997,0
93,591,0
137,1165,0
328,1423,1
83,808,1
61,809,0
372,1481,0
274,813,0
374,766,0
184,988,0
377,999,0
31,777,0
491,1173,0
234,1274,0
51,1308,0
182,890,0
175,1111,0
277,694,0
77,1350,0
165,1435,0
232,901,0
259,1313,1
322,997,0
216,1252,0
341,1369,0
498,1187,0
148,836,0
289,1058,0
312,889,0
71,633,0
200,1200,0
420,1404,0
352,794,0
123,690,0
174,1156,0
76,1150,0
285,548,0
180,1173,0
115,1033,0
452,1076,0
344,987,0
288,750,0
438,1064,0
275,573,0
422,1254,0
460,1387,0
196,972,0
480,1471,0
67,1266,0
476,1269,0
415,1068,0
369,928,1
14,1255,1
7,1123,0
327,947,0
259,1274,0
278,1219,0
469,631,0
449,760,0
393,532,0
475,827,0
75,557,0
133,619,0
321,1232,0
51,1282,0
126,776,0
400,604,0
71,1048,0
488,1036,0
370,691,0
189,661,0
97,636,0
307,865,0
414,586,0
251,1136,0
350,1197,0
184,511,0
285,938,0
159,602,0
109,1013,0
154,722,0
6,1242,0
29,1151,0
476,1438,0
443,1160,0
351,1169,0
216,1327,0
321,989,0
278,1446,0
111,1052,1
428,1318,0
5,1229,0
277,1190,0
401,1186,0
80,1088,0
302,936,0
411,1006,0
309,1462,0
135,1174,0
247,674,0
64,1109,0
113,1301,0
205,1108,1
394,875,0
134,1158,0
52,927,1
220,817,0
433,1336,0
468,1369,0
265,1125,0
155,621,0
380,1289,0
82,1273,0
139,1356,0
214,507,0
405,558,0
316,827,0
400,963,0
411,1298,0
132,814,0
41,1171,0
419,686,1
77,1029,0
458,998,0
385,518,0
293,986,0
402,513,0
40,505,0
351,1365,0
475,801,0
53,898,0
303,984,0
13,1074,0
422,914,0
82,773,0
344,638,0
226,665,0
76,661,0
292,694,0
118,1416,0
275,907,0
374,1478,0
144,877,0
121,1162,0
67,1342,0
274,731,0
212,699,0
471,675,0
126,996,0
411,1015,0
231,803,0
53,761,0
217,646,0
187,1172,0
129,1028,0
305,1331,0
3,1132,0
411,1450,0
41,629,0
157,1178,0
218,1052,0
344,1306,0
86,1438,1
402,837,0
11,1142,0
381,536,0
16,1025,0
381,1356,0
150,703,0
24,775,0
141,1014,0
357,844,0
94,910,0
368,1080,0
238,1186,0
266,660,0
333,713,0
288,538,0
133,1170,0
481,991,0
105,1010,0
456,1242,0
149,1028,0
429,638,0
480,663,0
31,651,0
417,513,0
81,1471,0
143,1207,0
479,529,0
349,1015,0
80,822,0
158,759,0
155,1145,1
111,668,0
317,1232,0
391,540,0
251,804,0
15,924,0
51,954,0
96,1457,0
445,1309,0
294,880,0
321,952,0
268,704,0
448,1396,0
311,1258,0
58,1351,0
207,1401,0
40,790,0
497,551,0
315,710,0
66,556,0
436,920,0
134,1211,1
441,943,0
369,1185,0
492,887,0
400,661,0
282,1257,0
211,1311,0
226,1240,0
337,677,0
287,869,0
480,569,0
76,1404,0
338,1012,0
387,1167,0
429,609,0
138,546,0
42,1443,0
206,729,0
147,945,0
267,1084,0
495,534,0
156,676,0
67,1086,0
237,1438,0
88,1304,0
390,905,0
291,705,0
166,885,0
262,1433,0
103,1096,0
75,1223,0
173,671,0
177,915,0
426,948,0
466,1026,0
56,1322,0
194,614,0
467,1362,0
38,1298,0
195,528,0
352,795,0
55,1382,0
395,891,0
27,775,0
429,680,0
18,912,1
282,1313,0
145,1410,0
252,809,0
372,549,0
49,1427,0
312,1007,1
22,1462,0
75,1230,0
299,1075,0
400,1287,0
371,1034,1
187,752,0
162,883,0
14,922,0
281,1146,0
470,1423,0
454,1393,0
28,1344,0
298,1028,0
368,915,0
484,1284,0
65,1444,0
318,826,0
22,898,0
39,1430,0
492,762,0
16,1358,0
49,1205,0
89,534,0
253,1109,0
480,566,0
334,705,0
88,1166,0
174,767,0
54,1159,0
433,934,0
312,516,0
440,719,0
477,1458,0
496,788,0
221,1232,0
286,812,0
241,1048,0
171,1421,0
152,1458,0
415,647,0
301,962,0
261,650,0
198,772,0
387,846,0
179,1252,0
192,681,0
347,752,0
92,704,0
428,868,0
258,590,0
177,1451,0
225,1310,0
396,1232,0
384,1421,0
434,1184,0
365,1372,0
313,827,0
289,1149,0
131,1043,0
212,632,0
88,1425,0
483,1255,0
419,1263,0
225,983,0
170,1199,0
164,816,0
457,1229,0
295,767,1
408,1132,0
392,969,0
397,1177,1
57,584,0
298,552,0
149,977,0
372,588,0
289,1107,0
374,1175,0
257,878,0
80,712,0
129,806,0
367,876,0
238,1102,1
454,979,0
129,1150,0
280,660,0
380,1325,0
424,1305,0
424,1043,0
102,1183,0
137,832,0
313,838,0
40,671,0
382,1464,0
275,1307,0
446,1331,0
245,1122,0
274,1161,0
475,1190,0
393,536,0
444,1431,0
148,1335,0
82,1221,0
241,906,0
478,690,0
308,1090,0
379,830,0
9,1446,0
455,1286,0
163,810,0
246,531,0
213,842,0
491,1072,0
387,877,0
159,746,0
208,738,0
349,1392,0
312,817,0
303,906,0
194,1377,0
103,1271,0
53,1459,0
399,1394,0
368,1049,0
143,786,0
488,803,0
455,1144,0
483,1467,0
490,560,0
493,1286,0
259,956,0
347,730,0
4,947,0
182,1447,0
89,1456,0
384,966,0
92,1170,0
409,1332,0
201,1021,0
109,1220,0
250,1488,0
57,576,0
197,707,0
283,777,0
463,597,0
104,732,0
97,803,0
404,831,0
181,954,0
81,1211,0
301,617,0
49,822,0
117,903,0
174,1276,0
334,1315,0
370,1193,0
96,1007,0
199,772,0
36,785,0
329,629,0
306,661,0
270,1415,0
497,915,0
154,1455,0
240,765,0
77,588,1
225,723,0
299,828,0
34,1031,0
394,991,0
423,1279,0
314,963,0
243,1001,0
393,1459,0
157,934,1
1,562,0
81,832,0
450,1410,0
479,753,0
178,996,0
246,1399,0
233,1032,0
386,1151,0
155,1003,0
220,890,0
30,1357,0
394,864,0
155,806,0
498,604,0
359,576,0
415,1066,0
386,1473,0
310,1448,0
202,763,0
16,1343,0
305,1099,0
385,1019,1
378,880,0
191,1487,0
259,1284,0
156,732,0
36,979,0
256,813,0
38,804,0
460,732,0
158,1370,0
102,1464,0
138,797,0
57,634,0
204,1380,0
179,584,0
295,557,1
102,1056,0
496,687,0
21,1348,0
446,539,0
182,1005,0
273,959,0
277,904,0
268,1408,0
43,1322,0
176,1205,0
396,561,0
185,530,0
140,614,0
248,742,0
402,1190,0
439,741,0
89,1303,0
392,1232,0
265,864,0
230,923,0
163,1103,0
489,1486,0
76,1381,0
71,1328,0
215,864,0
290,1457,1
295,1269,0
436,1486,0
478,1206,0
101,884,0
360,527,0
413,634,0
118,1244,1
3,1124,0
233,1121,0
292,815,0
135,1000,1
462,581,0
310,776,0
314,1118,0
192,844,0
454,841,0
291,1310,0
471,532,1
99,1488,0
220,529,0
222,849,0
456,601,0
250,1045,1
113,1169,0
467,1292,0
269,964,0
385,943,0
496,718,0
493,1327,0
123,1366,0
467,574,0
471,1321,0
234,858,0
110,630,0
312,1000,0
446,827,0
381,548,0
224,535,0
128,1331,0
57,1305,1
411,904,0
94,654,1
365,1233,0
470,823,0
261,1094,0
183,1359,0
396,1183,0
246,1309,0
60,656,0
349,1411,0
463,1000,1
159,522,0
276,863,0
29,1282,0
447,583,0
30,1145,0
89,651,0
254,1125,0
51,916,0
149,928,0
401,706,0
280,579,0
75,1119,0
1,913,0
177,663,1
499,960,0
317,564,0
32,899,0
81,503,0
74,878,0
438,1225,1
482,568,0
190,996,0
371,844,0
48,629,1
284,724,0
88,1458,1
197,563,0
4,1126,0
408,927,1
99,1022,0
402,957,0
259,1144,0
299,806,0
335,1036,0
234,883,0
22,1398,1
244,964,0
348,580,1
220,709,0
289,610,0
337,1183,0
452,1264,0
361,779,0
195,942,0
231,720,0
473,500,0
116,1281,0
396,751,0
311,1206,0
133,1292,1
479,980,0
57,1371,1
167,900,0
115,1399,0
317,1467,0
134,1215,0
273,608,0
141,1388,0
192,592,0
341,1271,0
248,1236,0
174,1063,0
489,1281,0
426,1233,0
411,867,0
31,1066,0
368,515,0
343,1289,0
95,544,0
125,1428,0
110,1036,0
80,1286,0
393,693,0
86,1424,0
176,1276,0
89,1258,0
162,1076,0
490,577,0
219,947,0
48,833,0
143,945,0
374,1246,0
473,934,0
456,861,0
242,884,0
155,1289,0
461,824,1
322,1394,0
198,564,0
141,643,0
20,568,0
268,1306,0
441,938,0
76,637,0
285,1050,0
74,630,0
93,606,0
280,561,1
64,957,0
22,920,0
279,1185,0
214,1289,0
313,572,0
420,511,0
260,856,0
286,1254,0
281,1222,0
21,1466,0
315,788,0
147,1232,0
101,1011,0
212,557,0
452,526,0
213,1437,0
487,763,0
15,798,0
104,660,0
156,685,0
458,1202,0
82,1184,0
76,1259,0
317,860,0
286,1126,0
359,1469,0
36,752,0
171,1433,0
437,614,0
322,1345,0
210,1202,1
301,676,0
18,1137,0
337,1446,0
283,673,0
497,839,0
48,522,0
195,1100,0
462,613,0
268,1382,0
112,1417,0
108,1366,0
397,668,0
140,602,0
127,522,0
372,749,0
289,1331,0
114,576,1
63,1190,0
215,735,0
421,1109,0
72,1384,0
344,674,0
483,778,0
314,1188,0
156,1400,0
437,999,0
351,1058,0
168,1062,0
0,588,1
157,1369,0
368,1029,0
129,510,0
240,585,0
471,775,0
10,855,0
423,755,0
281,513,0
499,1165,0
386,1198,0
98,1474,0
51,750,0
422,716,0
357,761,1
468,910,1
117,1478,0
199,1132,0
26,947,0
106,1161,0
228,528,0
496,578,0
408,1206,0
421,1176,0
495,866,0
293,794,0
6,774,0
66,522,0
418,903,1
119,1128,0
233,1167,0
3,1323,0
400,631,0
100,922,0
81,588,0
214,995,0
455,1478,0
265,1435,0
486,531,0
198,595,0
85,999,0
443,1489,1
368,600,0
284,826,0
141,570,0
480,628,0
175,563,0
405,1277,0
167,1486,0
157,579,0
137,952,0
448,729,0
217,1337,0
468,924,0
475,770,0
124,1228,0
260,585,0
113,1195,0
78,681,0
60,1116,0
214,544,0
234,603,0
132,770,0
136,876,0
362,707,0
420,883,0
71,712,0
472,1059,0
300,550,0
221,920,0
272,675,0
289,1138,0
1,1227,1
490,1194,0
193,1289,0
421,717,0
393,598,0
76,1417,0
387,776,0
237,1031,0
386,790,0
152,653,0
481,1039,0
188,731,0
481,1177,0
5,781,0
255,979,0
353,1262,0
357,1034,0
477,549,0
151,683,0
250,521,0
421,1349,0
70,779,0
344,1436,0
338,894,0
414,1138,0
443,884,0
297,945,0
462,582,0
448,1287,0
237,584,0
211,962,0
224,1464,0
467,724,0
447,1382,0
69,1108,0
376,1464,0
12,1122,0
469,565,0
440,1132,0
383,1093,0
375,947,0
491,950,1
51,1048,0
189,1192,0
307,1121,0
432,1429,0
95,1475,0
27,902,0
214,1037,0
344,736,0
471,1358,0
352,1182,0
69,1453,0
43,1221,0
182,1347,0
383,1024,0
90,1300,0
202,1061,0
80,618,1
340,1188,0
306,685,0
300,1344,0
271,1401,0
238,845,0
316,555,0
469,1130,0
459,1380,0
406,1139,0
21,996,0
49,1074,0
25,809,0
381,514,0
324,1172,0
97,974,0
96,1021,0
379,850,0
380,1263,0
108,1127,0
283,672,0
433,1292,0
374,784,1
243,1361,0
110,817,0
19,874,0
486,1187,0
230,1075,0
10,1021,0
216,874,1
471,742,0
416,1191,0
142,657,0
153,692,0
9,932,0
62,801,0
380,630,0
140,939,1
140,1425,0
181,1152,0
320,1311,0
139,1069,0
178,785,0
203,911,0
123,1481,0
393,1136,0
182,786,0
47,1365,0
66,620,0
490,515,0
165,757,0
197,849,0
471,1237,0
442,587,1
120,962,0
88,1100,0
276,508,0
471,776,0
198,873,0
208,836,0
120,1392,0
136,712,0
474,1285,0
354,911,0
253,722,0
398,703,1
392,1231,0
11,1333,0
385,912,0
158,603,0
354,876,0
496,1233,0
91,1071,0
482,823,0
154,563,0
290,529,0
277,1163,0
284,1354,1
335,903,0
60,981,0
306,1114,0
253,947,0
461,582,0
382,1043,0
363,702,0
474,795,0
324,1329,0
97,1212,0
431,1363,0
118,1466,0
450,857,0
188,1418,0
25,708,0
381,1085,0
247,760,0
114,957,0
407,1228,0
154,1372,0
477,1347,0
29,508,0
482,771,0
185,1440,0
324,543,0
326,932,0
106,892,0
137,883,0
133,545,0
146,593,0
429,1354,0
377,614,0
425,738,0
208,951,0
410,950,0
34,1330,0
4,1233,0
288,1449,0
299,986,0
203,1182,0
280,680,0
145,1470,0
50,521,0
463,1120,0
157,1187,0
304,722,0
450,803,0
409,1433,0
123,814,0
349,1199,0
187,1130,0
143,1208,0
222,693,0
124,581,0
415,570,0
108,925,0
226,1447,0
5,1000,0
17,683,0
445,609,0
72,1119,0
372,960,0
334,1331,0
106,1127,1
255,587,0
213,794,0
214,679,0
447,814,0
164,820,0
230,533,0
144,1244,0
429,844,0
243,1097,0
446,1028,0
188,1019,0
117,905,0
133,952,0
475,1158,0
179,1180,0
293,1087,0
283,782,0
112,1049,0
99,979,0
410,1141,0
431,902,0
69,745,0
67,520,0
212,1058,0
68,752,0
458,994,0
290,1265,0
365,699,0
209,610,0
228,1174,0
451,896,0
137,622,1
322,1398,0
42,580,0
472,929,0
498,885,0
91,706,0
280,1088,0
5,1138,0
384,768,0
290,1248,0
78,1042,0
333,727,0
117,706,0
220,1300,0
199,1298,0
285,545,0
424,591,0
330,1320,0
49,1299,0
189,1332,0
176,1299,0
168,830,0
445,870,0
150,821,0
122,1361,0
68,1371,0
374,1006,0
182,692,0
117,807,0
291,853,0
35,1469,0
390,1438,0
236,722,0
286,1183,0
21,1114,0
359,1052,0
302,1403,0
118,1462,0
138,650,0
366,537,0
382,886,0
111,1380,0
198,885,0
221,1024,1
385,619,0
259,1389,0
132,1262,0
385,729,0
365,720,0
404,1027,0
172,572,0
58,1418,0
481,510,0
273,1472,0
498,1068,0
413,1434,0
66,753,0
268,1295,0
391,1319,0
288,1326,0
339,777,0
499,694,1
181,616,0
7,685,0
60,1468,0
131,563,0
157,1198,0
235,1420,0
80,628,0
468,1073,0
372,638,0
221,555,0
406,772,0
321,912,0
410,1144,0
39,1049,0
367,906,0
330,1036,0
167,1006,0
115,1285,0
422,825,0
153,579,0
104,1173,0
497,1091,0
112,1245,0
363,1021,0
52,905,0
136,1365,0
182,645,0
107,566,0
377,820,0
52,1102,0
323,532,0
30,1415,0
432,734,0
57,768,0
461,1120,0
39,903,0
329,1372,0
399,1413,0
272,737,0
310,921,0
235,1218,0
408,778,0
134,692,0
385,1159,0
322,881,0
193,739,0
215,733,0
454,981,0
186,632,0
165,1076,0
281,550,0
152,1240,0
359,874,0
344,1215,0
464,974,0
496,1293,0
359,913,0
393,1219,0
158,915,0
461,1443,0
124,1071,0
315,1200,0
26,619,0
324,522,0
132,935,0
424,1167,0
38,1322,0
65,1453,0
52,1482,0
419,695,0
489,1176,0
289,1367,0
226,1323,0
399,803,0
447,707,1
232,1239,0
149,1480,0
252,1120,0
53,506,0
356,903,0
329,653,0
9,1236,0
125,1431,0
30,938,0
213,1302,0
149,1062,0
446,1172,0
391,1011,0
414,616,0
183,1265,0
343,1363,0
57,565,1
305,1438,0
422,1434,0
259,717,0
308,795,0
277,1288,0
156,743,0
453,1207,0
495,566,1
441,1085,0
475,695,0
359,1274,0
451,1297,0
435,1237,0
465,782,0
338,704,0
398,1086,0
211,964,0
270,1401,0
499,1194,0
258,891,0
358,694,0
163,749,0
130,878,0
481,792,0
335,1308,0
199,1065,0
241,1270,0
209,735,0
464,1125,0
246,1096,0
274,757,0
417,767,0
196,877,0
61,646,0
315,1109,0
238,1268,0
392,570,1
388,987,0
133,738,0
209,818,0
42,1426,1
122,546,0
92,742,1
225,1242,0
498,666,0
163,796,0
267,871,0
406,510,0
204,615,0
476,957,0
355,1487,0
462,692,0
91,866,0
351,1145,0
103,1419,0
136,1369,0
190,719,0
98,829,0
24,1436,0
244,952,0
277,886,0
169,1434,0
92,520,0
389,793,0
287,1052,0
457,1315,0
43,619,0
312,1318,0
441,698,0
158,695,0
233,1139,0
301,1386,0
162,642,0
424,1485,0
38,1037,0
472,1460,0
318,800,0
320,1064,0
130,1484,0
2,994,1
414,946,0
466,874,0
70,734,0
155,1220,0
1,783,0
433,1130,0
110,1231,0
159,881,0
138,839,0
255,1326,0
491,849,0
328,814,0
212,605,0
41,1457,0
334,1334,0
376,1488,0
186,588,0
486,1109,0
443,741,0
497,1065,0
4,1003,0
402,1138,0
446,731,0
32,1198,0
387,1282,0
78,1288,0
264,1168,0
362,904,1
460,1354,0
154,1091,0
18,1205,0
309,1215,0
278,643,0
418,1015,0
355,1444,0
453,804,0
75,712,0
87,878,0
278,925,0
425,695,0
346,1120,1
479,1385,0
464,737,0
225,1089,0
463,782,0
144,759,1
494,1415,0
133,1196,0
147,811,0
236,1148,0
251,1011,1
197,1166,0
479,1365,0
448,1445,0
230,1255,0
32,1101,0
171,1376,0
45,714,0
303,1235,0
73,715,0
44,777,1
291,936,0
498,1296,0
429,1246,0
351,793,0
457,1280,0
244,679,0
339,1291,0
436,1382,0
424,1328,0
61,1153,0
153,880,0
78,1216,0
333,1405,0
35,1379,0
137,1277,0
160,1137,0
49,831,0
171,875,0
74,1157,0
303,1342,0
348,526,0
465,787,0
379,907,0
52,698,0
217,555,0
243,527,0
447,1156,0
384,1243,0
1,759,0
240,957,0
359,795,0
5,1106,0
239,803,0
485,663,1
412,1302,0
209,1156,0
444,709,0
78,1151,0
29,1165,0
334,1090,1
485,655,0
419,1355,0
218,910,0
323,603,0
253,1319,0
430,1398,0
54,1281,0
415,1055,0
417,877,0
470,1235,0
338,670,0
130,622,0
341,867,0
0,582,0
246,1227,0
139,907,0
132,1340,0
424,1412,0
98,762,0
4,856,0
87,956,0
137,1387,0
125,1440,0
49,1165,0
168,698,0
233,1050,0
412,1373,0
38,1075,0
50,1102,0
377,1350,0
217,1152,0
172,625,0
353,951,0
447,936,1
311,1008,0
64,1149,0
457,1188,0
495,894,0
126,958,0
238,1218,0
495,1030,0
26,1275,0
443,722,0
115,1270,0
245,594,0
492,904,0
258,612,0
337,1294,0
445,585,0
211,1225,0
233,1116,0
344,861,1
359,899,0
84,1323,0
368,695,0
439,1206,0
383,1171,0
490,1388,0
77,558,0
138,723,0
480,1238,0
100,556,0
381,1144,0
405,1259,0
156,1112,0
400,554,0
80,750,0
52,835,0
424,742,0
14,509,0
67,1156,0
102,891,0
421,674,0
307,972,0
200,955,0
190,968,0
183,1326,1
382,1240,0
164,1415,0
267,572,0
60,811,0
318,1073,0
356,904,0
125,625,0
71,755,0
289,671,0
169,579,0
32,1031,0
306,594,0
132,1271,0
38,1235,0
269,1404,0
482,1303,0
277,1234,0
297,697,0
439,1436,0
189,1435,0
158,993,0
412,1477,0
177,518,1
442,1224,0
365,1357,0
194,1254,0
126,862,1
155,709,0
491,1464,0
379,794,0
61,1332,0
278,1486,0
462,896,0
79,1355,0
335,1481,0
388,647,0
191,639,0
284,730,0
377,1329,0
204,1185,0
362,1157,0
356,1002,0
474,1370,0
33,712,0
295,1383,0
372,1428,1
269,1093,0
277,1436,0
126,945,0
393,828,0
429,1157,0
317,1204,0
289,736,0
323,985,0
483,1097,0
158,769,0
477,697,0
193,1083,0
266,1406,0
82,1240,0
402,802,0
406,502,0
316,596,0
204,1242,0
109,876,0
78,1058,1
308,1147,0
19,1160,0
422,867,0
221,781,0
331,1028,0
414,836,0
11,1286,0
27,513,0
333,1134,0
444,849,0
414,1461,0
21,720,0
4,1382,0
449,571,0
5,767,0
353,1228,0
303,782,0
28,1447,0
126,1470,0
32,910,0
380,994,0
338,534,0
95,1191,0
329,1460,1
366,744,0
16,515,0
128,1397,1
172,700,0
333,1081,0
69,705,0
137,577,0
290,901,0
160,987,0
48,590,0
56,1026,0
488,1454,0
413,1055,0
137,1488,0
75,972,0
280,936,1
295,1300,0
139,637,0
200,1456,0
115,850,0
419,1191,0
86,754,0
46,645,0
335,734,0
121,942,1
19,970,0
7,1025,0
271,853,0
243,945,0
291,999,0
363,919,0
346,1278,0
411,747,1
441,1169,0
276,560,0
286,1459,0
113,1048,0
273,836,1
37,646,0
467,606,0
162,1080,0
21,1083,0
49,630,1
488,859,0
339,984,0
473,634,0
388,1424,0
126,1364,0
281,1129,0
382,1344,0
412,1285,0
36,1324,0
376,696,0
468,968,0
276,1044,0
476,533,0
362,768,0
4,1346,1
177,519,0
231,698,0
268,666,0
120,734,0
468,739,0
23,1090,0
180,785,0
248,951,0
432,1380,0
208,1375,0
41,1067,0
476,974,0
27,848,0
292,743,0
83,973,0
375,1486,1
359,1021,0
87,522,0
289,1090,0
176,880,0
180,1335,0
184,924,0
358,655,0
141,755,0
322,918,0
1,1202,0
294,677,0
329,1285,0
3,1011,0
151,983,0
443,770,0
352,845,0
49,892,0
428,956,0
126,856,0
492,1456,0
6,1150,0
18,501,0
238,1044,0
290,705,0
54,1097,0
288,861,0
491,863,0
34,1427,0
26,1473,0
284,565,0
197,661,1
110,708,0
102,1147,0
372,1072,0
300,667,0
362,732,0
116,1283,0
99,1200,0
12,945,0
284,1022,0
218,794,0
367,583,0
254,766,0
491,1255,1
21,790,0
113,759,0
4,816,0
147,1234,0
97,1188,1
446,863,0
451,835,0
344,562,0
128,1240,0
131,613,0
346,1196,0
447,758,0
294,1071,0
124,778,0
199,805,0
196,1232,0
490,1452,0
415,775,0
108,948,0
24,1477,0
153,1422,0
362,778,0
172,1110,0
122,956,0
369,535,0
33,1469,0
133,1185,0
476,922,0
181,749,0
167,1404,0
84,989,0
394,540,0
141,919,0
328,894,0
86,511,0
372,1302,0
332,950,1
71,840,0
385,754,1
300,1341,0
244,1279,0
87,945,0
249,951,0
16,630,0
180,1047,1
391,954,0
464,1150,0
281,977,0
104,785,0
436,1371,0
467,1201,0
262,539,0
264,1155,0
64,1354,0
216,752,0
398,901,0
497,1250,0
403,870,0
258,953,0
330,678,0
277,683,0
443,1289,0
399,1086,0
8,789,0
468,696,0
32,1392,0
242,1476,0
64,762,0
387,902,1
491,1150,0
234,1477,0
270,1403,0
421,1226,0
245,1302,0
50,740,0
373,969,0
247,1272,0
327,567,0
68,1440,0
251,600,0
494,990,0
202,1042,0
60,1128,0
227,1097,0
101,894,0
176,972,0
294,525,0
235,1067,0
37,1085,0
336,571,0
205,1180,0
339,579,0
111,656,0
244,521,0
388,601,1
314,1485,0
209,1225,0
196,1160,0
467,1374,0
423,834,0
126,1168,0
319,678,0
226,1078,0
475,553,0
391,926,0
16,1265,0
277,1057,0
269,744,0
480,561,0
275,1054,0
47,1339,0
253,1487,0
468,623,0
217,1031,0
24,1085,0
311,1463,0
221,1382,0
108,1233,0
65,1108,0
374,1038,0
179,829,0
390,1263,0
137,626,0
110,1199,0
412,754,0
56,1296,0
245,1278,0
36,1189,0
265,1174,0
134,1486,0
404,1095,0
203,1376,0
87,1429,0
295,1464,0
236,1243,0
293,825,0
16,1409,0
236,1284,0
230,550,0
174,954,0
125,935,0
318,552,0
37,732,0
162,859,0
58,1100,0
138,1301,0
131,1391,0
42,1066,0
137,1156,0
267,1388,0
436,1156,1
222,692,0
43,1319,1
277,1146,0
24,1163,0
394,1453,0
89,1246,0
205,890,0
6,948,0
351,828,0
114,965,0
46,556,0
24,1279,0
64,620,0
348,523,0
73,1029,0
396,610,0
202,1111,0
162,760,1
498,1286,0
151,1390,0
168,1353,0
433,730,0
467,572,0
408,1223,0
336,941,0
284,1274,0
50,535,0
165,1003,1
407,1374,0
347,1373,0
67,1397,0
414,945,0
69,911,1
34,723,0
31,1403,0
427,1373,0
69,902,0
226,1280,0
327,706,0
465,1195,0
314,1051,0
17,1056,0
269,1192,0
458,578,0
267,523,0
40,1010,0
100,1418,0
80,514,0
413,1438,0
173,1223,0
97,1318,0
36,576,0
341,937,0
38,1453,0
34,607,1
440,549,0
274,1456,0
181,609,0
408,1476,0
151,1174,0
355,1092,0
235,1425,0
23,1355,0
173,1236,0
377,779,0
328,840,0
272,757,0
159,1345,0
332,520,0
400,986,0
298,1239,0
177,1058,0
470,1106,0
127,1344,0
43,1076,0
220,1396,0
110,537,0
427,1298,0
57,569,0
16,1202,0
422,1323,0
76,1463,0
207,1269,0
466,630,0
134,1145,0
130,794,0
35,1435,0
144,925,0
237,783,0
459,1159,0
287,541,0
218,1172,0
194,966,0
428,587,0
40,518,0
408,1078,1
39,723,0
456,940,0
247,937,0
267,1197,0
67,1375,0
109,985,0
195,1163,0
391,537,0
216,1413,0
146,839,0
88,740,0
21,1107,0
26,1127,0
164,723,0
433,1012,1
88,1220,0
187,1373,0
43,1128,0
389,549,0
105,775,1
293,1143,0
340,1471,0
190,1016,0
119,1362,0
465,1063,1
263,1458,0
114,818,0
332,1284,0
82,1041,0
206,1237,0
400,929,0
332,921,0
277,725,0
321,580,0
484,573,0
466,629,0
93,571,0
57,1201,0
443,607,0
93,684,0
188,778,0
328,660,0
459,682,0
392,848,0
16,1016,0
329,1021,0
388,1471,0
270,788,0
260,694,0
40,1356,0
298,1479,0
108,862,0
357,544,0
435,922,0
185,1435,0
375,1000,0
106,776,0
246,530,0
33,985,0
324,1282,0
386,1089,0
440,908,0
376,1416,0
20,767,0
258,510,0
333,1177,0
257,717,0
85,967,0
57,1324,0
2,1077,0
357,929,0
315,1065,0
198,1328,0
475,978,0
484,1005,0
377,1249,0
108,709,0
391,870,0
274,1136,0
187,1156,0
319,1051,0
206,1178,0
59,949,0
392,1229,0
456,1464,0
472,1253,0
308,500,0
249,1421,0
240,572,0
303,549,0
26,1312,0
200,893,0
198,696,1
60,1399,0
70,1226,1
90,1189,0
461,621,0
187,597,0
477,788,0
483,689,0
93,651,0
359,578,0
402,695,0
304,688,0
17,1231,0
7,706,0
317,588,1
9,1390,0
359,1420,0
432,1135,0
363,1372,0
321,1193,0
89,664,0
155,848,0
347,745,0
418,1237,0
73,1354,0
120,1133,0
154,815,0
403,1379,0
278,624,0
85,1099,0
13,625,0
24,1130,0
183,1294,0
111,789,0
285,754,0
453,979,0
427,1483,0
109,742,0
185,1288,0
130,581,0
186,771,0
87,953,0
207,1277,0
412,836,0
360,1302,0
399,786,1
469,1484,0
90,776,0
255,994,0
189,1001,0
409,1368,0
339,758,0
110,885,0
422,1461,0
171,1267,0
431,1251,0
161,1102,0
192,1261,0
428,1088,0
437,1197,0
490,672,0
2,1185,0
201,809,0
172,913,0
359,1424,0
341,1199,0
228,1083,0
295,551,0
33,1290,0
106,1486,0
452,870,0
339,1003,0
290,1370,0
178,1404,0
38,511,0
323,1484,0
194,1064,0
384,607,0
310,1487,0
460,633,0
266,870,0
14,1360,0
201,1166,1
327,1343,0
30,1328,0
449,796,0
85,1071,0
200,1154,0
380,1117,0
31,1221,0
261,1031,1
121,963,0
194,897,0
51,886,0
455,1010,0
389,975,0
442,807,0
433,1412,0
384,1224,0
344,809,1
496,1369,0
204,644,0
262,1363,0
206,1359,0
102,1391,0
428,1345,0
369,599,0
243,738,0
356,825,0
456,785,0
252,894,0
211,903,0
481,1106,0
101,1384,0
287,1194,0
169,1436,0
131,562,0
264,851,0
5,883,0
333,876,0
116,720,0
371,1274,0
241,1236,1
353,1246,0
237,1059,0
225,563,0
305,1164,0
18,1379,0
472,1004,0
398,1030,0
190,1423,0
68,1414,0
375,741,0
299,919,1
387,1285,0
59,1435,0
50,524,1
231,1305,0
139,1057,0
461,1485,0
25,1032,0
236,1029,0
378,696,0
467,1484,0
302,1160,1
464,1148,0
234,534,0
469,1284,0
139,1034,0
457,859,0
427,1365,0
343,1415,0
390,1355,0
360,1009,0
372,928,0
375,1472,0
431,785,0
159,1109,0
53,784,1
401,1310,0
191,1053,0
436,1070,0
234,543,0
65,958,0
65,910,0
302,1175,0
140,1412,1
483,1338,0
218,895,0
90,1270,1
116,574,0
42,890,0
179,951,0
375,642,0
313,768,0
175,1071,0
487,827,0
176,1126,1
451,1173,0
467,530,0
385,805,0
208,1172,0
314,810,0
214,1071,0
274,506,0
54,1153,0
171,614,0
392,617,0
234,580,0
349,888,0
397,993,0
158,1031,0
13,1278,0
257,1351,0
477,1368,0
441,612,0
484,1130,0
258,1104,0
431,1117,0
273,759,0
447,582,0
174,1160,0
135,1294,0
245,632,1
330,1447,0
76,1438,0
305,928,0
491,808,0
218,640,1
113,614,1
300,813,0
220,1318,0
251,551,0
277,1475,0
382,935,0
300,1260,0
340,569,0
25,924,0
289,980,0
252,1340,0
140,1399,0
79,1270,0
279,1293,0
160,1475,0
400,1240,0
245,1290,0
228,1458,0
155,1071,0
48,995,0
131,1378,0
351,902,0
218,1020,0
103,1144,0
178,1357,0
174,1400,0
493,1040,0
282,1363,0
62,1420,0
8,956,0
228,730,0
58,909,0
480,798,0
164,1261,0
228,1189,0
473,1348,0
44,823,0
102,750,1
403,754,0
112,906,0
45,1087,0
170,628,0
101,1147,0
485,778,0
44,733,0
339,1133,0
50,1257,0
418,1461,0
240,1146,0
433,1355,0
165,721,0
260,893,0
401,982,0
56,1455,0
394,545,0
300,1208,0
437,927,0
110,500,0
296,613,0
4,1074,0
124,573,0
463,691,0
488,1043,0
474,566,0
150,689,0
444,533,0
141,1463,0
495,847,0
261,1241,1
364,1454,0
27,1011,0
120,1247,0
336,1322,0
413,561,0
388,686,0
421,835,0
407,1048,0
160,805,0
230,905,0
354,701,0
449,689,0
244,840,0
430,713,0
22,996,0
449,877,0
129,690,0
494,1388,1
341,1389,0
436,1408,0
485,1077,0
216,1208,0
198,546,0
318,1011,0
75,636,0
15,1143,0
141,1403,0
451,637,0
44,1199,0
342,621,0
344,981,0
460,612,0
229,1071,0
202,744,0
307,571,0
36,1077,0
361,531,0
106,1002,0
364,1414,0
193,889,0
453,1018,0
293,617,0
106,588,0
354,710,0
246,1464,0
313,1200,0
333,867,0
92,635,0
55,1269,0
374,960,0
417,1363,0
359,1457,0
142,889,1
79,1046,0
441,505,0
106,827,0
132,527,0
76,913,0
369,1474,0
128,1166,0
398,1126,0
130,1218,0
343,1257,0
383,1149,0
73,571,1
265,781,0
85,608,0
310,1006,0
91,1181,0
25,1290,0
98,956,0
313,1224,0
267,609,0
348,1016,0
433,1442,1
227,947,1
271,771,0
487,1297,0
494,798,0
211,1307,0
291,1238,0
173,1438,0
474,1387,0
191,1402,0
472,955,0
357,527,0
398,1350,0
292,514,0
194,1378,0
258,958,0
401,1060,0
298,839,0
469,1401,0
20,748,0
367,1336,0
468,1096,0
249,914,0
202,906,0
422,828,0
201,1209,0
133,1323,0
285,1141,0
4,642,0
194,836,0
209,939,0
388,1092,0
214,741,0
290,562,0
223,666,0
90,770,0
8,599,0
119,1040,0
14,624,0
64,569,0
19,816,0
427,589,0
282,908,0
348,1087,0
297,1376,0
35,1201,0
122,675,0
187,1310,0
375,868,0
74,894,0
456,625,0
254,912,1
229,565,0
339,1165,0
229,1299,0
479,722,0
93,519,0
85,1163,0
184,1041,0
58,1257,0
181,881,0
396,995,0
448,852,0
295,727,0
61,981,0
378,1298,0
473,524,1
172,1205,0
83,977,0
317,1487,0
43,1386,0
306,935,0
213,1424,0
477,1192,0
361,757,0
252,773,0
368,604,0
374,569,0
231,820,0
182,1411,0
450,1055,0
326,1485,0
300,1364,0
445,1092,0
239,613,0
420,988,0
162,552,0
232,1200,0
259,604,0
347,1085,0
252,1216,0
440,1257,0
140,730,0
431,657,0
404,1293,0
397,1130,0
71,1392,0
38,806,0
250,1377,0
211,1301,0
433,1071,0
345,1090,0
209,1085,0
117,754,0
184,744,0
210,500,0
65,1031,0
389,592,0
250,619,0
454,1314,0
339,501,0
476,634,0
127,1343,0
302,900,0
326,1213,1
66,1396,0
223,1396,0
397,982,0
471,521,0
142,1212,0
410,1273,0
206,784,0
398,1361,0
381,1088,0
483,992,0
228,884,0
360,655,0
102,1087,0
42,718,0
276,555,0
45,1150,0
24,1147,0
396,738,0
223,1480,0
138,670,0
193,926,1
457,1174,0
103,1060,0
385,610,0
118,1212,0
246,524,0
277,867,0
255,1285,0
316,1055,0
58,1238,0
130,1314,0
369,659,1
51,827,0
322,995,0
47,1000,0
409,1259,0
82,886,0
303,1484,0
42,837,0
457,1377,0
109,1422,0
15,835,0
417,1163,0
18,663,0
484,1013,0
208,1238,0
22,861,1
13,1220,0
53,1401,0
246,604,0
195,843,1
3,1418,0
330,685,0
479,700,0
94,863,0
157,854,0
393,1256,0
84,1120,0
377,1426,0
438,510,0
278,840,0
16,1266,0
69,1353,0
165,1084,0
109,939,0
109,1265,0
105,1451,0
389,645,0
292,537,0
467,736,0
223,1103,0
85,1286,0
182,1127,0
332,1359,0
470,1177,0
93,719,0
23,666,0
65,1039,0
229,1054,0
63,796,0
160,889,0
75,1108,0
436,964,0
337,613,0
344,1204,0
499,984,0
372,657,0
279,518,0
173,797,0
94,1363,0
418,1358,0
51,868,0
484,1128,0
235,757,0
474,1394,0
456,1444,0
131,943,1
190,1387,0
437,928,0
260,949,0
199,1407,0
151,911,0
191,1152,0
335,1438,0
94,934,0
392,1046,0
187,1413,0
279,820,0
490,1094,0
88,1455,0
319,1056,0
80,668,0
204,980,0
136,911,1
480,1470,0
11,1321,1
47,1267,0
433,1104,0
110,998,0
321,559,0
216,1103,0
487,679,0
102,1406,0
251,719,0
279,1302,0
298,1357,0
146,762,0
391,1370,0
467,702,0
101,872,1
316,642,0
66,1326,0
20,1087,0
110,926,1
5,1203,0
226,1158,0
297,1340,0
205,1086,0
72,1039,0
119,1062,0
236,563,1
395,1166,0
153,1187,0
150,1435,0
229,1156,0
177,508,0
488,901,0
373,746,0
19,1306,0
131,752,0
247,971,0
320,1248,0
364,1481,1
238,1043,0
407,732,0
439,1177,0
361,1444,0
70,759,0
486,1201,0
417,1149,0
426,664,0
114,1355,0
136,915,0
64,1191,0
350,1016,0
421,1447,0
281,1414,1
356,993,0
10,734,0
63,1397,0
158,1199,0
118,686,0
256,1170,0
126,642,0
170,727,0
279,686,0
62,1479,0
272,1019,0
150,1001,0
114,541,0
157,1023,0
390,862,0
373,1298,0
437,1463,0
151,1229,0
405,911,0
77,1170,0
165,714,0
363,970,0
381,833,1
323,664,0
309,976,0
439,758,0
57,1209,0
294,752,0
266,1402,0
48,1462,0
265,902,0
22,1430,0
411,727,1
344,808,0
240,709,0
43,552,0
165,1471,0
113,1097,0
130,1360,0
188,889,1
268,1112,1
25,1072,0
268,742,0
421,873,0
134,594,0
372,1046,0
225,1182,0
253,1050,0
443,1181,0
281,943,0
322,662,0
23,640,0
232,785,0
83,863,0
400,958,0
89,970,0
498,1272,0
195,1020,0
251,1013,0
310,691,0
394,658,0
317,1484,0
479,651,0
9,741,0
5,946,0
27,801,0
66,1290,0
46,1382,0
209,884,0
265,572,0
6,1138,0
293,1204,0
25,925,0
130,870,0
12,596,0
158,1475,0
375,891,1
65,762,0
115,1242,0
350,556,0
28,1095,0
74,1133,0
421,831,0
271,561,0
88,1430,0
209,868,0
343,999,0
117,607,0
158,1273,0
209,677,1
366,1347,0
320,1056,1
456,523,0
298,1073,0
395,796,0
176,632,0
177,625,0
201,1100,0
356,753,0
52,624,0
269,917,0
344,1002,0
21,1016,0
245,1417,0
45,1035,0
152,1388,0
340,916,0
188,964,1
254,842,0
226,636,0
273,1192,0
148,856,0
127,1437,0
320,1255,0
285,506,0
154,1077,0
454,1485,0
121,888,1
11,641,0
358,787,0
256,1006,0
72,537,0
412,966,0
276,646,0
25,1411,0
490,996,0
180,1486,0
10,1305,0
486,581,0
22,834,1
51,604,1
265,626,0
308,658,0
496,674,0
418,829,0
28,1236,0
365,798,0
304,589,0
430,669,0
98,521,0
330,589,0
66,790,0
141,1136,0
441,862,0
429,1427,0
346,877,0
25,744,0
217,809,0
168,878,0
350,1296,0
289,642,0
262,825,0
394,1050,0
284,1071,1
193,1130,0
121,870,0
10,506,0
37,1196,0
488,844,0
313,793,0
496,1057,0
41,633,0
363,716,0
364,622,0
17,727,0
89,530,0
15,1172,0
96,821,0
144,870,0
146,1462,0
453,809,0
234,1351,0
182,679,1
207,1390,0
157,531,0
270,1339,0
89,1042,0
103,1239,0
460,762,0
385,1409,0
61,1437,0
151,815,0
290,795,0
1,501,0
334,900,0
172,722,0
115,1419,0
397,1434,0
279,1323,0
314,1029,0
451,531,0
154,630,0
441,1043,0
37,929,0
73,887,0
142,948,0
127,728,0
239,1011,0
238,501,0
243,895,0
42,1259,0
297,1210,0
417,861,0
483,683,0
313,1391,0
49,505,0
156,513,0
77,862,0
381,666,0
433,1353,0
28,888,0
485,1267,0
361,887,0
406,513,0
380,878,1
436,760,0
390,1094,0
301,1015,1
96,1178,0
293,1337,0
123,910,0
496,1102,0
421,1008,0
399,1311,0
200,1005,0
450,1329,0
163,1267,1
175,749,0
358,674,0
220,510,0
69,1301,0
40,956,0
204,1023,0
75,850,0
386,668,0
67,1053,0
26,554,0
260,723,0
481,685,0
414,807,0
12,1251,0
141,878,0
197,834,0
113,690,0
169,688,1
306,1064,0
448,1102,0
12,783,0
285,1445,0
112,1259,0
195,537,0
419,943,0
474,1149,0
238,1215,0
493,1218,0
380,1202,0
211,1367,0
330,586,0
430,1268,0
357,1271,0
87,1033,0
192,837,0
326,1144,0
231,1362,0
123,793,0
262,849,0
61,909,0
243,1247,0
167,983,0
329,1427,0
294,1321,0
98,1454,0
60,1198,0
220,1164,0
289,579,0
288,593,1
165,503,0
484,794,0
26,525,0
413,599,0
139,583,0
90,692,0
167,609,0
72,1323,0
203,567,0
211,585,0
352,927,1
296,1300,0
244,857,0
205,741,0
222,1070,0
126,1393,0
30,913,1
463,528,0
208,594,0
37,1120,0
261,1160,0
194,1211,1
475,729,0
365,744,0
300,1169,0
402,951,0
454,1052,0
473,1182,0
307,1210,0
409,1453,0
56,514,0
456,515,0
119,607,0
347,550,0
482,1381,0
202,666,0
348,1336,0
334,961,0
381,659,0
433,890,0
26,551,0
95,524,0
296,1427,0
440,1121,0
440,1454,0
264,1411,0
199,941,0
207,546,0
307,575,0
153,1372,0
372,1209,0
440,1118,0
279,519,0
379,864,0
354,863,0
442,1244,0
358,627,0
279,665,0
265,827,0
181,893,0
441,896,0
357,898,0
469,895,0
329,719,0
367,1077,0
144,1251,0
479,1246,0
56,567,0
432,1167,0
409,1063,1
122,1412,0
283,1462,0
294,802,0
261,1449,0
394,1409,0
133,1382,0
280,1359,0
4,858,0
427,1441,0
208,619,1
183,1046,0
459,1038,0
358,768,0
436,504,0
250,1129,0
142,783,0
8,1116,0
485,1348,0
40,1379,1
407,867,0
59,1306,0
154,720,0
79,1377,0
470,1180,0
172,718,0
495,1368,0
193,1016,0
35,771,0
247,532,0
166,635,0
68,1001,0
78,531,0
256,556,0
150,1204,0
125,765,0
277,948,0
299,1391,0
54,846,0
333,603,0
191,1147,0
408,1187,0
345,1259,0
474,1400,0
97,976,0
177,913,0
462,573,0
394,1241,0
109,1185,0
402,780,0
334,1372,0
253,903,0
151,1172,0
383,578,0
184,1037,0
61,1319,1
211,620,0
239,1404,0
294,1239,0
337,1062,0
92,1314,0
301,1139,0
415,786,0
432,1042,0
429,1289,0
122,928,1
48,1252,0
115,1103,0
118,830,0
458,506,0
466,804,0
9,1367,0
258,556,0
451,800,0
63,1082,0
186,978,0
50,608,0
187,1152,0
378,983,0
237,921,0
219,790,0
485,1221,0
84,516,0
110,1048,0
83,1169,0
251,609,0
86,1446,0
390,750,0
281,1292,0
455,1437,0
343,728,1
107,945,0
235,858,0
359,1160,0
440,1003,0
45,570,0
371,1007,0
161,1417,0
332,514,0
202,533,0
256,657,0
456,1401,0
255,1341,0
371,848,0
408,1337,0
4,1294,0
217,735,0
216,1084,0
121,950,0
138,1238,0
30,679,0
25,1364,0
400,787,0
151,687,0
240,698,0
490,1161,0
150,1247,0
479,843,1
249,946,1
368,549,0
319,855,0
137,1262,0
373,1024,0
17,961,0
183,978,0
150,805,0
492,575,0
75,641,0
150,877,0
319,953,0
337,598,1
214,842,0
309,1451,0
190,974,0
25,968,0
8,860,0
494,1250,0
481,955,0
282,1340,0
410,734,0
13,1277,0
64,1382,1
290,721,0
134,1424,0
457,506,0
201,798,0
396,1102,0
216,1034,0
126,824,0
429,1114,0
115,630,0
264,1341,1
213,1206,0
281,626,0
11,822,0
38,770,0
58,580,0
364,637,0
202,790,1
396,1025,0
215,686,0
272,1198,0
142,1322,0
100,929,0
31,885,0
45,1416,0
297,1107,0
450,669,0
340,510,0
228,1045,0
398,670,0
385,1244,0
226,1083,0
23,1004,0
307,1272,0
257,931,1
73,716,0
83,833,0
204,1281,0
150,1306,0
10,1370,0
239,706,0
79,694,0
319,1053,0
290,1113,0
212,896,0
397,1414,0
410,1026,0
406,1368,0
295,718,0
404,1355,0
135,1052,0
264,794,0
386,504,0
415,1146,0
297,692,0
107,995,0
21,690,0
293,658,0
76,1442,0
0,515,0
287,1144,0
360,596,0
393,1452,0
61,1024,0
338,1022,1
268,1435,0
80,1278,1
36,1073,0
277,1155,0
484,1070,0
374,642,0
189,652,0
201,1309,0
61,1136,0
26,1349,0
179,1007,0
46,726,0
209,1087,0
114,901,0
2,1458,0
88,789,0
38,667,0
15,946,0
7,1329,0
451,770,0
490,1283,0
91,1157,1
459,583,0
252,550,0
452,653,0
493,1442,0
474,911,0
247,1284,0
129,1209,0
370,1184,0
343,778,0
40,522,0
360,1305,0
114,1113,0
157,1257,0
197,712,0
131,532,0
293,851,0
119,961,1
23,975,0
47,1296,1
69,1005,0
454,808,0
456,714,0
52,752,0
416,641,0
31,932,0
405,789,0
198,1363,0
372,1237,0
215,513,0
45,1173,0
413,1487,0
332,1233,0
419,925,1
269,508,0
422,1248,0
489,914,0
489,510,0
350,799,0
395,638,0
83,670,0
53,897,0
224,1438,0
126,1164,0
133,1202,0
9,663,0
376,1245,0
192,711,0
310,1042,0
177,680,0
251,1101,0
292,1115,0
207,1347,0
293,1341,1
93,909,0
312,530,0
136,780,0
427,903,0
76,1290,1
120,1071,0
61,998,0
79,1203,0
455,1405,0
67,911,0
174,523,0
103,502,0
356,554,0
254,827,0
163,847,0
199,1164,0
302,804,0
231,1160,1
190,1308,0
389,985,0
146,836,0
283,1378,0
282,1450,0
64,1024,0
338,1281,0
220,1114,0
214,881,0
153,640,0
329,1446,0
49,1478,0
167,1374,0
499,933,0
441,1268,0
390,698,0
458,1034,0
232,1338,0
390,1457,1
106,610,0
239,879,0
131,524,1
159,1469,0
224,1433,0
255,981,0
396,1220,0
113,1349,0
208,640,0
4,773,1
374,1139,0
131,786,0
421,921,0
447,1476,0
364,602,0
64,592,1
92,729,0
205,1119,0
347,815,0
233,1395,0
399,1053,0
130,648,0
296,755,0
385,656,0
499,1126,0
64,1000,0
279,647,0
68,1253,0
55,1064,0
488,1356,0
189,1351,0
300,610,0
132,777,0
63,681,0
151,1291,0
165,756,0
195,1362,0
409,887,0
246,885,0
442,1226,0
304,1032,0
311,1314,0
259,923,0
143,646,0
416,1313,0
461,1445,0
311,529,0
215,1421,0
350,550,0
174,1336,0
12,714,0
25,1351,0
212,1091,0
360,639,0
136,1216,0
120,1366,0
410,1293,0
397,716,0
475,568,0
32,907,0
352,1373,0
104,602,0
375,616,0
9,1083,0
64,1309,0
151,1335,0
336,896,0
104,1462,0
272,1240,0
74,739,0
213,1098,0
11,1133,0
153,1153,0
262,1207,0
205,1070,0
377,755,0
306,1419,0
267,881,0
208,1016,0
21,560,0
402,980,0
435,1329,0
378,641,0
373,1046,0
454,791,0
243,844,0
332,712,0
122,739,0
317,984,0
455,1433,0
301,1429,1
466,563,0
220,766,0
304,1277,0
169,718,0
485,698,0
83,1085,0
409,1168,0
256,614,0
256,1262,0
176,573,0
450,575,0
27,517,0
139,1402,0
139,1395,0
113,735,0
232,1237,0
329,549,0
192,1412,0
436,946,0
250,874,0
333,918,0
46,758,0
77,1228,0
43,594,0
475,1265,0
148,1368,0
25,682,0
260,1280,0
205,897,0
377,581,0
201,1012,0
377,1327,0
220,1023,0
378,605,0
313,677,0
430,678,0
34,790,0
35,1398,0
347,600,0
132,1105,0
445,1192,0
407,1113,0
399,1080,0
429,1444,0
6,1235,1
480,1409,0
155,911,0
314,961,0
149,754,0
342,1341,0
391,767,0
209,608,0
10,716,0
99,1318,0
34,506,0
249,601,0
72,1388,0
221,721,0
336,1409,0
107,977,0
8,1360,0
102,1097,0
102,551,0
241,533,0
97,662,0
466,1200,0
20,1474,0
302,624,0
81,1064,0
414,1130,0
14,502,0
329,732,0
426,1412,0
43,767,0
304,526,0
191,1265,0
327,720,0
497,1304,0
470,1247,0
233,811,0
409,1137,0
80,1356,0
145,866,0
253,1232,0
312,1327,0
316,1040,0
219,778,0
177,567,0
172,1279,0
119,1304,0
429,901,0
279,1399,0
103,543,0
216,950,0
402,794,0
186,568,0
49,522,0
174,505,0
313,1235,0
177,1454,0
484,529,0
365,1424,0
45,1411,0
87,532,1
135,960,0
482,1155,0
441,908,0
300,1184,0
407,663,0
467,569,0
170,934,0
88,1313,0
172,1482,0
446,1414,0
409,1430,0
167,863,0
330,1237,0
276,1035,0
270,1387,0
367,1335,0
335,548,0
491,1349,0
177,1210,0
218,1112,0
28,1258,0
287,863,0
403,523,0
27,1296,0
350,892,0
425,1438,0
498,830,0
149,585,0
111,1134,0
482,687,0
48,1040,0
250,681,0
147,1018,0
184,951,0
486,974,0
104,705,0
334,1306,0
368,1422,0
417,1183,0
337,1275,0
115,784,0
170,966,0
459,1272,0
338,823,1
303,980,0
499,1446,0
246,629,0
427,1230,0
30,1124,0
496,771,0
383,930,0
135,1372,0
130,1305,0
406,544,0
389,919,0
217,814,0
179,1295,0
68,919,0
318,512,0
83,667,0
323,590,0
427,1052,0
245,1486,0
269,716,0
363,951,0
58,577,0
462,906,0
398,1254,0
348,547,0
345,1297,0
394,1161,0
474,1462,0
450,1080,0
356,1325,0
136,820,0
232,1024,0
276,1457,0
266,1316,0
422,1110,0
111,661,0
136,1181,0
35,782,0
91,1485,1
347,1474,0
294,863,0
304,1317,0
126,1136,0
227,1322,0
354,1161,0
13,900,0
350,1004,0
114,1451,0
163,537,0
236,1433,0
63,1360,0
499,1267,0
487,1351,0
425,616,0
7,911,0
397,1432,0
335,1147,0
403,796,0
489,1429,0
445,1139,0
102,776,0
460,1070,0
14,1030,0
35,650,0
287,755,0
169,1283,0
64,600,1
77,1269,0
107,900,0
89,522,0
243,1347,0
311,1288,0
287,1365,0
452,622,0
317,646,0
226,1022,0
187,618,0
390,888,0
312,560,0
249,1172,0
355,1073,0
198,1309,0
77,568,0
461,989,0
490,862,0
119,1115,0
151,1144,0
104,1243,0
129,1025,1
118,1429,0
253,849,1
2,1100,0
97,1008,0
306,1172,0
290,1272,0
172,1049,0
496,1403,0
253,1481,0
335,1014,0
186,1271,0
368,1249,0
439,657,0
384,1112,0
298,1069,0
20,1292,0
193,812,0
293,991,1
313,593,0
452,846,0
97,1444,0
489,1368,0
109,617,0
407,1006,1
309,817,0
66,1346,0
7,623,0
425,1207,0
484,675,0
129,570,0
431,1119,0
0,1160,0
117,917,0
7,1134,0
361,1154,0
222,929,0
56,611,0
478,864,0
181,1115,0
382,1421,1
57,1043,0
384,909,0
269,1047,0
119,1164,0
164,772,0
237,1107,0
6,1083,0
278,1000,0
26,832,0
246,1231,0
149,1318,0
442,637,0
91,634,0
92,1005,0
12,816,0
222,1461,0
96,1072,0
96,905,0
487,817,0
277,711,0
72,1459,0
300,1404,0
497,634,1
438,1449,0
166,1109,0
377,1004,0
305,1396,0
20,1033,0
447,1071,0
269,1313,0
497,634,0
368,845,0
118,1140,0
273,1195,0
170,821,0
315,741,0
188,563,0
455,1333,0
174,662,0
480,1232,0
357,1186,0
348,1358,0
487,502,0
367,1054,0
392,1302,0
331,1321,0
48,578,0
492,965,0
346,1012,0
373,1018,0
138,1174,0
242,1337,0
52,1345,0
340,827,0
458,1212,0
120,1119,0
322,652,0
205,1082,0
434,730,1
189,1408,0
116,1343,0
66,1291,1
230,874,0
57,1025,0
29,570,0
344,617,0
47,647,0
38,1287,0
268,604,0
437,1234,0
328,1260,0
431,1068,1
386,779,0
142,1438,0
145,838,0
471,855,0
234,795,0
114,913,0
162,1280,1
93,551,0
434,570,0
433,1303,0
256,1020,0
393,1209,0
83,1472,0
149,610,0
398,799,0
309,1407,0
105,1092,0
265,998,0
465,1002,0
230,1458,0
188,1234,0
165,1345,0
119,770,0
393,1406,0
175,933,0
278,872,0
371,1069,0
383,967,0
67,648,0
370,1046,0
100,1210,0
243,754,1
428,1243,0
400,1120,0
98,1421,0
444,852,0
288,578,0
365,670,0
163,1297,0
152,1449,1
455,673,0
481,920,0
358,1350,0
71,1076,0
369,1304,0
397,1148,0
129,710,0
46,1051,0
51,1240,1
429,1134,1
462,781,0
407,940,0
164,952,0
15,1380,0
374,770,0
318,1320,0
1,724,0
446,945,0
413,746,1
28,836,0
81,1441,0
119,1014,0
296,1454,1
354,806,0
217,623,0
437,1271,0
202,1326,0
468,1435,0
313,1348,0
434,1299,0
274,1442,0
486,1361,0
458,982,0
47,1072,1
241,1115,0
179,1161,1
460,731,0
442,521,0
286,848,0
240,817,0
186,877,0
211,804,0
479,1037,0
115,754,0
105,1056,0
0,1248,0
49,862,0
242,1408,0
88,561,0
475,792,0
232,1051,0
147,1318,0
251,1468,0
420,898,0
440,974,0
393,751,0
151,847,1
29,680,0
413,976,0
488,1077,0
92,786,0
471,1300,0
127,877,0
319,853,0
454,551,0
281,954,0
145,525,0
343,1179,0
477,1289,0
269,1474,0
349,1128,0
456,869,0
80,1086,0
223,894,0
314,1296,0
307,1432,0
149,1334,0
335,585,0
271,730,0
141,1378,0
108,646,1
299,1090,0
406,576,0
241,655,0
74,776,0
379,592,1
376,825,0
224,828,0
22,929,0
422,1287,0
409,657,0
264,857,0
186,854,0
465,1216,0
491,521,0
384,668,0
329,1187,0
394,1404,0
474,922,0
276,1189,0
31,1163,0
173,1482,1
106,1337,0
437,1071,0
168,975,0
277,877,0
302,856,0
455,1415,0
301,1274,0
332,1035,0
49,718,0
341,737,1
22,767,0
17,1051,1
93,893,0
137,950,0
334,855,0
206,565,0
146,687,0
24,1392,1
222,1096,0
268,1479,0
255,1199,0
206,1468,0
373,663,0
475,1210,0
10,690,0
335,583,0
30,514,0
326,913,0
485,1114,0
492,596,0
98,1120,0
270,601,0
250,701,0
447,888,0
412,1154,0
162,808,0
145,588,0
237,1323,0
234,629,0
125,878,0
315,748,0
224,1161,0
6,1011,0
389,1116,0
292,951,0
143,1349,1
117,1327,0
392,743,0
179,948,0
79,1039,0
275,1260,0
4,646,0
143,738,0
411,1465,0
225,1267,0
345,1237,0
496,839,0
196,1025,0
134,1202,0
114,1057,0
333,1090,0
30,1031,0
481,693,0
312,695,1
125,634,0
124,1270,0
111,784,0
411,831,0
438,873,0
47,1385,0
41,947,0
125,1026,0
253,1021,0
84,862,0
446,1265,0
70,509,0
149,729,0
142,775,0
496,1263,0
451,678,0
346,1135,1
13,1266,0
245,1171,0
435,1272,0
153,953,0
150,634,0
367,1480,0
361,1064,0
304,686,1
201,668,0
230,1451,0
374,832,0
60,993,0
331,515,0
36,1127,0
425,1189,0
223,1092,0
468,1207,0
100,668,0
53,1289,0
499,763,0
458,1351,0
26,563,0
49,1011,0
288,1024,1
23,642,0
117,1141,0
273,1077,0
489,1029,0
151,1220,0
240,920,0
73,1201,0
22,997,0
211,1259,0
486,1076,1
240,1068,0
197,828,1
309,946,0
283,1423,0
48,1392,0
395,1214,0
130,1266,0
68,1209,0
419,1314,0
4,921,0
443,1185,0
434,1395,1
383,506,0
322,1364,0
41,785,0
118,1205,0
63,1304,0
165,1051,0
181,1144,0
174,1417,0
10,1225,0
40,501,0
230,680,0
220,1037,0
386,644,0
118,905,0
136,886,0
41,914,0
495,856,0
320,1366,0
104,517,0
381,1274,0
166,751,0
385,1239,1
73,834,0
359,1365,0
296,1347,0
378,1471,1
105,1169,0
256,592,0
62,668,0
327,548,0
112,1366,0
391,1103,0
334,1424,0
262,772,0
223,1023,0
109,1248,0
299,1074,0
228,859,0
390,826,0
253,729,0
270,925,0
90,1176,1
354,556,0
45,1101,0
493,836,0
41,1405,0
300,842,0
129,689,0
394,1099,0
94,1224,0
479,1453,0
458,1292,0
421,1300,0
471,1426,0
100,897,0
342,729,0
301,1106,0
464,889,0
460,1406,0
219,1403,0
299,1172,0
447,923,0
208,1420,0
166,1231,0
265,1071,0
7,709,0
481,1100,0
146,1289,0
189,1439,0
10,511,0
388,1173,0
17,957,0
204,1428,1
105,703,0
269,640,0
347,691,0
170,671,0
140,804,0
11,1288,0
327,1198,0
447,1007,0
71,1321,0
421,943,0
423,1014,0
1,627,0
199,996,0
432,1156,0
78,939,0
453,1370,0
365,771,0
262,608,0
280,893,0
209,990,0
220,1237,0
167,554,0
353,1372,0
30,1019,0
476,1489,1
348,1320,0
44,1203,0
71,1380,0
213,797,0
362,532,0
237,1095,0
144,1100,0
474,924,0
283,1138,0
390,1354,0
61,806,0
375,1124,0
432,911,0
251,1053,0
256,1306,0
199,1213,0
433,1443,0
232,1283,0
303,1331,0
319,1278,0
83,1444,0
177,1431,0
215,1084,0
172,1189,0
152,995,0
430,651,0
145,746,0
128,615,0
418,640,0
25,675,0
222,1441,0
50,902,0
196,954,0
348,1326,0
202,1487,0
489,871,0
392,951,0
101,1059,0
261,1330,0
107,749,0
315,1384,0
487,873,0
467,876,0
2,680,1
184,1011,0
483,1384,0
462,887,1
69,1370,0
201,990,1
371,553,0
256,1122,0
334,939,0
2,1323,0
187,856,0
276,1224,0
139,1316,0
495,962,0
49,1471,0
459,967,0
364,1329,0
249,1388,0
63,582,0
37,923,0
326,770,0
277,1259,0
416,1422,0
349,595,0
301,1387,0
369,1476,0
0,1332,0
377,1381,0
231,1017,0
61,1462,0
389,689,0
169,786,0
85,706,0
453,774,0
435,623,0
432,915,0
470,651,0
53,607,0
43,514,0
282,943,0
28,1259,0
361,1204,0
415,1022,1
194,621,0
169,568,0
294,535,0
324,1194,0
478,1302,0
285,1125,1
107,1456,0
428,975,0
319,1002,0
258,977,0
185,576,0
178,541,0
456,860,0
0,916,0
469,608,0
33,554,0
233,1451,0
323,716,0
118,1293,0
292,595,0
138,863,0
381,1260,1
239,1302,0
161,1307,0
99,1468,1
196,1030,0
380,539,0
257,500,1
490,808,0
487,1285,0
261,1290,0
448,554,0
437,1018,1
319,868,0
272,714,0
382,683,0
144,1261,0
141,1304,0
424,887,0
63,1007,0
82,953,0
60,594,0
489,1256,0
10,1478,0
92,908,0
116,849,0
428,891,0
232,1358,0
321,646,1
299,964,0
480,1450,0
382,1052,0
464,829,0
413,1048,0
478,1121,0
486,689,0
445,1009,0
457,613,0
398,878,0
482,963,1
32,1127,0
456,1159,0
125,1393,0
448,932,0
451,1004,0
57,1456,0
216,1370,0
489,514,0
144,688,0
289,962,0
199,1021,0
121,1463,0
151,1079,0
465,762,1
258,1341,0
82,1387,0
411,1186,0
237,1429,0
445,580,0
126,657,0
332,1124,0
247,1363,0
222,570,0
421,686,0
241,1483,0
353,505,0
448,550,0
153,732,0
150,1191,0
117,610,0
37,590,0
122,1189,0
354,745,0
39,544,1
14,1444,0
468,1481,1
295,1368,0
154,1487,0
76,1216,0
251,1236,0
175,1179,0
399,516,0
377,1205,0
118,970,0
54,1274,0
409,531,1
219,1151,0
125,1481,0
179,1372,0
382,666,0
262,840,0
444,648,0
62,1340,1
330,781,0
357,891,0
126,631,0
75,1420,0
78,710,0
39,1240,0
365,1239,0
287,683,0
112,1346,0
200,597,0
101,1127,0
28,505,0
400,1415,1
190,514,0
435,1284,0
325,1281,0
420,1210,0
88,910,0
90,851,0
438,1092,0
298,1021,0
325,1104,0
231,1264,0
254,883,0
348,558,0
196,1216,0
307,625,0
464,1146,1
359,1437,0
162,557,0
177,899,0
305,1367,0
98,1230,0
230,984,0
85,700,0
371,954,0
0,974,0
305,1246,0
287,967,0
225,1078,0
304,1143,0
425,1415,0
371,1368,0
0,1128,0
320,1394,0
250,1293,0
142,681,0
355,1373,0
42,1438,1
401,1347,0
367,1083,0
320,941,0
340,1117,0
201,939,0
109,1119,0
91,798,0
161,1362,0
416,1473,0
339,617,0
400,939,1
58,589,0
77,733,0
499,794,0
239,1412,0
399,1150,0
392,947,0
406,1089,0
420,1194,0
269,1159,0
442,701,0
113,968,0
408,1283,0
19,598,0
484,1313,0
459,665,0
317,836,0
102,797,0
120,1381,0
163,1121,0
202,857,0
341,582,0
96,978,0
55,1147,0
498,1161,0
290,1121,0
309,1327,1
473,1373,0
140,735,1
34,1088,0
184,764,0
88,929,0
93,899,0
378,528,0
17,712,0
371,511,0
445,1214,0
147,1092,0
190,682,0
234,1260,0
277,1379,0
214,523,0
44,1167,0
379,806,0
42,1451,0
248,573,0
110,1398,0
399,528,0
113,998,0
13,640,0
299,1173,0
267,1019,0
239,624,0
292,1138,0
52,1398,0
202,973,0
487,943,0
267,1268,0
110,735,0
313,550,0
139,706,0
18,907,0
336,978,0
43,1098,0
468,841,0
89,793,0
342,785,0
403,1073,0
187,1284,1
426,1324,0
434,1082,0
274,818,0
63,833,0
467,1343,0
147,1349,0
484,606,0
246,1271,0
311,1367,0
34,799,0
260,1225,0
488,577,0
55,1427,0
261,601,0
340,732,0
50,1260,0
479,1356,0
114,1378,0
53,931,0
314,1121,0
199,1214,0
199,880,0
318,1264,0
138,1045,0
301,1134,0
62,988,1
371,958,0
283,1071,0
69,1407,0
223,1075,0
378,987,0
269,563,0
289,1132,0
450,819,1
307,827,0
487,1301,0
333,1035,0
227,720,0
194,1086,0
157,938,0
176,549,0
378,524,0
435,1254,0
199,909,0
406,784,0
256,1088,0
48,1345,0
293,1056,0
316,1326,0
62,872,0
30,580,0
133,688,0
323,1270,0
118,1290,0
339,890,0
348,501,0
246,821,0
431,1259,0
32,542,0
295,571,0
326,1435,0
77,999,0
272,788,0
302,805,0
72,968,0
335,1326,0
130,1048,0
385,1340,0
61,1475,0
485,1486,0
97,766,0
91,576,0
473,658,0
493,1000,0
106,895,1
250,1433,0
174,1168,0
271,939,0
168,1099,0
273,1238,0
295,1043,0
84,956,0
34,1288,0
64,1171,0
470,799,0
353,1361,0
368,846,0
173,711,0
294,1377,0
36,1046,0
327,677,0
414,961,0
10,1095,0
348,700,0
101,590,1
286,624,0
295,1248,0
177,733,0
29,914,0
298,809,0
470,752,0
263,971,0
477,1479,0
7,651,0
307,569,0
153,529,0
347,1104,1
424,1274,0
173,1148,0
187,1272,0
56,535,0
192,1386,0
342,740,0
366,720,0
116,977,0
292,1210,0
391,1337,0
343,1360,0
279,1268,0
241,619,0
497,1353,0
289,1086,0
357,814,0
120,698,1
198,1074,0
315,933,0
416,738,1
466,674,0
465,1174,0
325,858,0
63,1341,0
344,738,0
249,956,0
42,531,0
215,759,0
33,1473,0
445,719,0
367,1217,0
227,1161,0
499,1252,0
129,656,0
200,514,0
223,714,0
408,621,0
241,1387,0
70,748,0
243,1365,0
483,945,0
34,529,0
197,1038,0
320,1289,0
103,876,0
256,783,0
465,1453,0
329,551,0
362,506,0
463,1171,0
169,516,0
175,1350,0
383,1333,0
193,664,0
344,871,0
498,1464,0
253,1291,0
366,979,0
185,1174,0
478,1220,0
251,925,0
298,1019,0
341,1018,0
406,1361,0
372,582,0
25,789,0
5,866,0
86,1334,1
74,725,0
426,953,0
463,868,1
177,1099,0
372,1188,0
368,950,0
226,1317,0
370,645,0
274,1122,0
4,1192,0
344,910,0
242,1019,0
389,1350,0
224,1077,0
16,1459,0
193,591,0
225,1283,0
261,952,0
310,523,0
442,525,0
351,1471,0
397,566,0
353,1164,0
395,963,0
317,1044,0
321,1070,0
208,1196,0
23,945,0
235,521,0
226,551,0
199,1366,0
385,1173,0
234,741,0
432,1232,0
289,903,0
135,1191,0
396,1347,0
231,528,0
330,880,0
14,1036,0
404,1487,0
236,1159,0
493,1265,0
28,515,0
35,641,0
332,758,0
255,1070,0
495,933,0
454,1274,0
471,685,0
186,1046,0
294,662,0
313,1105,0
357,707,0
426,1248,0
208,1067,0
21,825,0
12,1486,0
5,939,1
192,1263,0
181,1319,0
72,1322,0
97,978,0
362,708,0
376,917,0
349,1445,0
299,1460,0
338,1168,0
193,636,0
162,1390,0
210,1309,0
439,1112,0
183,1369,0
152,859,0
327,1286,0
468,586,0
267,725,0
482,1204,0
12,1078,0
288,536,0
435,676,0
326,1092,0
400,1479,0
180,1352,0
135,1217,0
472,1291,0
462,1158,0
202,633,1
121,1423,0
349,819,0
95,1328,0
325,527,0
312,522,0
208,1297,0
180,1014,0
170,871,0
23,1353,0
464,1376,0
257,551,0
120,1439,0
70,993,0
304,1363,0
335,1386,0
361,1114,0
430,1465,0
244,976,0
132,662,0
453,1346,0
207,996,0
488,777,0
398,1369,0
77,639,0
52,653,0
194,1135,0
95,687,0
388,902,0
462,1380,0
27,502,0
41,592,0
131,1416,1
346,583,0
374,583,0
262,637,0
236,968,0
313,1022,0
276,741,1
395,1130,0
408,645,0
230,1138,1
235,1483,0
68,1334,0
325,706,0
166,617,0
235,853,0
435,819,0
182,701,0
405,1342,0
347,772,0
383,554,1
72,629,0
22,899,0
311,646,0
163,532,0
65,639,0
224,855,0
314,703,0
306,813,0
206,604,0
307,1028,0
164,709,0
363,1362,0
359,955,0
35,540,0
224,908,1
395,1478,0
130,1365,0
315,795,0
455,784,0
291,1457,0
131,554,0
138,896,0
178,1002,0
395,895,0
473,1266,0
132,648,0
198,1115,0
111,1093,0
442,959,0
222,1409,0
389,1040,0
450,791,0
77,1053,0
304,701,0
261,535,0
480,813,0
468,1079,0
200,534,0
31,985,1
99,1291,0
459,1414,0
155,1107,0
280,578,0
311,849,0
487,1325,0
244,1065,0
483,564,0
202,1130,0
150,1274,0
79,950,0
119,1302,0
157,1244,0
492,955,0
119,859,0
151,999,0
310,878,0
243,1423,0
378,818,0
366,945,0
101,683,0
306,1228,0
401,1329,0
19,623,0
71,1150,0
273,658,0
320,660,0
382,1051,0
246,1401,0
309,669,0
423,1175,0
220,910,0
38,1401,0
334,1235,0
141,1288,0
188,1334,0
91,1118,0
379,1061,0
394,521,0
479,513,0
64,845,0
395,644,0
111,1150,0
436,908,0
187,1118,0
278,597,0
289,524,0
64,793,0
491,1043,0
99,704,0
203,1270,0
240,1193,0
216,837,0
92,940,0
106,673,0
256,707,0
172,894,0
178,1132,0
228,745,0
274,1201,0
183,897,0
66,585,0
275,1120,0
458,569,0
21,1048,0
499,666,0
349,949,0
264,1422,0
305,1299,1
99,510,0
98,803,0
169,1485,0
323,654,0
81,833,0
38,1447,0
454,644,0
339,1013,0
62,741,0
442,780,0
323,844,0
409,519,0
49,861,0
69,777,0
249,836,0
459,991,0
460,893,0
496,1072,0
483,569,0
390,546,0
314,566,0
275,1451,0
83,1174,0
467,1396,1
188,1395,0
4,1284,0
109,1408,0
359,556,0
314,564,0
20,577,0
220,689,0
411,522,0
447,835,0
97,782,0
339,1419,0
334,972,0
199,1479,0
138,603,0
345,864,1
122,902,0
400,831,0
20,707,0
160,668,0
100,972,0
485,799,0
453,781,1
328,721,0
77,1158,0
45,958,0
57,1163,0
11,659,0
35,1062,0
255,514,0
156,1263,0
326,1454,0
288,522,0
264,1285,0
11,1331,0
159,668,1
322,512,0
444,654,0
357,728,0
58,1414,1
240,1315,0
328,1267,0
429,1123,0
461,1062,0
348,1156,0
286,509,0
479,1028,0
277,874,0
268,516,0
17,1437,0
321,1214,0
101,1378,0
349,640,0
378,729,0
427,1460,0
197,890,0
268,1478,0
102,851,0
382,1153,0
220,525,0
237,894,1
25,566,0
382,1328,0
108,731,0
129,877,0
464,909,0
210,1202,0
473,1006,0
45,1257,0
13,928,0
354,866,0
175,1057,0
491,1325,0
29,1305,0
388,1178,0
399,1244,0
400,1381,0
375,768,0
468,1471,0
237,528,0
13,966,0
346,902,0
170,719,0
326,518,0
361,749,0
427,786,0
441,749,0
323,839,0
29,575,0
139,611,0
444,537,0
74,1035,0
219,1173,1
262,968,0
485,640,1
28,1072,0
221,672,0
115,1132,0
495,1212,0
6,1178,0
1,1151,0
33,1226,0
260,1158,0
354,1243,0
359,780,0
266,1403,0
392,560,0
211,1303,0
28,993,0
136,1152,0
262,1400,0
463,1231,0
222,784,0
199,1324,0
264,837,0
135,677,0
433,1403,0
356,1474,0
102,936,0
493,1337,0
270,562,0
492,586,1
286,1339,0
286,1459,1
354,1165,0
127,1260,0
177,978,0
409,1447,0
222,589,0
304,1339,0
406,1008,1
469,676,1
141,728,0
237,750,0
253,902,0
119,1250,0
232,808,0
179,1009,0
344,1266,0
338,1105,0
371,567,0
176,1413,0
351,1350,0
351,778,0
77,791,0
47,599,0
357,979,0
276,968,0
452,1198,0
0,517,0
304,892,0
366,1046,0
89,1167,0
391,1004,0
241,538,0
223,539,0
99,863,0
336,1133,0
417,1478,0
219,654,0
294,1014,0
373,1408,0
203,662,0
78,942,0
227,1150,0
439,1232,0
55,868,0
324,1261,0
482,1207,0
138,1035,0
191,1035,0
344,500,0
195,1464,0
40,1173,0
426,816,0
356,1268,0
170,1019,0
187,944,0
445,687,1
465,1464,0
498,721,0
255,1186,0
90,1417,0
45,1224,0
44,958,0
306,1139,0
477,810,0
87,900,0
321,1180,0
73,703,0
396,996,0
65,1189,0
219,1185,0
328,1423,0
90,1065,0
388,851,0
334,879,0
186,1386,0
371,707,0
125,719,0
412,936,0
146,1083,1
407,1486,0
259,1071,0
163,776,0
479,593,0
244,576,0
204,923,0
38,778,0
79,1211,0
360,1256,0
211,951,0
356,795,1
182,965,0
403,501,0
38,1207,0
106,506,0
171,1147,0
210,547,0
466,639,0
328,1284,0
43,1065,0
454,957,0
79,1152,0
493,954,0
18,824,0
179,1244,0
388,1184,0
2,1348,0
446,1309,0
420,571,0
499,1236,0
181,1276,0
383,701,0
241,669,0
427,1234,0
214,1441,1
405,1488,0
460,689,0
73,641,0
203,1093,0
66,528,0
258,827,0
119,671,0
400,1071,0
383,702,0
483,845,0
218,1438,0
185,513,0
443,951,0
386,505,0
228,1173,0
469,876,0
455,1039,1
416,1018,0
202,864,0
140,1473,0
126,641,0
484,1025,0
88,1335,0
20,990,1
250,744,0
336,963,0
35,1061,0
310,910,0
288,741,0
250,1310,0
232,889,0
345,636,0
392,559,0
393,656,0
376,617,0
59,1071,1
307,1283,0
458,1008,0
472,509,0
273,748,0
19,770,0
347,844,0
383,958,0
491,685,0
59,632,0
292,874,0
360,1356,0
432,1095,0
410,1350,0
120,887,0
400,811,0
153,1162,0
426,618,0
89,547,0
498,888,0
113,642,0
0,1422,0
426,966,0
218,993,0
184,758,0
491,557,0
207,1441,0
206,1141,0
232,1291,0
196,973,0
77,1072,0
316,691,0
226,840,0
155,595,0
292,1424,1
143,594,0
158,1231,0
19,1425,0
222,1100,0
112,732,0
404,581,1
476,1039,0
357,1158,0
405,812,0
108,1248,0
208,1121,0
6,645,0
304,861,0
325,929,0
7,741,0
222,725,0
2,1422,0
139,710,0
472,681,0
381,1143,0
221,756,0
299,980,0
332,1126,0
245,1446,0
65,1124,0
211,824,0
199,774,1
488,1303,0
188,882,0
405,1442,0
40,837,0
411,718,0
180,1464,0
207,1047,0
465,627,0
360,840,0
423,1314,0
488,1378,0
114,764,0
266,857,0
343,1311,0
305,1260,0
49,1258,0
91,638,0
434,1320,0
170,817,0
344,1087,0
60,963,0
1,1182,0
117,1283,0
3,1175,0
311,663,0
155,1112,0
148,1038,0
322,728,0
187,882,0
88,816,0
65,959,0
468,1022,0
415,1268,0
217,1026,1
474,728,0
58,838,0
428,1287,0
234,636,1
172,1328,0
18,889,0
9,1339,0
84,917,0
64,943,0
173,1043,0
23,1130,0
207,792,0
319,848,0
323,1196,0
376,601,0
484,1299,0
468,1266,0
279,1145,0
441,978,0
97,1108,0
267,760,0
372,569,0
459,1113,0
341,793,0
404,1374,0
472,1061,0
485,1009,0
88,879,0
449,1303,0
308,1283,0
356,639,0
28,1006,0
203,717,0
404,1132,0
33,1159,0
71,791,0
143,624,0
148,1435,0
416,1301,0
62,1144,0
467,528,0
312,615,0
175,1259,0
383,1055,1
297,727,0
356,1378,0
48,1213,0
432,579,0
254,1018,0
61,734,0
140,528,0
293,1341,0
362,1137,0
60,692,1
85,779,0
384,892,0
71,1245,0
171,1453,0
176,813,1
162,840,0
74,1204,0
472,913,1
80,1309,0
295,658,1
323,1069,0
136,1473,1
377,948,1
183,1326,0
460,1413,0
97,884,0
63,1381,0
212,1015,0
459,579,0
211,1212,1
59,787,0
309,1439,0
93,891,0
265,672,0
259,999,0
76,561,0
188,1332,0
36,1017,0
15,987,0
178,813,1
426,1092,1
275,1442,0
101,1112,0
379,702,0
86,1190,0
472,633,0
490,583,0
396,789,0
66,1054,0
488,1345,0
183,988,0
404,1056,0
394,575,0
207,1324,1
454,1322,0
88,893,0
157,1019,0
418,532,0
279,546,0
453,1319,0
323,1467,0
465,862,0
96,1374,0
368,669,0
467,1452,0
399,1470,0
27,776,0
247,1308,0
406,1333,0
57,848,0
352,1230,0
428,851,0
446,546,0
50,708,0
123,1096,0
309,621,0
38,664,0
463,1066,0
335,1111,0
243,849,0
205,1145,0
499,1290,0
144,1199,0
200,1416,0
29,898,0
102,1397,0
37,846,0
150,795,0
182,960,0
347,1117,0
339,992,0
246,939,0
328,1397,0
185,904,0
74,714,0
303,1058,0
368,852,0
493,1234,0
393,943,0
12,570,0
190,1224,0
122,692,0
125,1299,0
241,1230,0
32,1393,0
175,1080,0
17,1082,0
280,1163,0
399,731,0
263,1093,0
245,1198,0
144,555,0
457,731,0
9,596,0
212,1432,0
404,946,0
37,569,0
196,1085,0
496,1071,0
393,891,0
472,1373,0
117,824,0
152,1043,0
33,832,0
279,572,0
55,1416,1
469,1145,0
1,1266,0
21,1199,0
281,1112,0
486,1446,0
145,1059,0
132,572,0
199,949,0
317,1317,0
452,1223,0
424,1378,0
125,1458,0
257,1040,0
430,562,0
227,960,0
383,682,0
51,1200,0
56,898,0
327,1320,0
130,693,0
192,1015,0
497,878,0
266,1269,0
3,1087,0
40,765,0
336,1423,0
78,1280,0
256,651,1
101,784,0
54,1165,0
217,1475,0
383,530,0
300,718,1
201,540,0
122,576,0
425,864,0
224,842,0
133,1458,0
97,511,0
9,618,0
245,617,0
194,1295,1
102,1206,0
21,946,0
312,894,0
363,508,0
416,1437,0
78,544,0
227,1101,0
114,991,0
467,1206,0
346,844,0
279,818,0
11,1265,0
499,830,0
90,854,0
430,1407,0
366,1329,0
468,813,0
160,1123,0
182,861,0
11,576,0
60,808,0
370,1167,0
314,546,0
145,1136,0
112,1262,0
156,1381,0
482,1278,0
37,918,0
287,1446,0
231,983,0
297,993,0
367,592,0
358,1183,0
395,841,1
253,1064,0
64,1412,1
253,660,0
428,795,0
429,580,0
430,704,0
362,1404,0
393,1148,0
466,1010,0
407,1266,0
156,720,0
356,717,0
208,1030,0
99,832,0
236,872,0
343,935,0
439,800,0
33,1032,0
254,905,0
127,1197,0
27,743,0
146,1054,0
416,755,0
278,955,1
399,625,0
46,1432,0
92,738,1
246,780,0
34,660,0
251,824,0
89,1203,0
415,1015,0
54,635,0
391,970,0
153,1241,1
241,630,0
237,658,0
171,591,0
414,643,0
12,1462,0
151,673,0
474,1129,0
412,1153,0
373,1364,0
48,1124,0
311,1046,0
257,685,0
124,775,0
162,571,0
346,1446,0
203,844,0
26,1044,0
88,1392,0
443,1191,0
108,733,0
304,1163,0
361,1124,0
32,1182,0
169,794,0
111,1054,0
332,1012,0
274,1288,0
374,805,0
491,754,0
285,1229,0
362,954,0
225,552,0
108,1469,0
336,1141,0
375,591,0
321,1376,0
175,1363,0
390,1366,0
433,960,0
491,877,0
199,574,0
402,732,0
147,1295,0
169,755,0
271,852,0
240,1359,0
291,865,0
11,757,0
26,1379,0
52,811,0
200,680,0
394,1245,0
450,938,0
457,725,0
292,575,0
10,1343,0
458,1471,1
257,976,0
362,1152,0
96,503,0
425,558,0
274,640,0
326,1409,0
343,1004,0
77,891,0
67,886,0
463,586,0
322,1361,0
391,885,0
152,553,0
325,630,0
7,933,0
498,819,0
8,1150,0
72,1415,0
451,743,0
134,788,0
396,1465,0
66,1080,0
390,917,0
419,1441,0
61,779,0
438,1164,0
222,903,0
322,900,0
284,1351,0
484,542,0
293,1082,0
488,535,0
69,904,0
203,1443,1
151,1467,0
394,734,0
157,1119,0
465,1226,0
147,871,0
421,610,1
186,1044,0
227,603,0
195,681,0
65,1433,0
431,1487,0
103,756,0
360,1041,0
93,572,0
394,1089,0
484,1459,1
184,1137,0
455,1050,0
141,624,0
79,790,0
175,682,0
44,693,1
109,1469,0
185,1407,0
476,915,0
479,1384,0
5,662,0
477,922,0
158,1165,1
28,804,0
248,1208,0
222,505,0
98,1226,1
367,1452,0
431,852,0
292,769,0
109,1192,1
10,1124,0
154,1350,0
152,752,0
323,843,1
401,676,0
202,1053,0
375,1297,0
394,1014,0
212,1290,0
230,1233,0
8,1004,0
221,1007,0
62,1402,0
270,1156,0
234,1373,0
162,1037,0
184,1366,0
84,1427,0
176,1043,0
424,964,0
97,867,0
257,1208,0
19,983,0
372,1453,0
172,1288,0
358,942,0
367,1020,0
176,702,0
80,1110,0
486,919,0
164,767,0
63,1447,0
124,503,0
64,1237,0
157,1072,0
163,672,0
177,768,0
236,1077,0
53,962,0
300,754,0
386,1449,0
323,937,0
437,1175,0
62,1114,0
369,561,0
236,1487,0
243,885,0
387,689,0
401,905,0
483,1184,0
11,560,0
478,1381,0
295,1286,0
51,1369,0
95,1170,0
417,765,1
233,1400,0
381,1097,0
430,1114,1
224,1336,0
134,1117,1
62,1169,0
499,803,1
472,640,0
267,1150,0
425,1341,0
484,812,0
361,998,0
354,1385,0
158,511,0
474,822,0
168,1351,0
264,1146,1
49,880,0
453,1412,0
427,974,0
337,1461,0
290,1368,0
336,1100,0
426,1021,0
188,521,0
113,815,0
4,503,0
398,775,0
24,689,0
17,980,0
104,1146,0
243,1288,0
465,911,0
332,1344,0
341,1006,0
490,986,1
423,1182,0
233,1445,0
28,612,0
240,992,0
34,1041,0
19,1213,1
407,945,1
326,1115,0
363,1339,0
217,553,0
91,919,0
202,920,0
480,779,0
377,621,0
47,1123,0
495,875,0
119,1292,0
120,562,0
223,1006,0
233,1254,0
109,1359,0
37,782,0
424,888,0
272,908,0
319,1409,0
349,1075,0
303,967,0
362,1005,0
400,508,0
239,794,0
312,847,0
405,505,0
142,1031,0
154,1302,0
297,1320,0
150,573,0
216,863,0
393,1033,0
438,1370,0
42,759,1
78,1114,0
55,1150,0
111,1227,1
427,1310,0
71,831,0
425,845,0
322,546,0
334,1384,0
125,657,0
421,1441,0
469,1481,0
160,825,0
369,883,0
228,1096,0
205,1035,1
171,786,0
268,1318,0
347,1191,0
44,1472,0
487,834,0
16,645,0
274,516,0
226,633,0
248,1005,0
162,600,0
10,641,0
273,1407,0
448,724,0
125,1446,0
370,833,0
43,1079,0
184,781,0
325,994,0
266,1032,0
196,1468,0
265,1035,0
495,1179,0
340,971,0
350,1430,0
90,1052,0
376,720,0
69,1168,0
134,1221,0
77,1169,0
174,1404,0
293,872,0
344,1217,0
142,878,0
267,691,0
62,866,0
241,777,0
350,722,1
200,994,0
440,937,0
320,1343,0
496,1081,0
346,756,0
289,847,0
114,1418,0
270,758,0
263,1159,0
54,1049,0
499,728,0
219,657,0
338,996,0
9,1137,0
254,627,0
158,1009,0
1,1056,0
16,1322,0
473,1471,0
330,510,0
368,1142,0
26,580,0
182,1019,0
94,1343,0
225,954,0
115,575,0
233,880,0
33,919,0
290,906,0
74,1334,0
70,567,0
143,1114,1
240,535,0
140,793,0
307,1396,0
341,1050,0
442,770,0
280,501,0
475,567,1
331,900,0
110,1166,0
63,670,0
272,1084,0
240,1309,0
190,542,0
271,818,0
92,1018,0
5,1260,0
330,922,0
467,1297,0
311,885,0
25,640,0
438,1450,0
125,816,0
290,586,0
414,1131,1
291,1347,0
353,508,0
216,706,0
263,840,0
478,1456,0
9,1291,0
248,518,0
74,819,0
476,988,0
177,683,0
404,546,0
68,1219,0
105,1431,0
273,529,0
186,884,0
445,1362,0
396,1398,0
351,863,0
42,660,0
387,1368,0
5,773,0
54,759,0
126,1030,0
271,1071,0
275,708,0
471,868,0
305,845,0
475,1206,0
135,882,0
275,647,0
323,812,0
250,595,0
188,978,0
115,534,0
344,1400,0
424,753,0
315,1208,0
325,762,0
374,731,0
413,747,0
154,803,0
161,838,0
175,1142,0
286,720,0
239,1246,0
232,515,0
453,548,0
197,1264,0
89,650,0
30,1466,0
118,1436,0
71,830,0
99,846,0
394,1329,0
290,925,0
183,1392,0
226,1263,0
398,1460,0
112,716,0
88,1188,0
429,885,0
164,1127,0
407,729,0
83,1320,0
46,620,1
116,615,0
373,964,0
233,670,0
428,1130,0
262,1228,0
130,930,0
138,710,0
490,1346,0
368,1168,0
189,1402,0
89,982,0
0,830,0
246,938,0
78,1004,0
145,891,0
294,984,0
451,795,0
367,751,1
83,646,1
231,522,0
245,1371,0
261,1113,0
188,891,0
432,504,0
313,1332,0
89,892,0
473,813,0
479,774,0
127,639,0
218,1157,0
135,1134,0
363,1419,0
427,660,0
263,752,0
382,1359,0
66,985,0
128,578,0
325,1354,0
346,1011,0
469,1201,0
194,763,0
189,533,0
151,699,1
241,1036,0
19,1424,0
112,990,0
199,839,1
498,733,0
221,530,0
476,985,0
261,1263,0
488,1048,0
358,597,0
417,856,0
138,1108,0
284,1261,0
217,632,0
405,503,0
193,1288,0
203,1156,0
176,1433,0
415,958,0
246,1246,0
100,1184,0
128,1011,0
145,860,0
434,621,0
369,610,0
156,1104,0
350,1193,0
36,1461,1
56,947,1
254,605,0
406,514,0
241,1212,0
173,1417,0
113,1336,0
487,757,1
190,879,0
392,1021,0
157,698,0
207,668,0
88,1405,0
498,1243,0
404,559,0
43,662,0
326,1464,0
12,1272,1
480,681,0
276,1304,0
455,883,0
60,937,0
389,1097,0
319,1162,0
408,1437,0
257,1062,0
57,688,0
371,545,0
105,682,0
365,835,0
120,1097,0
270,563,0
444,1193,0
286,919,0
115,1074,0
369,1065,0
321,991,0
103,1364,0
202,833,0
317,546,0
131,941,0
255,886,0
197,731,0
127,1246,0
484,874,0
92,1198,0
412,1443,0
411,1431,0
306,617,0
234,1467,0
485,692,0
94,1136,0
480,1343,0
275,518,0
29,1334,0
84,609,0
181,602,0
39,785,0
17,773,0
233,1463,0
116,1097,0
457,787,1
455,714,0
362,1201,0
70,1326,0
167,714,0
253,582,0
484,552,0
213,945,1
463,811,0
304,910,0
414,621,0
318,1413,0
256,944,0
310,1256,0
361,871,0
343,745,0
131,798,0
282,1169,0
396,977,0
121,1051,0
444,622,0
168,1363,0
474,1445,0
134,1376,0
140,736,0
248,582,0
168,1279,0
5,1410,0
230,653,0
489,1133,0
46,1224,0
499,1241,0
181,772,0
298,797,0
155,793,0
186,1211,0
240,1102,0
121,1073,0
76,1143,0
386,1327,0
471,769,0
195,1182,0
410,1115,0
192,1225,0
116,957,0
293,945,0
246,1444,0
21,1116,0
48,1156,0
64,1039,0
128,1255,0
29,1411,0
475,837,0
162,922,0
290,558,0
100,826,0
218,1129,0
488,787,0
348,562,0
426,746,0
386,920,0
200,779,0
221,1092,0
452,1292,0
1,1237,0
141,833,0
368,1052,0
277,738,0
448,543,0
407,537,0
379,1384,0
277,1124,0
218,1331,0
351,1284,0
82,1319,0
185,1363,0
440,1194,0
347,580,0
84,626,1
406,1242,0
84,1157,0
361,889,1
101,1272,0
387,910,0
36,828,0
391,702,0
104,763,0
421,1163,0
300,568,1
311,675,0
341,834,0
85,1035,0
221,1376,0
478,1268,0
347,935,1
29,1473,0
65,1186,0
400,843,0
452,1105,0
128,968,0
308,751,0
419,1155,0
109,1089,0
51,581,0
22,738,0
432,1440,0
395,1283,0
1,1019,0
239,1363,0
79,1429,0
205,651,0
484,1014,0
360,793,0
123,550,0
75,520,0
462,1300,0
401,992,0
19,716,0
100,516,0
483,629,0
61,1340,0
479,1120,0
498,776,0
29,1415,0
498,795,0
335,791,0
299,728,0
416,1040,0
76,1256,0
24,941,1
393,594,0
103,515,0
197,1123,0
345,1037,0
39,1331,0
397,1206,0
185,1020,0
477,938,0
165,1049,0
269,1019,0
165,772,0
141,952,0
23,769,0
482,670,0
242,986,0
431,1404,0
74,985,0
459,715,0
116,1238,0
488,1035,0
388,765,0
454,1217,0
481,781,0
198,1081,0
167,654,0
300,1214,0
437,1304,0
482,1415,0
270,1176,0
459,794,0
275,693,0
124,654,0
461,1270,0
481,599,0
136,1169,0
460,864,0
69,832,0
355,1413,0
112,674,0
394,696,0
490,1263,0
443,835,0
131,1216,0
179,740,0
320,979,0
169,871,0
497,1030,0
70,1189,0
300,673,0
413,1117,0
179,1156,0
87,641,0
12,678,0
398,1323,0
286,789,0
450,864,0
8,690,0
456,1115,0
27,681,0
472,1473,0
469,684,0
497,1063,0
249,610,1
451,652,0
247,703,0
127,939,0
427,572,0
160,685,0
56,1091,0
390,932,0
100,1133,0
6,859,0
391,1463,0
257,628,0
213,1182,0
213,1434,0
163,1258,0
244,598,0
138,1185,0
259,1348,1
224,540,0
380,1485,0
70,921,0
470,862,0
336,994,0
230,1305,0
305,920,0
42,645,0
308,794,0
42,932,0
375,736,0
110,1458,0
376,867,0
393,848,0
65,1173,0
246,1020,0
407,844,0
353,1456,0
33,1059,0
131,1039,0
155,938,0
31,1210,0
423,967,0
147,1391,0
440,619,0
257,913,0
415,1152,0
105,858,0
335,772,0
436,1219,0
336,726,0
49,982,1
144,1063,0
172,1120,0
411,676,0
496,1127,0
243,1369,0
404,1342,0
145,777,0
34,847,0
478,1383,0
0,528,0
20,829,0
381,919,0
191,1315,0
305,834,0
377,1000,0
287,1191,0
391,1389,0
16,773,0
315,514,0
109,1075,0
324,1250,0
406,1398,0
196,999,0
288,625,0
379,1238,0
495,1480,0
8,748,0
157,1357,0
127,826,1
493,599,0
304,593,0
130,1307,0
492,1365,0
398,1055,0
291,868,0
53,1027,0
196,1413,0
249,1165,0
453,1032,0
338,920,0
286,571,0
152,1323,0
340,529,0
489,1115,0
51,1153,0
166,937,0
372,1373,0
395,822,0
35,1205,0
234,1088,0
378,1072,0
420,1474,1
177,723,0
170,588,1
71,1034,0
296,1346,0
86,621,0
323,644,0
395,1273,0
376,687,0
149,1444,0
234,1076,0
40,825,0
219,692,0
448,1342,0
132,873,0
35,1014,0
131,1110,0
58,985,0
395,569,0
286,1195,0
350,694,1
178,952,0
184,514,0
402,644,0
252,1089,0
342,988,0
491,1119,0
411,1288,0
72,1184,0
466,1313,0
167,1329,0
325,788,0
2,994,0
471,633,0
269,639,0
385,894,0
56,901,0
445,1329,0
80,993,0
267,1010,0
221,1186,0
159,859,0
9,668,0
68,939,0
474,1088,0
184,591,0
106,947,0
136,657,0
15,528,0
387,1183,0
220,1418,0
41,905,1
499,1080,0
126,1128,0
485,1327,0
33,1125,0
96,1460,0
178,1119,0
92,1020,0
73,564,0
124,566,0
83,1284,0
355,882,0
337,652,0
189,1384,0
130,1208,0
161,1108,0
345,1403,0
134,1128,0
194,1148,0
212,641,0
41,896,0
349,603,0
265,934,0
398,1127,0
283,1465,0
103,1145,0
352,995,0
477,1244,0
345,588,0
73,1424,0
55,783,0
55,1449,0
421,776,0
379,732,0
416,532,0
67,1191,0
48,669,0
156,1193,0
242,950,1
313,1477,0
353,1313,0
213,831,0
411,814,0
201,1204,0
60,1425,0
67,1446,0
472,673,0
152,645,0
361,1261,0
254,1441,0
1,1107,0
132,1023,0
264,564,0
240,1074,0
275,718,0
100,1111,0
290,1386,0
303,539,1
25,801,1
330,1102,1
489,582,0
199,712,0
422,1318,0
70,821,0
225,1228,0
304,604,0
368,1171,0
387,1412,0
313,576,0
156,1287,0
432,621,0
403,1383,0
423,1396,0
419,584,0
356,664,0
360,1255,0
37,658,0
446,575,0
194,826,0
117,1462,0
333,1275,0
497,1083,0
491,1002,0
476,1065,0
481,906,0
65,1327,1
76,1130,0
410,795,0
137,791,0
91,1143,1
141,1168,1
284,528,0
11,842,0
146,853,0
445,1402,0
202,1284,0
7,1096,0
157,1385,0
64,1361,0
218,1296,0
57,601,0
251,1343,0
424,500,0
66,1478,0
393,1473,0
101,1312,0
45,1074,0
200,626,1
401,626,0
140,1392,0
174,1444,0
235,1391,0
4,1316,1
195,1170,0
269,1381,0
331,1425,0
4,833,0
369,555,0
431,628,0
397,1240,0
73,526,0
202,1388,0
437,956,0
242,1057,0
4,841,0
172,881,0
473,1075,0
60,1452,0
431,1181,0
196,1186,0
430,520,0
349,734,0
126,1474,0
315,1462,1
403,1287,0
343,1283,0
352,846,0
239,761,0
425,526,0
430,1386,0
432,605,0
48,706,0
219,1159,0
221,696,0
54,856,0
171,1111,1
153,1048,0
262,523,0
132,621,0
388,551,0
236,971,0
63,718,0
88,689,0
346,1464,0
1,1253,1
115,1473,0
454,502,0
397,1333,0
65,997,0
251,821,0
29,730,0
319,603,0
148,806,0
125,868,0
36,1245,0
466,753,0
469,920,0
273,1378,0
144,1385,0
212,1345,0
44,901,0
208,1367,0
383,755,0
454,1347,0
291,1115,0
355,1131,0
185,1212,0
305,892,0
162,1399,0
393,1018,0
33,1486,0
377,1162,0
462,1438,0
318,949,0
388,1217,0
368,1137,0
358,1377,0
336,1042,0
45,1317,0
117,651,0
269,663,0
320,1304,0
171,1063,1
256,630,0
314,1069,0
371,733,0
59,1246,0
390,515,0
202,795,0
262,1129,0
402,852,0
219,952,0
225,973,0
229,1332,0
259,1298,0
284,1311,0
313,750,0
309,736,0
104,1183,1
217,861,0
447,776,0
470,1022,0
142,1441,0
218,867,1
258,1454,0
384,535,0
205,1440,0
259,528,0
246,598,0
387,592,0
309,1401,1
365,613,0
252,813,0
83,1023,0
378,1005,0
455,708,0
170,610,0
389,1026,0
229,672,0
417,1377,0
123,1253,0
205,684,0
84,665,0
108,594,1
98,866,0
53,587,0
323,730,0
485,1007,0
149,617,1
180,1094,0
498,928,0
102,963,0
48,873,0
183,545,0
103,954,0
321,619,0
300,1433,0
270,884,0
424,519,0
187,962,0
413,725,0
255,760,0
390,639,1
324,1093,0
162,858,0
238,595,0
408,518,0
5,561,0
354,631,0
102,741,0
272,1118,0
108,875,0
325,1253,0
454,1165,0
200,1192,0
257,927,0
262,1140,1
222,1204,0
419,713,0
226,597,0
194,930,0
17,1418,0
81,783,0
478,814,0
187,1406,0
269,1449,0
236,750,0
427,868,0
163,1202,0
149,1142,0
412,985,0
443,999,0
436,1097,0
136,735,0
499,1376,0
306,997,0
327,811,0
400,732,0
462,1075,0
448,1143,0
170,512,0
322,1124,0
62,1454,0
296,1287,0
146,1050,0
174,731,0
330,1470,1
246,557,0
255,741,0
247,916,1
21,1293,0
101,1053,0
324,1386,0
222,707,0
44,1198,0
391,925,0
50,845,0
52,998,0
213,504,0
285,1016,0
488,503,0
338,1035,0
20,972,0
239,1010,0
133,1368,0
242,737,1
49,762,0
234,1431,0
263,627,0
147,1218,0
476,1274,0
101,804,0
108,725,0
220,871,0
436,1002,0
385,923,0
80,670,0
154,1101,0
78,1321,0
170,606,0
392,741,0
179,1484,0
378,1124,0
201,944,0
322,908,0
69,1034,0
430,597,0
342,653,0
283,1299,0
346,702,0
309,803,0
394,953,0
119,1246,1
323,965,0
75,1387,0
273,1442,0
385,1197,0
230,961,0
369,825,0
140,1178,0
428,1024,0
250,1234,0
170,1475,0
362,698,0
280,1364,0
342,632,0
187,1387,0
387,1427,0
245,827,0
76,512,0
30,888,0
420,1200,0
3,1466,0
12,729,0
334,556,0
30,661,0
373,1105,0
101,1276,0
64,1307,0
210,968,0
232,607,0
332,1018,0
381,994,0
472,699,0
69,684,0
336,891,0
488,720,0
198,1311,0
36,823,0
45,812,0
499,1182,0
409,1143,0
235,1330,0
396,1306,0
241,581,0
169,823,0
340,947,0
324,1129,0
96,1257,0
216,601,0
71,680,0
344,1354,0
105,1455,0
69,769,0
155,1415,0
149,708,0
157,1387,0
40,720,1
9,1106,0
229,1207,0
120,912,0
401,1346,0
238,940,0
1,1029,0
361,682,0
365,1309,0
128,911,0
434,1117,0
50,1471,0
336,597,0
47,1426,0
44,822,0
10,1381,0
116,1159,0
123,730,1
215,711,0
63,1123,0
269,638,0
390,749,0
209,1339,0
473,1050,0
244,1402,0
325,1396,0
422,1353,0
144,1108,0
411,639,0
496,1176,0
211,1186,0
128,983,0
420,1292,0
103,729,0
141,636,0
71,1405,1
495,1373,0
286,1038,0
454,503,0
152,621,0
184,1462,0
14,993,0
8,970,1
156,1013,0
2,1375,0
435,526,0
238,1455,0
341,1044,0
406,914,0
97,828,0
287,677,0
14,740,0
339,1282,0
56,715,0
93,1454,0
26,1424,0
228,1293,0
221,1472,0
97,877,0
222,1269,0
131,686,0
482,1094,0
178,894,0
182,1315,0
6,624,0
138,656,0
414,581,0
114,1008,0
126,557,1
268,583,0
223,1284,0
408,504,0
75,650,0
368,957,0
402,669,0
353,599,0
351,1086,0
239,765,0
58,1074,0
322,1446,0
333,1302,0
186,1133,0
273,1320,0
482,1357,0
193,1283,0
441,1415,1
428,546,0
344,960,0
173,1385,0
132,622,0
147,1309,0
62,1354,0
198,630,0
452,1117,0
345,1302,0
284,586,0
175,792,0
150,730,0
401,1185,0
261,1483,0
146,686,0
325,1146,1
82,721,0
80,741,0
318,559,0
26,1361,0
240,1170,0
368,961,0
305,1216,0
417,1113,0
98,1144,0
401,1340,0
437,780,0
473,827,0
254,619,0
433,627,0
272,1092,0
403,616,0
251,547,0
164,983,0
112,806,0
462,547,0
176,1288,0
273,629,0
271,829,0
216,662,0
467,1075,0
476,590,0
162,1368,0
168,1004,0
111,1241,0
55,589,0
215,1431,0
422,677,0
43,1021,0
496,638,0
454,651,0
379,832,0
27,1355,0
467,1386,0
18,1059,0
13,1037,0
410,535,0
288,955,0
33,1263,0
321,1206,0
201,1144,1
280,1399,0
229,1365,0
263,662,0
122,591,0
110,1330,0
216,1242,0
323,1235,0
35,989,0
407,845,0
171,1479,0
176,987,0
497,1067,0
393,1027,0
416,1308,0
45,1103,0
449,607,1
176,668,0
457,518,1
274,523,0
411,873,0
426,931,0
253,1245,0
89,561,0
428,1169,0
343,668,0
175,955,0
405,824,0
337,770,0
126,1187,0
412,835,0
80,1175,0
457,561,0
449,858,0
166,1072,0
18,782,0
67,918,0
143,1450,0
407,1412,0
59,719,0
115,983,0
206,605,1
292,1216,0
322,541,0
363,537,0
245,872,0
128,1382,0
177,873,0
73,1085,0
231,524,0
325,515,0
452,1295,0
415,1352,0
369,833,0
272,562,0
101,911,0
180,550,0
305,1094,0
38,1344,0
423,801,0
5,1032,0
123,678,0
46,536,0
283,1173,0
469,729,0
161,567,0
385,1225,0
435,814,0
446,1061,0
201,1317,0
42,562,0
192,773,0
419,567,0
498,1467,0
129,978,0
283,1404,0
3,1392,0
133,667,0
340,736,0
431,765,0
433,862,0
36,639,1
268,801,0
124,964,0
260,719,0
475,949,0
37,1486,0
198,895,0
280,1089,0
325,883,0
321,958,0
446,649,0
90,815,0
212,558,0
209,517,0
285,826,0
81,1049,0
477,1123,0
284,746,0
336,1240,0
226,1224,0
304,1028,0
395,1080,0
84,1192,0
264,913,0
396,652,0
231,624,1
248,827,0
141,992,0
186,1381,0
92,979,0
215,1472,0
485,982,0
150,800,0
301,865,0
176,994,0
413,1076,1
25,1298,1
150,920,0
39,1209,0
68,1223,0
111,879,0
441,1109,1
47,1458,0
378,1311,0
310,1289,0
191,1055,0
225,672,0
287,889,0
366,1138,0
14,1155,0
403,1034,0
87,1223,0
153,1029,0
331,901,0
450,605,0
365,999,0
452,1431,0
375,530,0
303,809,0
430,819,0
170,686,1
174,1412,0
164,1207,0
332,1434,0
237,989,0
250,762,0
349,943,0
168,741,0
413,574,0
305,1075,0
148,1412,0
267,683,0
183,1154,1
446,962,0
144,1230,0
28,1083,0
354,1098,0
363,1411,0
40,813,0
287,611,0
284,1191,0
116,1397,0
57,917,0
415,854,0
438,1317,0
125,1343,1
296,566,0
378,911,0
139,572,0
58,852,0
244,862,1
350,853,0
201,793,0
244,1274,0
0,1263,1
220,744,0
397,1483,0
274,1013,0
431,1059,0
80,814,0
79,1342,0
385,1040,0
12,796,0
353,1434,0
14,1406,0
189,565,0
207,609,1
422,896,0
409,1207,0
69,1303,0
352,1396,0
427,1374,0
343,1359,0
147,697,0
262,575,0
446,622,0
358,859,0
333,774,0
385,1238,0
194,1209,0
300,1287,0
333,917,0
228,788,0
122,1448,0
313,1011,0
449,1307,0
210,1356,0
482,692,0
390,1283,0
430,1185,0
29,1478,0
413,1198,0
135,1423,0
141,1446,0
330,1284,0
45,741,0
363,1242,0
434,1318,0
366,1197,0
266,1258,0
131,639,0
17,1064,0
421,703,0
410,856,0
212,608,0
6,1343,0
478,526,0
454,1237,0
91,654,0
324,925,0
108,1304,0
204,774,0
251,1229,0
341,1186,0
283,1295,0
303,914,0
119,687,0
489,792,0
406,710,0
200,793,0
451,891,0
67,1461,0
0,1334,0
198,1089,0
129,799,0
461,1117,0
351,994,0
262,705,1
144,595,0
7,942,0
418,1282,0
291,1229,0
429,1124,1
107,798,0
392,817,0
151,566,1
24,757,0
66,1128,0
66,1002,0
230,520,0
155,1461,0
487,1134,0
362,1083,0
112,1204,0
495,1409,0
134,972,0
282,561,0
167,1170,0
24,979,0
363,1072,0
249,1454,0
348,1010,0
144,755,0
376,745,0
342,1201,0
231,997,0
295,1325,0
191,753,0
410,1409,0
497,1426,0
164,942,0
93,1387,0
100,1265,0
205,771,0
484,615,0
334,603,0
498,957,0
296,1254,0
195,1332,0
402,757,0
293,670,0
473,1118,0
81,1162,0
237,1170,0
225,812,0
239,1150,0
333,1287,0
234,957,0
152,638,0
357,627,0
409,1135,0
154,925,0
244,926,0
4,619,0
41,1194,0
291,1336,1
399,712,0
368,1188,0
23,1482,0
465,1110,0
308,626,0
489,560,0
163,1153,0
168,971,0
55,1216,0
445,1240,0
360,1414,0
87,1113,0
2,644,0
244,750,0
327,1421,0
247,1439,0
75,1227,0
193,1229,0
297,755,0
12,1399,0
112,1313,0
373,1244,0
136,1325,0
272,782,0
452,1298,0
359,1468,0
447,1086,0
382,504,0
464,1059,0
203,1312,0
214,1368,0
19,962,0
429,833,0
171,1437,0
7,691,0
280,911,0
442,768,0
50,579,0
157,774,0
407,1023,0
495,978,0
287,715,0
72,1277,0
350,568,1
54,573,0
273,1097,0
315,1115,0
406,1411,1
388,1409,0
394,903,1
220,740,0
355,1184,0
123,862,0
379,567,0
223,905,0
14,1118,0
263,1152,0
239,665,0
267,736,0
54,772,0
347,1197,0
24,1400,0
57,1482,0
202,908,0
482,699,0
177,1198,0
380,970,0
20,811,0
464,1091,0
335,623,0
357,1403,0
54,1255,1
294,784,0
50,827,0
120,603,0
225,747,0
477,640,0
414,1266,0
297,1051,0
148,730,0
302,603,0
271,869,0
323,1160,0
10,828,0
441,860,0
239,963,0
346,1394,0
301,820,0
358,728,0
430,1390,0
405,1146,0
484,1061,0
56,990,0
44,545,0
353,644,0
250,1014,0
77,1455,0
490,1114,0
255,718,0
172,1041,0
351,658,1
287,1392,0
139,1441,0
150,946,0
426,535,0
313,1355,1
340,716,0
67,1170,0
116,721,0
172,808,0
251,1165,0
222,742,0
328,740,0
224,1152,0
339,718,0
62,1475,0
62,899,0
183,1486,0
161,681,0
205,1128,0
454,886,0
428,627,0
484,600,0
63,948,0
130,1026,0
199,652,0
383,1325,0
171,1020,0
410,1204,0
88,1037,0
347,622,0
149,635,0
379,1393,0
420,1235,0
479,566,0
129,1180,0
115,602,0
268,791,0
282,786,1
72,870,0
425,923,0
352,1029,0
124,814,0
149,541,0
348,1000,0
232,1067,0
462,1390,0
366,1069,0
402,827,1
256,1047,0
403,545,0
308,792,0
154,1149,0
61,1119,0
141,1112,0
463,1102,0
46,1100,0
124,1331,0
315,1123,0
440,1187,0
449,805,0
378,1171,0
355,1352,0
295,962,0
21,670,0
81,1085,0
54,629,0
467,1421,0
232,715,0
213,785,0
254,767,0
421,999,0
294,882,0
242,523,0
381,1400,0
193,1332,0
387,713,0
151,1135,0
22,1379,0
266,562,0
184,1226,0
83,1317,0
97,827,0
380,1267,0
200,812,0
27,730,0
247,921,0
386,650,0
241,516,0
178,621,0
489,622,0
457,663,0
54,758,0
169,1158,0
40,833,0
369,839,0
370,916,0
83,946,0
486,1336,0
218,1363,0
230,1324,0
426,1126,0
220,1109,0
172,1128,0
205,711,0
494,1155,0
72,613,0
347,863,0
468,1363,0
94,730,0
381,1233,0
127,1025,1
338,1124,0
106,689,0
108,1213,0
412,1167,0
31,798,0
102,1340,0
487,575,0
240,699,0
428,1191,0
310,653,1
130,965,0
351,1444,0
116,1315,0
149,1487,1
65,807,0
1,550,0
395,1287,0
66,621,0
289,960,0
127,677,0
216,1403,0
288,557,0
29,971,0
196,1118,0
276,981,0
10,684,0
15,1197,0
81,854,0
15,580,0
409,1084,0
330,521,0
66,660,0
253,849,0
97,998,1
424,1335,0
277,1218,0
180,1089,0
398,533,0
297,701,0
416,782,0
215,1294,0
63,1354,0
498,1003,0
5,964,0
125,606,0
146,944,1
223,957,0
246,1167,0
497,836,0
151,1163,0
495,1190,0
494,564,0
116,734,0
100,1205,0
475,1225,1
115,688,0
349,672,0
216,820,0
98,672,0
51,946,0
481,1403,0
81,708,0
111,1142,0
3,1243,0
304,1391,0
266,984,0
463,1130,0
152,1001,0
13,1310,0
83,877,0
228,822,0
272,986,0
46,1321,0
431,510,0
269,1403,0
432,639,0
126,976,0
472,1376,0
60,1077,0
315,952,0
165,586,0
476,1368,0
267,850,0
90,883,0
195,1160,0
227,1346,0
453,654,0
177,1481,0
40,904,0
482,913,1
75,1296,0
265,1290,0
220,1429,0
7,905,1
441,971,1
114,658,0
144,983,0
380,1133,0
403,831,0
485,549,0
9,1281,0
46,999,0
334,693,0
289,687,0
258,1401,0
41,1220,0
108,617,0
366,1142,0
139,1199,0
34,1381,0
494,1125,0
110,1438,0
458,1217,0
414,873,0
399,672,0
9,658,1
48,765,0
36,1183,0
349,938,0
37,1416,0
473,1271,0
455,1431,0
340,1357,0
386,1292,0
282,927,0
482,1187,0
439,1341,0
40,918,0
388,674,0
373,818,0
192,1138,0
436,1276,0
141,920,0
60,1068,0
70,758,0
125,1099,0
211,1428,0
468,551,0
491,1190,0
447,1393,0
241,1473,0
387,526,1
64,1324,0
349,1331,0
434,931,0
234,1333,0
360,838,0
56,1086,0
52,1023,0
473,1162,0
224,711,0
346,1462,0
408,653,0
141,758,0
116,1092,0
456,705,0
421,641,0
261,913,0
431,538,0
369,1399,0
5,928,0
404,1110,0
463,1301,0
320,673,0
132,598,0
440,1289,0
480,814,0
353,673,0
204,1327,0
405,669,0
393,1057,0
89,1202,0
324,682,0
325,1193,0
443,818,0
241,698,0
193,779,0
220,1007,0
307,1486,0
419,791,0
299,902,0
370,611,0
299,1404,0
373,1250,0
119,1464,0
378,602,0
395,666,1
148,1206,0
210,682,1
386,713,1
331,729,0
119,1011,0
140,1397,0
275,1341,0
321,788,0
295,598,0
5,562,0
489,617,0
29,591,0
2,556,0
189,1304,0
474,1217,0
198,1092,0
167,542,0
275,539,0
260,855,0
453,1017,0
37,549,0
7,1167,0
60,902,0
420,1090,0
340,1076,0
255,1174,0
261,609,0
56,638,0
426,1191,0
114,1406,0
110,620,0
69,1421,0
162,1229,0
74,797,0
71,1206,0
490,540,0
444,1177,0
362,1396,0
496,1351,0
1,1015,0
250,995,1
149,846,0
102,1014,0
193,982,0
276,1157,0
61,803,0
155,568,0
177,802,0
497,1145,0
160,771,0
412,804,0
476,1171,0
188,1317,0
164,1265,0
123,921,0
142,1230,1
448,765,1
214,1053,0
6,1047,0
150,723,0
310,696,0
412,607,0
36,1435,0
471,1279,0
90,548,0
443,1246,1
116,1014,0
384,798,0
102,520,0
103,1133,0
482,1214,0
450,749,0
425,1459,0
321,1274,0
64,1172,0
24,1326,0
381,705,1
479,1090,0
140,701,0
409,869,0
373,1393,0
244,645,0
483,1187,0
317,1172,0
98,1387,0
43,543,0
155,724,0
332,922,1
477,799,0
208,1134,0
149,914,0
173,688,0
181,1457,0
388,842,0
293,1208,0
180,578,0
415,1039,0
185,1185,0
348,819,0
280,775,0
433,557,0
27,1286,0
171,1315,0
425,973,0
305,899,1
380,624,0
282,845,0
45,595,0
491,712,0
396,1219,0
146,996,0
81,931,0
243,579,0
213,1092,0
151,849,0
5,862,0
111,650,0
111,560,0
125,853,0
26,1280,0
308,1112,0
317,925,0
471,1063,0
259,513,0
162,1202,0
329,617,0
345,738,0
141,892,0
487,1363,0
88,691,0
54,1372,0
345,530,0
42,1308,0
289,1118,0
301,744,0
477,1028,0
179,966,0
221,1132,1
158,547,0
165,796,0
486,1328,0
367,1379,0
405,772,0
295,610,0
435,608,0
44,806,0
454,505,0
20,703,0
133,739,0
139,778,0
420,504,0
353,690,0
317,1481,0
36,814,0
433,1413,1
41,1163,0
107,1389,0
140,1059,0
373,721,0
24,1193,0
339,1306,0
170,1409,0
122,686,0
392,1431,0
114,746,0
220,1322,0
108,1028,0
203,1462,0
208,1326,0
352,1419,0
288,1219,0
347,982,0
343,673,1
168,968,0
60,749,0
244,531,0
351,1472,0
0,744,0
189,1228,0
318,782,0
91,1391,0
270,705,0
333,539,0
356,1084,0
200,1225,0
92,1038,0
161,1412,0
363,662,1
7,1009,0
488,826,0
370,651,0
35,921,0
85,803,0
13,1405,0
350,748,0
25,1002,0
319,821,0
158,725,0
105,979,0
384,902,0
461,1304,0
213,947,0
278,1044,0
30,685,0
16,925,0
47,932,0
88,797,0
282,964,0
253,1139,0
381,845,0
115,979,0
455,1275,0
218,1307,1
246,663,0
294,1003,0
15,1217,0
4,925,0
250,730,0
481,1009,0
227,1079,0
412,1444,0
446,525,0
274,569,0
491,1426,0
252,797,0
433,588,0
272,922,0
343,1446,0
155,705,0
80,683,0
321,1089,0
387,1277,0
60,999,0
248,1438,0
369,1478,0
86,1086,0
78,627,1
412,996,0
432,502,0
306,1344,0
423,614,0
332,1449,0
357,1379,0
192,1107,0
449,1366,0
155,1237,0
464,860,0
127,1217,0
413,643,0
148,918,1
363,1336,0
346,725,0
131,1100,1
423,987,0
433,1290,0
73,1302,0
370,848,0
324,636,0
487,1031,0
42,884,0
99,583,0
445,573,0
59,1049,0
434,751,0
310,583,0
332,718,0
177,1370,0
10,1121,0
288,620,0
187,547,0
368,940,0
495,1245,0
499,1317,0
130,1369,0
307,1126,0
382,844,0
376,1017,0
71,575,0
367,816,0
415,946,0
213,999,0
424,781,0
86,891,0
472,1028,0
31,565,0
130,649,0
208,556,0
92,1409,0
412,1038,0
205,993,0
95,938,0
294,1069,0
267,529,0
22,1129,0
26,1243,0
388,1396,0
401,773,0
131,826,0
437,1338,1
390,977,0
424,1383,1
362,760,0
368,522,0
63,641,0
331,1387,0
267,1446,0
186,1041,0
166,1143,0
347,945,0
232,1052,0
232,509,0
151,1443,0
84,972,0
337,1073,0
156,659,0
435,577,1
248,1400,0
149,643,0
275,669,0
483,1380,0
12,965,0
235,573,0
236,1018,0
15,1258,0
433,647,0
396,1270,1
109,658,0
366,777,0
329,1166,0
428,819,0
109,1140,1
148,701,0
239,1309,0
274,1381,0
234,1440,0
336,1460,0
272,1267,1
430,1105,0
485,554,0
102,638,0
347,659,0
154,1086,0
491,856,0
436,537,0
163,1218,0
234,877,0
284,852,0
301,667,0
384,1351,0
434,974,0
84,957,0
262,1279,0
159,1414,0
189,1489,0
482,1461,0
200,1372,0
71,649,0
405,814,0
369,692,0
186,1305,0
64,831,0
43,1033,0
324,874,1
56,1058,0
487,1311,0
384,597,0
275,734,0
344,898,0
441,590,0
55,511,0
468,646,0
213,1307,0
180,1082,0
453,989,0
138,549,0
54,1309,0
98,920,0
324,885,0
190,963,1
400,507,0
454,664,0
109,774,0
383,969,1
3,709,0
413,759,1
37,1144,0
261,600,0
89,1250,0
310,1214,0
389,664,0
116,1161,1
156,1063,0
458,1168,0
3,847,0
161,875,0
226,1212,0
399,1408,0
242,769,0
216,851,0
41,857,0
151,865,0
27,1190,0
136,711,0
153,1149,0
367,1294,0
322,1231,0
194,827,0
255,1042,0
38,1120,0
75,790,0
377,1232,0
306,1165,0
397,1347,1
446,755,0
377,930,0
339,908,0
242,994,0
452,868,0
185,755,0
0,1028,0
179,763,0
440,1101,0
310,851,0
226,1093,0
442,1148,0
123,1302,0
116,598,0
57,824,0
319,984,0
137,1338,0
144,805,0
218,1447,0
253,1441,0
116,935,0
305,1346,0
11,500,0
95,672,0
400,585,0
109,1328,0
498,1392,0
22,1141,0
89,1269,0
31,676,0
62,963,0
326,553,0
464,1430,0
350,1351,0
147,1133,0
208,579,0
107,818,0
131,953,0
255,1428,0
480,1043,0
423,842,0
289,1413,0
66,845,0
394,1388,0
426,680,0
409,1413,0
29,1065,0
165,501,1
95,902,0
132,1002,0
266,508,0
370,1021,0
186,637,0
345,516,0
87,657,0
441,545,0
371,994,0
370,1205,0
209,785,0
416,561,0
31,535,0
311,1033,0
305,1335,0
166,533,0
189,1350,1
420,760,0
143,579,0
369,1089,0
273,893,0
152,693,0
385,693,0
394,1230,0
120,1325,0
140,502,0
138,988,0
59,1050,0
362,955,0
156,1408,0
173,794,0
244,1184,0
346,618,0
45,977,0
15,1095,1
377,655,0
106,878,0
53,542,0
466,1052,0
326,1286,0
191,1484,0
203,1196,0
176,645,0
348,1013,0
265,833,0
270,1124,0
437,1131,0
466,815,0
171,957,0
120,769,0
33,1007,0
416,719,0
425,656,0
214,1296,0
10,930,0
105,541,0
31,1277,0
214,624,1
57,1063,0
322,1258,0
332,642,0
478,1160,1
294,1425,1
397,565,0
170,1229,0
444,1236,0
482,1058,0
363,1408,0
74,708,0
88,1485,0
118,1161,0
93,1424,0
21,1487,0
73,1260,0
151,1065,0
380,1277,1
277,785,0
106,1312,0
232,1320,0
83,798,0
61,1455,0
76,940,1
204,580,0
111,1165,0
376,837,0
142,1483,0
278,1381,0
377,736,0
290,1194,0
373,1193,0
236,692,0
67,879,0
162,1300,0
336,806,0
489,640,0
162,1276,0
168,1197,0
94,927,0
87,845,0
6,1002,0
24,1096,0
299,651,0
8,616,0
458,1430,0
268,837,0
67,1009,1
195,1448,0
221,999,0
285,1030,0
59,766,0
340,868,0
183,651,0
84,1386,0
27,942,0
269,1146,0
260,996,0
106,565,0
252,1401,0
445,700,0
222,1287,0
474,1082,0
20,1318,0
32,1268,0
43,976,0
359,840,0
465,1312,0
77,1415,0
122,541,0
291,1312,0
396,960,0
410,878,0
349,1416,0
478,1188,0
124,765,0
103,1069,0
270,1255,0
46,1082,0
281,1119,0
382,750,0
236,1429,0
355,1219,0
157,966,0
133,540,0
361,650,0
227,1345,0
409,1464,1
291,1293,0
11,618,0
453,723,0
171,1368,0
51,1358,0
477,940,1
16,524,0
229,1015,0
439,716,1
200,1314,0
401,1256,0
80,954,0
36,1457,0
463,773,0
257,1118,0
88,863,0
365,1174,0
269,1189,0
182,1031,0
49,1448,0
261,1302,0
309,710,0
412,997,0
286,556,0
77,608,0
348,542,0
434,509,0
93,1275,0
481,767,1
459,1169,0
229,701,0
94,571,0
439,1181,0
240,741,1
418,1033,0
67,784,0
191,1088,0
127,508,0
7,999,0
475,728,0
313,971,0
19,1008,0
299,787,0
357,1102,0
350,655,0
143,1082,0
223,547,0
98,508,0
487,639,0
497,1179,0
379,1047,0
495,833,0
150,681,0
185,582,0
55,800,0
367,873,0
270,1066,0
299,1294,0
417,1138,0
407,567,0
243,762,0
240,1396,0
62,844,0
162,1142,0
89,1422,0
320,1183,0
354,1005,0
372,1001,0
133,972,1
111,679,0
292,703,0
72,816,0
115,1217,0
200,521,0
436,989,0
28,1223,0
446,1081,0
277,527,0
432,1469,0
102,1252,0
196,1391,0
253,1445,0
205,1187,0
91,852,0
237,1202,0
274,832,0
74,1229,0
75,1466,0
214,937,0
427,1328,0
169,776,0
101,712,0
56,1457,0
189,1044,0
423,791,0
25,978,0
487,1071,0
273,1081,0
370,664,0
287,1276,0
296,536,0
23,1205,0
342,703,1
144,1154,0
476,982,0
6,1040,1
394,1086,0
324,1291,0
318,1378,0
420,657,0
242,1179,0
483,640,0
142,1260,0
13,952,0
396,1247,1
247,938,0
474,1094,0
102,1449,0
213,1448,0
183,774,0
341,1310,0
179,1175,0
261,1122,0
52,1301,0
229,863,0
406,541,0
453,1443,0
18,1063,0
490,1112,0
498,1339,0
126,636,0
78,1284,0
493,1387,0
198,563,0
297,1149,0
475,534,0
37,1463,0
32,904,0
186,1089,0
461,959,0
358,699,0
209,1466,0
54,722,0
321,714,0
245,1055,0
96,818,0
90,543,1
256,1214,0
444,783,0
344,1243,0
145,1276,0
145,1087,0
184,938,0
296,711,0
93,1299,0
465,1330,0
348,512,0
462,780,0
264,1316,0
263,543,1
404,753,0
309,1232,0
70,1154,0
126,1159,0
492,1122,0
377,647,0
122,540,1
17,1401,0
178,630,0
310,1302,0
353,782,0
337,1434,0
207,938,0
485,772,0
470,541,0
442,956,0
441,1464,0
409,1365,0
91,1161,0
179,745,0
331,965,0
156,1405,0
410,786,0
148,867,0
459,798,0
66,1410,0
101,578,0
296,1411,0
1,1308,0
150,559,1
170,1037,0
463,527,0
243,623,0
367,796,0
497,869,0
486,1386,0
282,1204,0
256,1025,0
377,1103,0
395,683,0
3,1224,0
85,1133,0
197,736,0
108,1191,0
167,604,0
493,889,0
50,1469,0
184,1353,0
215,670,0
164,584,0
253,1164,1
22,1089,0
355,1286,0
469,889,0
480,1448,0
483,741,0
292,767,0
93,755,0
238,583,0
84,1489,0
374,893,0
312,601,0
268,513,0
454,1470,1
82,625,0
454,614,0
391,1229,0
241,803,0
114,1096,0
176,1419,0
445,1186,0
263,817,0
89,1271,0
133,1099,0
131,1114,0
113,649,0
390,1182,0
199,1197,0
487,1217,0
369,1485,0
305,685,0
142,1466,0
256,716,0
224,1108,0
329,1422,0
104,1402,0
189,1002,0
124,1385,0
108,551,0
378,848,1
18,1080,0
271,1163,0
491,1168,0
355,742,0
408,1390,0
225,758,0
124,904,0
22,1310,0
192,1191,0
5,1187,0
331,597,0
471,897,0
417,1303,0
78,582,0
71,853,0
152,1344,0
328,1229,0
98,1407,0
128,1420,0
4,1321,0
211,840,0
32,764,1
368,935,0
112,717,0
71,1127,0
354,1067,0
250,1323,0
172,1476,0
267,655,0
278,630,0
256,931,0
188,1148,1
317,578,0
289,1027,0
349,1055,0
363,1399,0
284,780,0
222,1273,0
364,754,0
318,776,0
91,968,0
298,596,0
445,528,0
286,1017,0
402,1288,0
89,1012,0
28,955,0
381,1091,0
292,1361,0
147,913,0
155,914,0
386,677,0
178,1115,0
261,1058,0
226,539,1
7,1327,0
113,825,0
449,1448,0
442,893,0
59,781,1
142,1000,0
403,504,0
430,1469,0
110,1432,0
58,616,0
106,1103,1
67,1228,0
441,567,0
349,1004,0
354,1053,0
385,1142,0
463,585,0
56,919,0
400,670,0
475,660,0
8,1181,0
315,976,0
0,587,0
394,1158,0
82,874,0
454,1229,1
330,1183,0
16,641,0
165,1205,0
472,1027,0
78,1016,0
261,1075,0
35,1346,0
3,1066,0
212,1312,0
480,873,0
53,1198,0
241,1485,1
71,1186,0
126,1298,0
27,673,0
58,633,0
37,611,0
476,871,0
39,1067,0
150,772,0
493,953,0
355,745,0
329,1030,0
45,1457,0
453,780,0
201,622,0
179,770,0
412,1096,0
370,831,0
415,624,0
386,1376,0
328,640,0
163,714,0
453,524,0
428,1320,0
415,1326,0
70,1418,0
386,711,0
50,1468,0
473,1167,0
35,1280,0
3,1152,0
204,1046,1
267,1164,0
324,872,0
348,1202,0
198,1157,0
360,1341,0
242,1100,1
405,1471,0
122,1122,0
319,549,0
6,1470,0
198,1321,0
152,680,0
472,1360,0
146,615,0
445,710,0
2,975,0
275,657,0
283,718,0
112,1408,0
363,594,0
386,940,0
219,785,0
250,1307,0
133,629,0
195,1006,0
200,1401,0
273,1053,0
280,892,0
491,548,0
141,1443,0
18,558,0
355,514,0
491,1380,0
206,1315,0
490,1125,0
163,1088,0
481,637,0
379,1013,0
246,1266,0
321,1111,0
306,1343,0
181,831,0
499,1347,0
469,507,0
59,1092,0
20,860,0
209,563,0
104,1070,0
442,830,0
11,784,0
206,1077,1
325,1017,0
49,1168,0
212,1429,0
457,1088,0
118,1240,0
25,818,0
213,584,0
81,1165,0
6,553,0
469,1268,0
342,675,0
7,1206,0
293,519,0
474,620,0
239,1187,0
397,1440,1
290,637,0
258,733,0
322,868,0
197,898,0
71,1158,0
318,790,0
424,1393,0
24,777,0
193,503,1
33,618,0
147,1151,0
43,566,0
252,820,0
368,898,1
383,1157,0
336,612,1
33,1001,0
208,1044,0
342,1147,0
372,1210,0
388,542,0
48,680,0
120,1049,1
396,524,0
297,1388,0
263,877,0
460,805,0
305,1464,1
174,566,0
33,703,0
73,687,0
429,950,0
245,955,0
141,548,1
270,811,1
435,1439,0
448,648,0
45,865,0
326,1135,0
495,627,0
199,1374,0
435,1261,0
485,914,0
167,866,0
479,763,0
208,1398,0
81,933,0
9,1128,0
379,1242,0
93,873,0
14,511,0
407,978,0
183,789,0
190,1309,0
67,1322,0
388,781,0
304,1086,0
59,611,0
194,518,0
73,851,0
58,1352,0
293,685,0
156,953,0
233,562,0
496,865,0
123,1039,0
40,1280,0
425,879,0
193,1192,0
60,822,0
45,1071,0
353,884,0
252,1284,0
33,1302,0
284,847,0
194,575,0
189,503,0
86,978,0
77,892,0
106,1461,1
24,965,0
58,987,0
268,536,0
424,532,0
400,882,0
59,776,0
317,1384,0
124,1264,0
495,1083,1
260,1472,0
200,1253,0
284,747,0
76,845,0
79,1179,0
253,1293,0
444,1270,0
202,1171,0
110,1133,0
21,1258,0
403,1412,0
406,831,1
436,1312,0
403,997,0
401,1341,0
190,1229,0
322,559,0
229,979,0
418,1027,0
97,521,0
22,846,0
95,958,0
44,1278,0
267,533,0
230,1215,0
198,935,0
402,762,0
225,946,0
150,1248,0
10,1271,0
128,805,0
437,1285,0
158,1124,0
232,887,0
217,915,0
259,1420,0
8,1456,0
407,1195,0
101,676,0
113,1464,0
278,1012,0
63,953,0
234,852,0
369,1404,0
254,1386,0
379,775,0
172,643,0
411,1050,0
271,574,0
161,1452,0
417,1270,0
61,1259,0
116,1196,0
439,785,0
479,1346,0
178,613,0
261,1389,0
404,1007,0
97,1237,1
439,561,0
304,1013,0
168,810,0
9,1321,0
348,1031,0
303,579,0
337,656,0
103,1237,0
89,1290,0
112,631,0
319,629,0
92,811,0
51,509,0
278,1337,0
99,1015,1
171,1136,0
140,1313,1
242,1467,0
394,1370,1
317,785,0
103,685,0
129,1478,0
72,1122,0
453,1321,0
418,1067,1
101,555,0
295,1230,0
300,898,0
462,964,0
46,1283,0
341,1301,0
315,1401,0
379,1423,0
137,1207,0
289,1426,0
18,903,1
251,672,0
396,526,0
297,827,0
131,1256,0
46,722,0
200,1099,0
140,817,0
349,655,0
427,1400,0
167,1128,0
145,1285,0
20,636,0
144,1381,0
435,1153,0
406,1485,0
396,1225,0
147,1374,1
394,820,0
206,703,0
164,1469,0
12,937,0
468,829,0
131,630,0
247,716,0
359,591,0
253,863,1
149,723,0
268,697,0
416,1055,0
85,564,0
306,1325,0
296,1214,0
428,909,0
173,1303,0
449,1474,0
405,643,0
432,1211,0
40,1383,1
211,588,0
203,1221,0
296,717,0
299,1255,0
466,989,0
204,1280,0
483,880,0
444,1408,0
416,863,0
1,564,0
43,1153,0
477,1439,0
247,699,0
6,652,1
357,589,0
430,1301,0
220,641,0
195,925,0
265,840,0
248,746,1
181,1304,0
352,1228,0
54,1419,0
363,751,0
172,777,1
255,876,0
61,1238,0
342,954,0
294,1077,0
283,957,0
424,716,0
36,843,0
411,804,0
11,1396,0
221,752,0
459,1460,0
100,889,0
149,1224,0
383,741,0
412,1198,0
491,711,0
56,653,0
340,877,1
206,1205,0
203,1105,1
207,1166,0
106,979,0
431,1281,0
322,889,0
354,1162,0
372,1206,0
104,1330,0
175,846,0
483,729,0
484,777,0
175,571,0
8,1298,0
345,1122,0
402,977,0
158,1332,0
144,1379,0
443,949,0
118,1416,1
365,543,0
335,708,0
438,727,0
499,1213,0
54,1384,0
112,1170,0
273,1181,0
122,996,0
135,833,0
2,1405,0
497,881,0
97,561,0
391,1066,0
310,1197,0
397,897,0
323,745,0
277,994,0
271,1485,0
493,805,0
272,1462,0
218,1484,0
240,972,0
312,836,0
321,1199,0
332,588,0
221,1478,0
211,512,0
215,1298,0
261,842,0
34,947,0
45,1342,0
499,996,0
348,1467,0
423,1251,0
200,1476,0
311,1069,0
5,504,0
293,713,0
2,1471,0
192,1382,0
219,645,0
154,540,0
107,673,0
450,745,0
245,1250,0
452,1274,1
5,1061,0
152,893,0
443,1178,0
297,596,0
67,1074,0
51,641,0
44,1394,0
166,914,0
406,1385,0
97,843,0
495,648,0
49,1241,0
53,1322,0
87,1328,0
249,1213,0
182,1245,0
493,1366,0
317,1475,0
36,1044,0
161,1258,0
103,929,0
344,1118,0
230,1033,0
7,1246,0
318,1070,0
306,1458,0
258,1457,0
264,520,0
395,558,0
318,576,0
407,570,0
240,1094,0
497,843,0
75,698,0
290,1028,0
109,1243,0
123,1380,0
380,1216,0
390,798,0
16,988,0
86,642,0
352,1406,0
334,1327,0
232,1296,1
265,733,0
212,550,0
363,705,0
287,1247,0
130,1196,0
152,937,0
258,923,0
284,628,0
168,1240,0
25,1480,0
219,774,0
179,1247,0
63,1117,0
168,738,0
95,552,0
315,1162,0
482,580,0
9,762,0
230,897,1
49,766,0
18,586,0
333,929,1
409,1480,0
204,1142,0
240,1136,0
478,1215,0
328,864,0
197,503,0
489,1330,0
245,1374,0
422,817,0
492,546,0
390,507,0
245,1407,0
88,926,1
126,897,0
458,762,1
302,972,0
56,740,0
5,954,0
112,743,1
274,884,0
315,573,0
326,773,0
335,564,0
387,1026,0
307,701,1
288,1137,0
416,660,0
86,1209,0
390,819,0
84,1078,0
489,617,1
379,1140,0
338,888,0
44,1185,0
386,802,0
79,1032,0
173,793,0
373,929,0
344,999,0
350,1457,0
58,809,0
94,519,0
195,871,0
309,1119,0
108,1382,0
48,968,0
401,600,0
273,1147,0
146,1308,0
369,1317,0
442,659,0
217,681,0
284,1000,0
120,1398,0
477,1155,0
478,1269,0
95,819,0
242,1180,0
375,649,0
134,838,0
401,718,0
118,1142,0
190,1158,0
104,701,0
274,692,0
110,1040,0
112,852,0
410,902,0
262,1404,0
123,1403,0
216,1006,0
96,721,0
36,1258,0
71,1050,0
134,1101,0
445,705,0
195,1481,0
228,1069,0
144,863,0
438,846,0
342,872,0
94,1112,0
9,697,0
279,590,0
464,652,0
45,1221,0
123,994,0
119,1191,0
163,1325,0
204,1170,0
7,1377,0
70,1080,0
53,827,0
43,651,1
37,1203,0
410,916,0
481,1480,0
289,1428,0
36,1145,0
197,556,0
40,510,0
252,545,0
357,897,0
463,1196,0
498,864,1
344,631,0
450,914,0
346,949,0
293,566,0
197,887,0
311,1442,0
393,1195,0
479,1410,0
374,1435,0
296,1223,0
490,1091,0
315,984,0
419,532,0
308,1293,0
287,941,0
108,1064,0
136,1382,0
480,596,0
99,542,0
212,503,1
19,967,0
286,1098,0
208,773,0
170,1421,1
351,1413,0
398,1181,0
123,1052,0
138,575,0
465,1003,0
231,1420,0
128,613,0
3,592,0
21,1191,0
288,885,0
176,1009,0
33,1169,0
160,834,0
227,1037,0
453,566,0
384,1310,0
479,1243,1
466,1448,0
3,548,0
209,532,0
221,790,0
60,669,0
294,646,0
404,1245,0
389,884,0
105,1242,0
44,579,0
486,1392,0
339,1083,0
362,687,0
361,1066,0
473,1353,0
343,1153,0
310,1050,0
267,1390,0
69,1000,0
126,868,0
417,830,0
196,518,0
474,616,0
342,1247,0
6,808,0
461,602,0
62,1300,0
342,910,0
447,1398,0
9,1074,0
208,1427,0
193,1106,0
89,669,0
345,1182,0
169,597,0
308,666,0
107,855,0
311,1214,0
14,1037,0
70,692,0
115,878,0
203,1204,0
430,969,1
194,891,0
47,1225,0
167,1050,0
319,1040,0
101,990,0
460,1046,0
164,805,0
144,527,0
418,1025,0
83,1450,1
498,731,0
144,1116,0
396,924,0
237,597,0
260,817,0
89,880,0
426,1420,0
102,677,0
488,822,0
54,947,0
324,950,0
398,531,0
86,918,0
295,869,0
32,1452,0
339,651,0
492,559,0
36,810,0
254,1139,0
383,1000,0
208,1304,0
224,911,0
470,504,0
485,1326,1
232,1118,0
124,910,0
157,719,0
258,1044,0
427,919,0
97,814,0
195,564,0
138,1093,0
310,635,0
225,909,0
450,990,0
309,579,0
338,505,0
123,1080,0
51,1382,0
367,1113,0
161,974,0
135,1250,0
476,1113,0
87,1333,0
445,1194,0
191,724,0
16,1428,0
378,1066,0
403,1365,0
395,1339,0
439,794,0
449,933,0
205,1154,0
161,958,0
7,945,0
62,1024,0
116,762,0
46,974,0
478,1228,0
402,1362,0
487,1385,0
414,721,0
421,840,0
67,1430,0
8,582,0
68,1092,0
498,509,0
133,1383,0
360,1227,0
81,1014,0
333,847,0
294,1255,0
14,1020,0
128,653,0
315,1452,1
216,1322,0
3,1290,0
449,710,0
203,1173,0
14,1458,0
171,920,0
483,927,0
103,890,0
340,772,0
321,1347,0
270,605,0
252,1321,0
119,1170,0
403,574,0
70,743,0
82,1487,0
198,973,0
158,1164,1
163,904,0
138,1449,1
433,983,0
451,841,0
252,1030,0
201,1481,0
472,1372,0
262,607,0
389,568,0
240,868,0
481,1157,0
172,770,0
89,1121,0
169,1393,0
201,1089,0
122,1266,0
209,796,0
295,621,0
311,1039,0
379,649,0
324,1338,0
308,1247,0
379,874,0
484,557,0
454,1307,0
272,1475,0
264,1237,0
55,864,0
434,1173,0
143,1164,0
340,1411,0
16,921,0
28,1436,0
267,804,0
22,684,0
386,1012,0
377,841,0
14,1306,0
263,500,0
338,942,0
112,1052,0
17,903,0
403,660,0
280,1031,0
246,1042,0
329,800,0
289,572,0
396,1007,0
466,568,0
197,1227,0
119,1301,0
191,927,0
308,563,0
110,519,0
140,949,0
49,508,0
169,1096,1
316,900,0
479,572,0
5,1087,0
481,561,0
462,676,0
266,1076,0
350,500,0
95,1007,0
61,795,0
497,679,0
303,1069,0
243,897,0
163,558,0
10,1310,0
488,1099,0
199,1326,0
76,1211,0
112,811,0
118,947,0
108,626,0
155,1432,0
316,1119,0
362,1372,0
258,536,0
145,987,0
323,773,0
12,608,0
89,833,0
206,1163,0
314,634,0
440,686,0
239,551,0
286,1334,0
419,955,0
463,1187,0
137,524,0
298,746,0
450,924,0
446,1187,0
478,586,0
388,1025,1
23,801,0
415,780,0
459,569,0
268,593,0
344,648,0
289,803,0
98,886,0
47,930,0
115,1318,1
165,1320,0
287,877,0
301,592,0
415,1160,1
321,921,0
498,1037,1
428,1032,0
61,1052,0
369,1275,1
439,724,0
485,1021,1
146,1244,0
410,1059,0
255,1085,0
473,801,0
397,559,0
288,1388,0
208,1285,0
222,1164,0
276,1279,0
172,1465,0
277,795,0
62,505,0
248,1207,0
210,839,0
278,796,0
163,1489,0
460,1255,0
14,897,0
4,982,0
84,846,0
460,823,0
182,1162,0
57,1400,0
169,595,0
127,783,0
335,945,0
12,763,0
192,1182,0
135,940,0
416,1426,0
325,1056,0
485,997,0
453,523,0
128,739,0
246,543,0
407,1180,0
462,523,0
218,866,0
17,769,0
337,930,0
228,1289,0
343,688,0
280,771,0
334,561,0
131,608,0
493,553,0
302,687,0
312,1446,0
182,1438,0
305,876,0
215,924,0
221,1205,0
437,745,0
159,597,0
153,621,0
57,555,0
259,526,0
25,961,0
120,687,0
217,958,1
27,1008,0
185,891,0
9,703,0
26,1461,0
304,1434,0
367,1395,0
367,895,0
306,522,0
46,751,0
20,1129,0
311,1127,0
163,560,0
412,1299,0
157,1080,0
455,1105,0
307,1461,0
58,806,1
313,564,0
36,784,0
207,966,0
253,930,0
436,942,0
77,1432,1
319,1010,0
177,1247,0
343,1276,0
259,940,0
58,970,0
287,1081,0
26,745,0
304,1018,0
452,953,0
16,1273,0
484,1115,0
326,530,0
465,1435,0
237,919,0
235,1462,0
25,519,0
98,602,0
249,1433,0
230,590,0
168,1320,0
448,846,0
272,1387,0
0,847,0
131,915,0
398,1408,0
485,1223,0
70,1073,0
38,1113,1
58,1196,0
303,1319,0
67,535,0
296,1280,0
162,1023,0
186,1428,0
434,693,1
10,1331,1
3,600,0
117,575,1
403,739,0
480,1317,0
276,1301,0
399,834,0
160,922,0
270,687,0
83,1282,0
90,1126,0
115,1140,0
33,1400,0
378,1425,0
51,1158,0
110,1425,0
315,1406,0
267,952,0
169,793,0
415,618,0
41,1306,0
324,1351,0
159,853,0
497,864,1
300,1210,0
187,1480,0
496,703,0
215,1105,0
194,872,1
71,799,0
428,1218,0
391,903,0
384,1047,0
440,874,1
202,1256,1
141,1158,0
261,1129,0
308,903,0
99,1378,0
108,591,0
258,1176,0
96,588,0
65,584,0
295,868,0
95,1437,0
395,1288,0
391,1399,0
483,878,0
150,1434,0
277,1052,0
481,517,0
207,1133,0
384,611,0
221,1307,0
440,609,0
196,1401,0
309,1311,0
370,1118,0
351,616,1
400,1409,0
211,1027,1
449,1142,1
261,1474,0
239,746,0
15,922,0
401,993,0
319,682,0
303,793,0
328,523,0
205,678,0
107,1325,0
487,1295,0
343,1172,0
299,578,0
70,1103,0
445,1393,0
91,1101,0
201,1160,0
63,578,0
499,1445,0
69,526,0
282,1452,0
364,945,0
244,1170,0
429,1397,0
100,1161,0
364,570,1
242,1200,0
298,682,0
405,506,0
201,1211,0
271,769,0
352,1114,0
476,905,0
231,1461,0
63,1311,0
278,1404,0
345,1392,0
112,1338,0
278,850,0
166,683,0
327,1097,0
185,951,0
225,1105,1
165,1287,0
350,520,0
291,1081,0
462,952,0
94,1358,0
433,556,0
440,500,0
474,1213,0
92,723,0
143,1331,0
286,1050,0
27,804,0
204,798,0
142,651,0
126,691,0
72,1307,0
385,914,0
161,580,0
34,694,0
239,1141,0
419,1020,1
491,1320,0
17,1027,0
282,1231,0
114,504,0
11,619,0
155,1082,1
402,1356,0
394,1360,0
287,1063,0
314,793,0
132,964,0
291,615,0
475,1285,0
4,663,1
277,630,0
441,622,1
360,717,0
137,1326,0
210,701,0
5,1457,1
21,1218,0
336,1212,0
489,915,0
51,1424,0
349,670,0
307,580,0
326,751,0
247,1294,0
423,912,0
217,1353,0
48,916,0
128,1349,0
427,1003,0
156,623,0
492,594,0
200,1489,0
343,575,0
353,909,0
101,1260,1
459,1182,0
226,713,0
181,1253,0
248,625,0
64,640,0
118,883,1
318,897,0
65,1299,0
393,951,0
482,518,0
93,718,0
282,725,0
475,928,0
260,810,0
462,1223,0
29,681,0
422,1131,0
103,887,0
494,1264,0
73,1446,0
435,850,0
183,1082,0
381,1167,0
110,914,0
120,1181,0
375,1267,0
451,597,0
19,1268,0
0,543,0
50,1125,0
322,1299,0
197,1026,0
251,635,0
367,820,0
463,735,0
215,557,0
3,550,0
410,692,1
120,798,0
292,1058,0
140,702,0
221,1311,0
415,1063,0
262,819,0
163,971,0
16,1481,0
343,637,0
433,1164,0
375,734,0
252,722,0
281,1325,0
208,1094,1
115,843,0
435,659,0
103,1217,0
295,1032,0
452,726,0
283,1452,0
147,1449,0
214,1262,0
97,1071,0
194,1084,0
187,903,1
68,1005,0
335,593,0
27,1213,0
69,1102,0
4,730,0
493,997,0
303,522,0
39,1418,0
494,911,0
390,912,0
491,602,1
454,746,0
471,1402,0
243,898,0
269,519,0
388,1318,0
398,1013,0
285,1214,0
47,1431,0
72,700,1
80,1321,0
376,862,0
294,1039,0
187,579,0
89,1297,0
227,1382,0
420,1013,0
112,1127,0
467,1323,0
359,1252,0
420,585,0
108,1165,0
296,1215,0
367,762,0
312,500,0
76,695,0
160,1366,0
293,1427,0
49,1041,0
59,951,0
170,1356,0
307,597,0
194,635,0
180,967,0
360,875,0
357,870,0
195,944,0
197,877,0
337,836,0
274,1453,0
86,1003,0
414,1004,0
249,801,0
126,1216,1
334,666,0
204,777,0
84,550,0
30,654,0
368,596,0
19,1127,0
289,528,0
209,1373,0
115,753,0
376,1098,0
348,1472,0
260,976,0
483,1426,0
385,1344,0
358,1269,0
80,1061,0
490,1040,0
376,1175,0
160,605,0
484,1018,0
60,750,0
45,1075,0
111,1330,0
359,1488,0
393,651,0
329,566,1
419,589,0
365,1199,0
279,1274,0
243,931,0
194,1279,0
454,1062,0
58,826,0
217,1301,0
146,964,0
319,1293,0
362,1316,0
443,780,0
183,1088,0
210,1088,0
284,676,0
4,883,0
291,932,0
348,1023,0
142,745,0
295,1307,0
406,1341,0
321,1061,1
449,1003,0
414,559,0
365,1136,0
410,733,0
310,1364,0
49,1173,0
288,1447,0
422,768,0
196,572,0
44,943,0
32,1143,0
236,751,1
384,691,0
53,1282,0
223,963,0
464,1391,0
276,916,0
275,1400,0
240,850,0
238,663,0
265,512,0
15,1416,0
332,701,0
407,1039,0
75,990,0
367,1358,0
452,1000,0
232,782,0
286,775,0
34,1242,0
479,773,1
486,1364,0
170,965,0
450,1141,0
114,810,0
474,1155,0
343,1032,0
339,1407,0
269,507,0
377,884,0
287,926,0
351,1300,0
45,1380,0
272,1292,0
304,1024,0
175,611,1
249,1154,1
327,558,0
321,536,0
386,1279,0
396,819,0
152,1370,1
254,721,0
347,886,0
188,863,0
478,1230,0
478,528,0
103,1241,0
92,528,1
451,1341,0
474,770,0
388,1484,0
168,912,0
386,1434,0
234,1079,0
183,1476,0
26,804,0
1,953,0
95,1276,0
299,1010,0
260,1296,0
161,1043,0
435,1166,0
44,632,0
45,1343,0
60,596,0
148,1321,0
404,1360,0
369,670,0
71,1434,0
126,539,0
339,1278,1
128,1188,0
421,1376,0
315,1035,1
313,697,0
328,637,0
161,1274,0
53,1378,0
400,875,0
171,749,0
259,1189,0
345,960,0
166,861,0
18,1237,0
407,1188,0
276,909,0
169,1099,0
389,768,0
157,1277,0
418,1062,0
77,905,0
203,897,0
113,1334,0
309,1251,1
289,1175,0
322,1053,0
411,1345,0
71,572,0
347,861,0
479,591,0
328,703,0
283,570,0
202,749,0
180,583,0
109,751,0
440,515,0
400,881,0
272,1355,0
427,926,0
263,860,0
178,1233,0
69,1470,0
358,1180,0
26,538,0
417,525,0
14,1130,0
476,668,0
23,548,0
43,1372,0
419,1293,0
106,1463,0
131,1063,0
177,669,0
73,1423,0
417,959,0
228,698,0
34,801,0
310,790,0
186,599,0
424,855,0
345,777,0
496,1036,0
491,1208,0
139,1056,0
442,612,0
354,1248,0
308,893,0
280,1055,0
81,1280,0
322,955,0
440,1479,0
86,1273,0
70,814,0
22,560,0
42,1025,0
174,949,0
321,653,0
77,625,0
304,734,0
317,1272,1
70,585,0
11,790,0
316,893,0
158,1126,0
90,686,0
226,1303,0
409,532,0
39,1196,0
58,621,0
474,544,1
71,645,0
467,637,0
300,1116,0
300,1096,0
127,926,0
2,1349,0
29,1285,0
5,1335,0
350,696,0
229,1215,0
382,1254,0
301,698,0
31,617,0
170,543,0
294,956,0
94,825,0
488,1141,0
345,843,0
130,799,0
217,1022,1
374,887,0
91,583,0
318,1406,0
150,1355,0
281,1029,0
56,1090,0
354,1254,1
53,1068,0
209,851,0
351,1160,0
290,1402,0
323,625,1
0,697,0
361,985,0
254,1286,0
60,868,0
79,639,0
423,883,0
317,550,0
151,909,0
33,1359,0
226,880,0
324,1334,0
23,1473,0
56,840,0
367,709,0
252,1427,0
52,938,0
342,1287,0
494,1044,0
135,1300,1
265,604,0
480,765,0
107,1089,0
165,1086,0
326,1296,1
38,1025,0
95,1432,0
11,1369,0
336,1344,0
121,528,0
177,599,0
481,1462,0
498,1261,0
115,1409,0
359,1034,0
446,795,0
281,904,0
378,680,0
98,589,0
373,1159,0
191,1398,0
360,802,0
109,726,0
225,516,0
467,1163,0
307,1379,0
113,552,0
351,1129,0
82,862,0
354,896,0
205,880,0
453,504,0
238,912,0
230,1064,0
408,1189,0
342,1200,0
402,668,0
280,1298,0
126,1072,0
342,885,0
308,562,0
254,502,0
278,622,0
391,879,0
193,1093,0
201,646,0
459,1199,0
209,1261,0
361,528,0
182,1260,0
277,588,0
296,737,1
337,609,1
279,1306,0
4,1317,0
30,882,0
441,892,0
157,1340,0
272,990,0
382,892,0
38,1279,0
313,642,0
73,927,0
56,1224,0
440,763,0
497,729,0
245,1315,0
229,904,0
156,1414,0
69,1364,0
42,1416,0
399,1297,0
2,992,0
359,956,0
349,705,0
422,554,1
12,1288,0
230,686,1
118,1208,0
325,1478,0
113,626,0
226,657,0
287,1295,0
132,1131,0
355,1468,1
388,1456,0
201,531,0
45,1249,0
39,897,0
8,784,0
169,630,0
222,1482,0
442,1307,0
413,1173,1
107,644,0
295,1090,0
134,1466,0
129,685,0
6,1427,0
280,707,0
75,1426,1
436,961,0
211,1299,0
353,834,0
327,1162,0
466,1486,0
75,527,0
227,1289,0
416,1478,0
346,1186,0
126,899,0
22,1254,0
184,1068,0
465,1325,0
76,588,0
15,669,0
266,932,0
98,1257,0
463,760,1
324,1370,0
203,696,0
165,1382,0
247,534,0
43,1005,0
115,1279,0
63,1258,0
149,755,0
72,1204,0
327,1351,0
176,1486,0
51,996,0
28,769,0
489,503,0
362,914,0
120,597,0
286,1313,0
141,655,0
410,543,0
401,979,0
323,1119,0
159,732,0
228,509,0
438,822,0
107,606,0
367,1440,0
80,960,0
84,674,1
358,1265,1
213,974,0
477,675,0
428,639,0
302,1119,1
376,786,1
410,712,0
390,1023,0
105,1217,0
249,795,0
481,1384,1
97,603,0
214,521,0
425,1002,0
85,1183,0
216,1055,0
415,1080,0
380,1342,0
242,748,0
327,786,0
146,1398,0
132,606,0
12,661,0
168,1110,0
159,1323,0
288,795,0
134,680,0
483,565,0
366,1048,0
487,677,0
62,1396,0
208,803,0
230,1126,0
207,995,0
314,996,0
240,646,0
483,768,0
274,542,0
494,1080,0
32,988,0
326,1222,0
223,524,0
82,780,0
206,1230,0
181,538,0
307,815,0
188,751,0
283,1147,1
403,846,0
291,948,0
31,553,0
90,1224,0
107,1278,0
6,926,0
55,1202,0
230,1129,0
171,800,0
86,853,0
236,1312,0
28,586,0
70,649,0
350,577,0
495,1299,0
404,1191,0
383,725,0
462,1015,0
417,567,0
115,989,0
259,1129,0
153,1170,0
29,837,0
30,939,0
118,706,0
257,1344,0
281,1080,0
494,906,0
315,924,0
352,1098,1
158,678,0
22,1266,0
381,670,0
54,539,0
368,1237,0
412,720,0
189,675,1
417,848,0
44,1006,0
301,1117,0
273,854,0
371,946,0
75,1273,0
338,1303,0
427,1408,1
170,986,0
105,841,0
142,561,0
257,765,0
425,853,0
355,1476,0
150,1011,0
382,1250,0
499,744,0
61,1324,0
306,1227,0
333,921,0
197,871,0
469,516,0
340,954,0
346,859,1
200,864,0
188,1010,0
395,1313,0
270,651,0
263,1364,0
332,1227,0
429,540,0
472,818,0
200,1485,0
347,734,0
435,888,0
341,1128,0
233,1080,0
183,628,0
302,971,0
308,1016,1
484,891,0
9,1100,0
416,991,0
20,641,0
268,733,0
368,721,1
92,631,0
93,1164,0
59,653,1
51,821,0
138,762,0
44,516,0
485,501,0
131,626,0
430,1115,0
193,1260,0
469,508,0
325,608,0
102,571,0
121,1068,0
499,555,0
402,516,0
217,1081,0
99,1262,0
425,1154,0
391,539,0
453,533,0
467,1262,0
442,614,0
73,1272,0
192,782,0
144,557,0
418,608,0
431,824,0
53,1132,0
122,812,0
419,1369,0
21,611,0
10,567,0
398,571,0
234,1322,0
147,714,0
342,663,0
26,1352,0
463,1321,0
305,836,0
473,1369,0
347,706,0
435,719,0
370,780,0
365,587,0
84,1265,0
175,1382,0
424,1060,0
425,1124,0
71,911,0
456,1071,0
360,750,0
180,1057,0
326,1462,0
426,1460,0
78,1425,0
62,1281,1
288,1231,0
149,790,0
263,925,0
218,1450,0
138,608,0
200,1403,0
330,1265,0
74,993,0
374,1270,0
263,641,0
213,1340,0
346,563,0
157,681,0
165,1148,0
247,624,0
202,724,0
223,888,1
312,686,1
65,593,0
270,1488,0
322,1478,0
449,1242,0
182,1429,0
444,975,0
322,849,0
42,1102,0
346,1084,0
311,1166,0
129,1339,0
76,535,0
188,1143,0
192,1123,0
485,670,0
141,523,0
10,717,0
188,641,0
443,1378,0
350,767,0
457,1464,1
112,567,0
178,775,0
320,535,0
106,1250,0
281,1489,0
129,1064,0
85,864,0
140,561,0
354,627,0
275,837,0
165,1309,0
214,588,1
307,922,0
34,1281,0
178,1322,0
380,1438,0
266,1084,0
432,1060,1
377,1417,0
388,982,0
40,1394,0
60,1261,0
470,763,0
154,675,0
310,568,1
122,1123,0
221,598,0
326,1419,0
22,1436,0
181,732,0
293,728,0
267,1427,0
498,1015,0
61,637,0
166,821,0
337,1021,0
26,1258,0
270,1487,0
185,1128,0
37,1376,0
202,753,0
55,1402,0
129,1446,0
325,740,0
69,1174,0
102,1362,1
268,778,0
228,616,0
181,1233,0
165,1395,0
145,872,0
370,883,0
80,862,0
211,1202,0
261,1070,0
23,952,0
265,607,0
173,576,0
367,1263,0
62,586,0
379,1425,0
179,1078,0
314,528,0
100,1459,0
54,1187,0
397,531,0
74,1008,0
254,1338,0
47,1314,0
397,1050,0
229,898,0
24,1244,0
79,741,0
401,1293,0
103,600,0
420,981,0
114,904,0
20,1043,0
25,1198,0
364,1063,0
143,931,0
24,902,0
348,1249,0
326,864,0
141,642,0
276,856,1
154,1128,0
410,1185,0
434,940,0
360,1364,0
437,1134,0
25,1271,0
439,1064,0
323,1266,0
1,592,1
167,1011,0
60,732,0
295,580,0
273,1091,0
7,1232,0
242,1191,1
478,533,1
189,688,0
392,1059,0
198,575,0
210,1262,0
151,1414,0
248,812,0
480,1119,0
220,1250,0
29,1455,0
149,860,0
80,1305,0
337,1379,0
145,1092,0
442,899,0
377,1054,0
142,977,0
443,1009,0
234,1255,1
132,881,0
285,1439,0
279,944,0
438,1280,0
223,1221,0
466,1443,1
185,672,0
420,632,0
219,896,0
78,933,0
459,1297,0
138,1190,0
187,1010,0
283,658,0
67,902,0
400,634,0
89,797,1
355,762,1
273,1031,0
229,1147,0
125,553,0
495,529,0
250,890,0
347,1353,0
222,631,0
388,1012,0
124,854,0
63,519,0
454,1102,0
268,1104,0
219,1332,0
290,1053,0
419,1301,0
243,660,0
335,1205,0
1,966,0
399,1466,0
18,1135,0
439,1129,0
324,1339,1
173,1204,0
305,1449,0
90,616,0
336,864,0
197,863,0
211,1022,0
299,931,0
33,883,0
309,612,0
44,708,0
179,1018,0
50,944,0
67,516,0
404,1254,0
199,972,1
290,1087,0
398,1202,0
76,926,0
17,1422,0
55,1099,0
187,807,0
221,803,0
253,1401,0
423,1097,0
307,999,0
198,963,0
435,809,0
421,800,0
291,896,0
424,572,0
386,1333,0
25,772,0
304,1035,0
198,673,0
205,1130,0
311,985,0
275,1227,0
73,590,0
473,571,0
95,854,0
65,734,0
301,1228,0
415,793,0
487,1390,0
482,905,0
74,540,0
405,982,0
326,850,0
413,1131,1
380,553,0
232,1329,0
224,1475,0
148,759,0
41,1448,0
219,1415,0
307,917,0
466,758,0
255,1225,0
46,1470,0
127,897,0
104,692,0
364,1046,0
477,1235,0
35,614,0
110,773,0
187,1226,0
211,821,0
216,1189,0
335,1263,0
0,1146,1
395,549,0
5,650,0
491,537,0
361,1141,0
383,978,0
474,657,0
402,591,0
260,820,0
346,675,0
203,854,0
364,1226,0
151,652,0
398,947,1
21,749,0
445,915,0
354,1444,0
227,914,0
130,554,0
322,1238,0
238,1411,0
377,1290,0
38,1206,0
230,696,0
191,1278,0
293,716,0
314,1294,0
413,1041,0
216,1333,0
440,674,0
359,1039,0
434,1161,0
436,549,0
22,620,0
121,996,0
282,569,0
347,804,0
490,539,0
244,719,0
299,998,0
461,929,0
228,1044,0
411,1052,0
28,1152,1
188,1242,0
125,1180,0
119,650,0
352,680,0
259,809,0
224,946,0
77,1340,0
59,1119,0
193,1373,0
462,1281,0
488,534,0
177,973,0
164,1382,0
455,594,0
202,567,0
156,1453,0
145,734,1
129,921,0
438,870,0
465,1046,0
37,1424,0
321,1016,0
140,631,0
483,645,0
189,1365,0
380,861,0
165,1311,0
396,816,0
35,1263,0
65,921,0
89,1050,0
465,946,0
300,1289,0
312,806,0
248,1459,0
7,694,0
289,1396,0
206,509,0
352,1015,0
272,869,0
399,1460,0
114,776,1
79,680,0
372,1226,0
50,1090,1
266,1081,0
310,1454,0
380,1285,0
316,1249,0
204,1096,0
264,909,0
93,841,0
6,543,1
330,731,0
141,752,0
280,800,0
145,1444,0
292,1404,1
100,1242,0
480,626,0
253,1158,0
163,1129,0
6,1445,0
408,1080,0
485,520,0
214,1001,0
348,1265,0
138,1406,0
243,917,0
101,557,0
291,1387,0
280,930,0
56,812,0
26,1056,0
492,662,0
30,1477,0
444,1106,0
213,699,0
58,961,0
67,523,0
131,616,0
124,1127,0
160,1272,0
373,1447,0
494,821,0
351,962,0
489,785,0
287,1139,0
231,1132,0
190,1322,0
373,684,1
79,534,0
325,808,0
187,1293,0
137,555,0
257,1176,0
210,510,0
456,1096,0
311,1211,0
381,545,0
79,836,0
129,1334,0
330,1121,0
421,1150,0
326,540,0
99,1155,0
248,1460,0
459,972,0
498,1075,0
35,702,0
169,1317,0
149,538,0
442,1286,0
484,1200,0
465,506,0
341,735,0
226,694,0
124,1168,0
331,1218,0
276,1116,0
350,783,0
207,590,0
329,918,0
153,744,0
299,1303,0
493,839,1
296,770,0
315,674,0
333,970,0
159,1252,0
75,571,0
152,1378,0
370,703,0
198,1218,0
408,712,0
430,893,0
430,915,0
125,991,0
251,739,0
273,949,0
290,568,0
273,1457,0
495,1088,0
394,1277,0
413,707,0
473,1128,0
382,547,0
171,604,0
467,971,0
407,715,0
196,1397,0
313,548,0
35,839,0
237,854,0
290,1095,0
494,580,0
228,1435,1
91,523,1
249,775,0
417,1279,0
269,844,1
362,1286,0
234,1012,0
207,914,0
273,1313,0
347,1318,0
175,660,0
154,1097,0
67,1231,0
16,1281,0
348,1350,0
482,1269,0
222,572,0
200,1076,0
390,1119,0
13,1390,0
232,949,0
276,524,0
134,1287,0
136,880,0
345,745,0
300,1299,0
53,850,0
446,639,1
126,1140,0
264,1023,0
168,692,0
204,639,0
311,685,0
308,900,0
355,715,0
19,957,1
350,1230,0
279,1175,0
420,945,0
404,1271,0
143,889,0
140,1223,0
180,905,0
356,1286,0
227,1075,0
420,1216,0
383,954,0
395,649,0
96,807,0
221,656,0
286,1144,0
98,1047,0
191,809,0
251,1338,0
464,1098,0
444,526,0
65,976,0
266,655,0
487,1186,0
238,1125,0
417,1484,0
397,1094,0
164,1210,0
386,941,0
354,661,0
18,1339,0
382,1311,0
108,967,1
480,773,0
5,1175,0
94,849,0
394,887,0
121,1202,0
117,643,0
289,658,0
358,1073,1
135,893,0
185,1139,0
43,561,0
465,612,0
211,1167,0
93,951,0
411,661,0
281,1153,0
148,1205,0
250,1257,0
188,915,0
474,1246,0
300,742,0
302,612,1
167,975,1
451,1477,0
235,1434,0
30,935,0
447,1081,0
304,1066,1
499,1439,0
419,1303,0
463,561,0
326,1321,0
14,758,0
454,1056,0
66,1170,0
43,1202,0
412,716,0
201,912,0
429,1033,0
256,841,0
29,668,1
198,769,0
420,1102,0
396,757,1
452,1423,0
215,1177,0
221,667,0
90,1146,0
12,1198,0
86,1440,0
470,1103,0
316,1486,1
44,1032,0
106,1343,0
3,1307,0
168,642,0
96,604,0
477,647,0
254,1267,0
99,801,0
134,1187,0
336,653,0
418,1160,0
4,583,0
367,1017,0
205,505,0
59,1197,0
215,661,1
154,778,0
415,1371,0
372,999,0
35,1472,0
376,1351,0
212,1271,0
303,1435,0
442,802,0
115,541,0
226,700,0
245,542,0
411,1146,0
267,1205,0
286,1314,0
412,738,0
130,869,0
128,1332,0
360,707,0
296,711,1
59,1327,0
11,1323,0
470,724,0
56,881,0
437,1060,0
241,520,1
439,1183,0
215,1442,0
215,720,0
100,1375,0
15,843,1
103,1414,0
59,1160,0
393,722,0
414,1237,0
355,699,0
23,817,0
481,1374,0
356,1163,0
233,1037,0
16,1336,0
322,948,0
53,744,0
28,937,0
30,500,0
441,1019,0
63,1271,0
415,502,0
176,1313,0
397,1114,0
485,852,0
387,1158,0
493,1386,0
288,1108,0
399,1252,0
86,660,0
261,1181,0
51,829,0
379,1028,0
299,996,0
308,1225,0
401,1378,0
411,1319,0
289,1125,0
156,1053,0
23,1197,0
127,1373,0
416,643,0
351,505,0
293,878,0
366,672,0
231,998,0
440,520,0
483,836,0
292,543,0
46,1203,0
322,1048,0
135,1291,0
254,642,0
180,776,0
163,588,0
104,1289,0
240,1412,0
127,1167,0
231,1464,0
223,1307,0
115,985,0
88,1388,0
134,1314,0
108,995,0
302,1297,0
189,814,0
430,914,0
487,1270,0
491,1195,0
391,565,0
252,1145,0
439,726,0
299,842,0
452,699,0
184,692,0
442,929,0
96,1188,0
223,1340,0
455,558,0
468,927,0
154,1281,0
249,1474,0
194,1104,0
130,1257,0
401,1320,0
116,526,0
260,1239,0
80,1137,0
153,1469,1
459,664,0
126,627,0
326,970,0
424,1420,0
271,812,0
182,632,0
325,566,0
163,968,0
438,1112,0
91,1417,0
201,950,0
13,949,0
455,1338,0
347,1277,0
89,1105,0
106,992,0
56,1279,0
250,788,0
121,774,0
86,929,0
185,605,0
195,883,0
472,1316,0
33,619,0
414,686,0
396,1082,0
25,1409,0
236,1121,0
107,1342,0
98,1054,0
345,798,1
262,930,0
27,549,0
481,688,0
110,1255,0
22,711,0
428,712,0
58,1419,0
451,633,0
13,613,1
79,602,0
3,641,0
203,898,0
26,715,0
23,1216,0
280,1398,0
184,1389,0
80,1419,1
497,581,0
259,862,0
287,817,1
374,585,0
85,1287,0
77,792,0
124,916,0
118,1461,0
62,1385,0
342,1283,0
472,1251,0
246,1427,0
377,910,0
442,1186,0
60,616,0
89,1132,0
175,741,0
118,571,0
345,768,0
437,711,0
34,952,0
388,1261,0
77,750,1
212,573,1
254,1335,0
371,1355,1
3,520,0
264,581,0
0,650,0
434,626,0
42,1339,0
332,550,0
20,1320,0
66,1088,0
12,1460,0
464,799,1
62,535,0
45,1324,0
40,1435,0
423,1290,0
491,1250,0
449,895,0
395,513,0
455,1135,0
109,755,0
448,1431,0
158,1355,0
72,525,0
48,891,0
436,909,0
175,1355,0
481,699,0
167,1105,0
374,1395,0
155,1401,0
140,670,0
430,698,0
423,668,0
385,1349,0
68,1432,0
297,944,0
27,1249,1
214,1288,0
483,1219,0
42,996,0
400,710,0
399,808,0
171,735,0
89,521,0
10,1150,0
144,1150,0
93,965,0
55,1161,0
387,516,0
54,612,0
85,636,0
391,547,0
498,1091,0
39,794,1
304,820,0
15,1038,0
390,801,0
256,754,0
53,519,0
258,960,0
387,1448,1
60,803,0
236,624,0
375,1239,0
432,961,0
6,1447,0
63,1469,0
37,969,0
131,1208,0
166,1344,0
45,522,0
429,1385,0
19,513,0
175,1144,0
61,525,0
35,793,0
496,1219,0
194,742,0
138,539,0
495,844,0
76,1154,0
143,1237,0
12,1009,0
217,1123,0
168,1145,0
217,1105,0
458,814,0
97,630,0
159,875,0
423,637,0
247,852,0
378,1111,0
205,1478,0
390,948,0
367,1107,0
210,1172,0
64,578,0
260,1440,0
309,1371,0
225,1414,0
259,811,0
208,1036,0
139,944,0
456,1250,0
425,1021,0
309,1342,0
174,869,0
218,1047,0
292,1394,0
468,983,1
135,1359,0
462,1264,0
190,603,0
445,944,0
20,1067,0
68,1144,0
329,1020,0
329,1479,0
35,1001,0
394,1132,0
410,1381,0
363,783,0
246,973,0
18,678,0
138,1117,0
29,1218,0
487,836,0
332,1325,0
452,595,1
431,950,1
110,894,0
39,1378,0
23,1254,0
433,1187,0
375,1160,0
147,1045,0
5,1447,0
409,799,0
218,828,0
205,1096,0
497,710,0
337,1282,0
180,990,0
62,1249,0
357,560,0
341,509,0
384,1384,0
182,1093,0
186,1175,0
101,1470,1
451,1145,0
125,642,0
37,536,0
359,1336,0
445,1313,0
276,1348,0
320,840,0
488,1006,1
82,1427,0
160,1396,0
491,519,0
192,1143,0
185,913,0
98,1090,0
278,1374,0
365,650,0
300,799,0
406,873,0
206,816,0
16,655,0
93,785,1
429,1254,0
122,1109,0
178,1095,0
348,704,0
297,1067,0
306,502,0
323,633,0
47,911,1
3,531,0
326,863,0
90,561,0
2,869,0
262,994,0
42,1347,0
290,844,0
150,717,1
334,667,0
395,862,0
461,760,0
435,572,0
419,808,0
110,921,0
365,867,0
222,513,0
122,688,0
6,1000,0
460,676,0
430,981,0
97,1306,0
139,564,0
188,689,0
126,1205,0
98,1086,0
256,1378,0
331,1347,0
123,1462,0
401,620,0
445,1397,0
301,1362,1
151,772,0
112,533,0
215,1136,0
206,1383,0
106,1458,0
311,884,0
9,1163,0
110,1426,0
151,880,0
298,1451,0
424,646,0
64,643,0
316,689,0
499,762,0
5,672,0
368,548,0
405,1152,0
496,684,0
373,957,0
380,619,0
19,1034,0
237,1377,0
133,974,0
278,1052,0
303,927,0
241,1113,0
70,1238,0
375,1295,0
387,933,0
243,1406,0
287,1224,0
291,1242,0
82,1265,0
251,711,0
219,539,0
243,1435,0
342,982,0
433,1148,0
357,914,0
394,1138,0
357,924,0
34,1159,1
20,1136,0
192,1478,0
1,785,0
328,824,0
87,939,0
86,1186,0
473,853,0
411,944,0
163,845,0
257,678,0
327,703,0
439,1481,0
474,1444,0
244,1089,0
153,1411,0
369,815,0
339,1430,0
162,731,0
4,1355,0
225,1012,0
204,1172,0
331,833,0
114,703,0
457,968,0
226,874,0
114,763,0
303,1027,0
283,827,0
467,1315,0
392,1118,0
35,1028,0
84,878,1
212,918,0
315,810,0
239,1274,0
292,1383,0
97,1118,0
172,1027,1
215,539,0
35,893,0
80,568,0
197,1011,0
459,1461,1
344,696,0
139,1451,0
433,1363,0
431,1147,0
227,530,0
302,1022,0
251,651,0
176,1010,0
39,1155,0
51,717,0
169,1080,0
451,796,0
54,848,0
260,1044,0
490,618,1
22,1485,0
70,1072,0
181,590,1
386,640,0
278,1480,0
409,908,0
41,1030,0
6,1352,0
213,600,0
224,1097,0
16,1126,0
66,837,0
437,1395,0
225,1462,0
35,1260,1
350,891,0
416,942,0
416,898,0
332,1385,0
206,1022,0
322,1354,1
152,1354,0
474,1416,1
188,800,0
150,1271,0
287,987,0
118,1374,0
52,601,0
458,1409,0
185,539,0
277,680,0
70,1342,0
168,1021,0
168,920,0
159,686,0
240,668,0
398,918,0
154,1220,0
192,895,0
20,866,0
266,739,0
51,1278,0
115,1448,0
107,1418,0
64,761,0
401,1102,1
338,635,0
205,755,0
196,789,0
269,1458,0
16,815,0
423,1377,0
139,1374,0
28,1217,0
381,674,0
259,1398,0
259,1192,0
466,1180,0
124,1175,0
363,610,0
39,1264,0
359,1172,0
108,532,0
4,573,0
38,753,0
229,1413,0
499,522,0
260,988,0
418,1359,0
212,887,0
394,815,0
79,1408,0
353,1475,0
246,535,0
249,1220,0
364,912,0
416,1428,0
219,1390,0
158,1044,0
140,740,0
147,1302,0
206,542,0
448,1419,0
61,1053,0
304,921,0
341,1362,0
238,801,0
129,1283,0
103,803,0
215,1112,0
494,690,0
124,1409,0
136,1160,0
206,847,0
242,1017,0
285,971,0
395,1198,0
237,1167,0
148,798,0
346,972,0
116,1235,0
435,1374,0
494,1195,0
120,1432,0
175,983,0
449,701,0
235,1070,0
252,1465,0
190,1218,0
259,1381,0
46,624,0
185,866,0
39,786,0
282,1162,0
169,646,0
311,713,0
497,534,0
306,1118,0
360,1024,0
41,1378,0
389,752,0
183,1158,0
427,1241,0
382,1274,0
75,628,0
241,663,0
470,1396,0
158,1219,0
184,775,0
465,1229,0
45,1167,0
434,1404,0
190,531,0
175,669,0
473,821,0
94,1116,0
201,741,1
85,857,0
221,1081,0
278,744,0
415,984,0
92,1408,0
32,693,0
272,1116,0
171,667,0
100,850,0
326,1197,0
220,953,0
464,1333,0
81,947,0
244,786,1
44,588,0
255,1460,0
411,651,1
393,1074,1
379,809,0
36,876,0
215,965,0
123,641,0
280,760,0
263,1227,0
14,531,0
355,999,0
70,877,0
498,1238,0
226,1202,0
309,1128,0
470,1457,0
94,1088,0
119,1283,0
2,683,0
374,1267,0
185,1447,0
463,1191,0
427,1134,0
405,1427,0
197,579,0
243,939,0
145,1008,0
442,804,0
17,624,1
264,1083,0
203,943,0
129,926,0
277,1380,0
291,1432,1
228,1067,0
180,604,0
224,633,0
290,538,0
189,1428,0
225,871,0
37,860,0
456,1466,0
322,1294,0
348,888,0
113,1100,0
106,1049,0
155,1223,0
66,1449,0
264,1305,0
476,1328,0
121,1333,1
44,1064,0
50,1090,0
470,838,0
269,1486,0
361,1423,0
291,941,0
451,1085,1
369,684,0
77,1082,0
221,1113,0
136,1247,0
95,525,0
22,1032,0
387,1221,0
304,1371,0
172,1414,0
0,765,0
84,816,0
153,1181,0
331,646,0
136,523,0
265,955,0
375,610,0
216,1357,0
420,869,0
435,1004,0
142,553,0
489,1220,0
292,1284,0
81,980,0
358,1045,0
219,1062,0
246,1021,0
250,798,0
126,542,0
302,660,0
47,556,0
102,1189,0
162,1411,0
40,1402,0
459,762,0
433,617,0
63,1480,0
59,1138,0
233,937,0
271,1253,0
480,552,0
233,1216,0
436,1346,0
445,1343,0
95,556,1
162,1067,0
154,1417,0
61,1292,1
130,1299,0
123,967,0
120,952,0
389,569,0
21,1238,0
394,958,0
272,1276,0
140,657,0
89,1158,0
301,1366,0
472,880,0
481,1323,0
459,1364,0
54,1109,0
384,1010,0
290,1303,0
140,1284,0
35,1323,0
472,873,1
259,1286,0
429,866,0
139,573,1
21,923,0
357,1042,0
458,1000,0
143,721,0
205,1205,0
16,944,0
470,608,0
397,1236,0
347,1390,0
33,997,0
245,745,0
330,661,0
142,802,0
490,729,0
206,1291,0
155,801,0
3,1350,0
98,1460,0
405,753,0
268,545,0
1,844,0
381,789,0
154,1361,0
239,1012,0
479,1220,0
17,1139,0
442,1141,0
289,994,0
164,1461,0
94,1423,0
286,1393,0
418,1135,0
197,1098,0
382,514,0
343,839,1
339,589,0
300,691,0
195,705,0
132,1173,0
398,1262,0
78,1305,0
188,1413,0
156,607,0
245,898,0
491,1440,0
94,838,0
144,588,0
316,549,0
444,1202,0
392,1439,0
18,924,0
253,653,0
121,1322,0
262,622,0
167,1057,0
117,532,0
330,562,0
307,1204,0
107,1081,1
243,661,0
218,624,0
448,862,0
78,1289,0
78,1002,0
12,736,0
319,1249,0
409,1043,0
119,706,1
16,948,0
96,1064,0
486,688,0
490,819,0
259,911,0
303,1080,0
495,1410,0
158,1347,0
492,614,0
293,679,0
484,730,0
374,1157,0
79,506,0
12,1437,0
127,1098,0
181,1236,0
296,1234,0
407,679,1
259,1296,0
221,765,0
454,615,0
395,1151,0
394,773,0
431,763,0
8,1043,0
156,1255,0
249,709,0
51,565,0
53,1469,0
340,1121,0
388,1454,0
389,749,0
435,1339,1
315,548,0
79,738,0
146,1374,0
234,777,1
306,667,0
288,733,0
156,1272,0
175,743,0
354,1359,0
174,699,0
21,567,0
347,969,0
46,591,0
351,1434,0
397,858,0
243,1321,0
399,1420,0
100,912,0
30,832,0
441,1168,0
328,769,0
422,850,0
124,1214,1
376,526,0
171,505,0
296,650,0
352,933,0
428,1230,0
498,1128,0
41,929,0
267,1155,0
373,1349,0
459,685,0
269,1295,0
471,811,0
57,1021,0
69,1115,0
167,957,0
178,942,0
286,647,0
290,1161,0
442,827,0
476,1223,0
288,802,1
317,522,0
74,1422,0
216,625,0
297,1246,0
289,1183,0
134,1313,0
10,612,0
475,971,0
89,1068,0
372,876,0
196,672,0
22,1174,0
431,1464,0
287,1248,0
155,758,0
326,1316,0
81,533,0
416,644,0
181,542,0
203,688,0
318,913,0
150,609,0
422,576,0
442,1229,0
254,1304,0
79,1187,0
449,667,0
32,1271,0
214,788,0
115,572,0
392,1123,0
86,1442,0
493,1275,0
373,1063,0
112,1271,0
24,875,0
125,756,0
126,1119,0
474,584,0
174,530,0
80,1019,0
410,1453,0
372,1271,0
235,585,0
259,1403,0
312,867,0
336,515,0
408,537,0
425,1285,0
144,944,0
466,1167,0
223,1137,0
123,817,0
87,1209,0
248,921,0
378,1027,0
139,677,0
137,625,0
39,951,0
429,889,0
260,696,0
257,888,0
107,696,0
341,1175,0
295,888,0
389,997,0
81,1475,0
396,1285,0
440,798,0
358,952,0
211,1025,0
354,589,0
67,897,0
108,1072,0
140,1362,0
186,1472,0
225,1296,0
87,1434,0
358,786,0
191,1446,0
475,915,0
22,879,0
89,911,0
485,626,0
399,1076,0
463,1469,0
371,1262,0
397,1391,0
224,1449,0
380,1134,0
172,1166,0
157,1009,0
404,507,0
178,1388,0
371,1480,0
188,1190,0
263,1440,0
292,705,0
406,634,0
24,567,0
279,907,0
452,1058,0
370,603,0
192,1297,0
168,1484,0
77,961,0
485,816,0
165,761,0
224,503,0
293,569,0
95,1167,0
25,1298,0
473,1150,0
362,1388,0
391,1404,0
294,827,1
57,1446,1
347,1204,0
284,1287,1
241,1139,0
87,846,0
306,1476,1
473,942,0
132,813,0
288,1316,0
483,1335,0
74,752,0
112,744,0
78,1383,0
368,655,0
491,1364,0
411,1419,0
7,1228,0
150,1405,1
364,1344,0
214,1081,0
409,1343,0
398,654,0
8,643,0
264,1418,0
269,1088,0
275,1168,0
442,652,0
139,872,0
433,1168,0
441,988,0
160,1191,0
443,721,0
319,889,0
498,1082,0
73,862,0
5,1146,0
233,839,0
134,754,0
27,961,0
126,796,0
458,652,0
181,625,1
189,510,0
235,1408,0
289,959,0
259,855,0
427,1126,0
182,572,0
360,885,0
278,1325,0
325,848,0
237,1302,0
172,840,0
318,523,0
0,908,0
116,953,0
50,1198,0
444,1126,0
349,1312,0
217,1206,0
383,676,0
371,1282,0
77,878,0
392,694,0
379,689,0
168,1198,0
200,1216,0
333,1204,0
8,677,0
428,1203,1
263,660,1
207,839,0
258,950,0
173,1345,1
269,1200,0
236,934,0
463,887,0
412,578,0
472,1188,0
411,1071,0
453,786,0
139,1025,0
92,1283,0
39,837,0
6,780,0
458,1414,0
161,1099,0
380,1146,0
373,804,0
192,672,0
92,725,0
286,940,0
381,672,0
269,1245,0
300,1303,0
305,635,0
83,624,0
100,1201,0
362,1456,0
369,1008,0
40,990,0
339,590,0
18,1431,0
431,701,0
410,822,1
352,1132,0
419,617,0
31,693,0
314,794,0
461,1033,0
302,620,0
132,741,0
432,1483,0
13,1403,0
81,822,0
237,1312,0
489,958,0
258,886,0
426,849,0
395,761,0
225,839,1
34,1238,0
191,1037,0
331,855,0
235,1349,0
341,922,0
463,928,0
313,1116,0
46,1021,0
36,1187,0
303,1217,0
146,1068,0
127,1303,0
139,811,0
473,651,0
165,561,0
140,630,0
338,686,1
331,1058,0
469,1298,0
453,1098,0
79,1369,0
472,1223,0
139,795,0
382,747,0
372,789,0
52,626,0
304,1303,0
128,1112,0
134,852,0
108,896,0
289,1319,0
126,871,0
174,1331,0
337,1293,1
321,860,1
114,639,0
495,698,0
351,819,0
46,951,0
311,1118,0
287,1216,0
280,615,0
422,866,0
45,933,0
216,1360,0
437,1301,0
92,712,0
44,1347,0
186,1135,0
473,514,0
346,1178,0
302,994,0
472,977,0
197,864,0
172,940,0
235,1000,0
260,1064,0
52,517,0
14,637,0
66,1482,0
353,654,0
407,627,0
15,1477,0
224,1431,0
15,593,0
98,942,1
453,1254,1
487,1105,0
300,769,0
441,813,0
317,1416,0
249,649,0
420,621,0
108,1033,0
492,1269,0
36,606,0
398,529,0
41,501,0
315,1374,0
422,676,0
229,636,0
387,911,0
471,1466,0
211,735,0
345,952,0
496,1215,0
157,908,0
216,1458,0
448,519,0
294,749,0
187,1043,0
219,1359,0
201,702,0
293,855,0
65,902,0
59,851,0
468,865,0
394,973,0
487,1449,0
210,872,0
363,1111,0
337,738,0
410,696,0
205,1163,0
461,1139,0
227,533,0
150,1104,0
90,951,0
327,1125,0
266,1014,0
410,1447,0
471,1343,0
440,533,0
105,899,0
178,1080,0
214,915,0
137,1186,0
75,1251,0
22,746,0
466,1375,0
332,934,0
216,1305,0
476,552,0
49,912,0
167,1300,0
424,1304,0
130,1301,0
269,1063,0
284,1150,0
233,976,0
486,1159,0
200,617,0
376,979,0
26,523,0
349,986,0
7,924,0
151,1445,0
403,1423,0
276,984,0
315,1045,0
257,1412,0
347,1317,0
240,609,0
205,1272,0
30,1172,0
105,1305,0
225,535,0
20,1297,0
412,1379,0
224,826,0
260,1220,0
309,1243,0
4,901,0
181,990,0
179,767,0
318,1087,0
43,1329,0
19,1296,0
149,1304,0
101,1335,0
31,1440,0
436,846,0
371,597,1
96,1199,0
221,785,0
127,1073,0
332,1275,0
367,770,1
446,1471,0
125,1205,0
161,1414,0
72,1262,0
475,675,0
212,611,0
364,645,0
150,1164,0
173,1449,0
203,713,0
280,1196,0
440,1461,0
274,682,0
245,1264,0
380,594,0
125,980,0
194,522,0
338,854,0
377,1392,0
443,969,1
435,882,0
358,1136,0
359,697,0
358,603,0
26,1181,0
106,836,0
207,1381,0
363,1041,0
433,1030,0
459,806,0
67,563,0
219,585,0
412,602,0
197,1311,0
216,732,0
448,934,0
54,1023,1
395,1385,0
226,1025,0
300,855,0
276,764,0
492,637,0
237,522,1
210,1041,0
216,1132,0
149,722,0
191,824,0
218,1037,0
129,542,0
184,1333,0
196,1173,0
125,1463,0
214,672,0
248,1159,0
330,1475,0
360,1186,0
474,726,0
17,640,0
172,737,0
48,1041,0
324,977,0
279,1291,0
469,718,0
143,1266,0
232,511,0
68,1062,0
366,710,0
141,549,0
365,735,0
25,756,0
299,1128,0
344,596,0
212,1317,0
239,1252,0
313,1321,1
187,1201,0
304,1182,0
444,1328,0
197,1427,0
492,1443,0
55,1007,0
180,1280,0
176,767,0
35,553,0
32,1144,0
117,1290,0
369,804,0
191,1033,0
239,1016,0
153,1279,0
240,1376,0
148,624,0
224,1473,0
12,1160,0
466,772,0
334,858,0
148,986,0
321,1147,0
184,1335,1
178,874,0
90,1154,0
357,612,0
229,1448,0
486,923,0
344,947,0
194,969,0
45,685,0
318,1465,0
363,1290,0
351,1329,0
203,1444,0
377,508,0
292,523,0
494,963,0
482,514,0
180,811,0
100,552,0
178,1465,0
124,783,0
85,872,1
370,1162,0
261,772,0
338,794,0
310,1336,0
209,1055,0
122,1401,0
384,1322,0
201,773,0
45,1431,0
348,1256,0
483,1455,0
384,1124,0
439,1369,0
240,540,0
318,901,0
484,1338,0
108,814,0
490,1070,0
126,756,0
329,936,0
205,1480,0
348,1249,1
96,536,0
375,532,0
134,1374,0
50,924,0
297,1118,0
329,1213,0
158,1305,1
12,1149,0
19,940,0
145,610,0
410,1312,0
401,1188,0
475,572,0
469,774,0
323,675,0
18,1047,0
407,1010,0
235,1039,1
238,713,0
157,1207,0
82,1032,0
494,930,0
295,1158,0
308,1073,0
82,708,0
425,1316,0
388,639,0
238,710,0
183,1340,0
350,679,0
482,1246,0
330,1440,0
296,1044,0
357,502,0
172,1240,0
254,1156,0
175,1088,0
494,1429,0
414,1180,0
210,1320,0
460,539,0
415,1219,0
350,1404,0
259,1453,0
417,1210,0
32,1190,0
167,588,0
141,1480,0
195,874,0
377,1048,0
86,637,0
399,1330,0
148,1333,0
49,1374,0
103,550,0
224,1479,0
274,579,0
365,1161,0
415,718,0
151,1368,0
39,638,0
313,1095,0
285,503,0
245,994,0
22,1372,0
167,966,0
373,1021,1
161,897,0
439,1107,0
114,595,0
305,1318,0
403,1457,0
444,1109,0
452,586,0
158,829,0
345,611,0
278,1199,0
398,1347,0
496,1289,1
410,1169,0
464,743,0
469,1285,0
32,1057,0
360,687,0
313,1242,0
372,1477,0
106,503,0
322,581,0
457,904,0
154,788,0
332,619,0
164,1143,0
441,1081,0
265,1426,0
408,1062,0
449,1063,0
117,1068,0
199,1139,0
400,1251,0
44,1443,0
92,1470,0
183,1330,0
259,1105,0
103,797,1
59,1185,0
333,1142,0
203,755,0
278,614,1
471,956,0
149,1380,0
208,1349,0
204,705,0
450,888,1
193,1236,1
169,1321,0
5,736,0
188,1458,0
448,663,0
222,958,0
276,944,0
412,923,0
129,673,0
181,768,0
261,1136,0
370,1469,0
273,968,0
394,660,0
272,867,0
446,558,0
109,1236,0
483,775,0
363,987,0
137,1128,1
119,1323,0
427,686,0
110,535,0
419,1247,0
184,780,0
36,1248,0
79,1409,1
2,1152,0
131,718,0
277,1101,1
499,870,0
146,673,0
208,1053,0
1,802,0
374,619,0
121,1443,0
488,1181,0
482,1194,0
324,684,0
103,741,0
283,997,0
442,591,0
482,1096,0
295,923,0
382,881,0
391,918,0
312,1163,0
117,876,0
252,1463,1
263,1143,0
124,683,0
292,1487,0
29,863,0
441,1311,0
366,709,1
24,629,0
436,1011,0
83,650,0
93,766,0
165,753,0
458,903,0
263,1059,0
495,1000,0
313,1283,0
384,1233,0
118,1038,0
209,604,0
331,1196,0
392,1152,0
353,999,0
93,862,0
35,681,0
80,1145,0
143,1453,0
132,1365,0
281,538,0
266,619,0
209,720,0
98,660,0
42,558,0
29,1018,0
4,1316,0
386,1127,0
491,1225,0
257,924,0
198,556,0
393,818,0
168,883,0
270,641,0
388,809,0
461,1200,0
344,1115,0
402,743,0
29,1246,0
373,1122,0
478,1278,0
39,1330,0
190,1456,0
463,656,0
450,969,0
90,1144,0
83,1243,0
285,509,0
330,1461,0
330,1349,0
62,1133,0
470,1474,0
217,1241,0
430,1038,0
238,1187,0
232,1213,0
361,1449,0
470,1315,0
65,788,0
389,1239,0
377,918,0
399,1278,0
423,1471,0
20,608,0
104,1327,0
2,1292,0
260,1310,0
79,1382,0
449,1398,0
31,1113,0
136,1182,0
489,1385,1
366,637,0
10,1063,0
387,618,0
345,1046,0
336,1037,0
315,1012,0
353,813,0
254,708,0
34,1379,0
396,1037,0
159,1090,0
270,807,0
115,1197,0
1,894,0
100,1203,0
169,1098,0
446,604,0
114,1102,0
386,780,0
355,1182,0
344,1304,0
143,1351,0
203,770,0
372,1329,0
62,1268,0
228,993,0
229,1213,0
291,1271,0
267,1245,0
384,516,0
163,514,0
57,849,0
162,1036,0
41,964,0
248,792,0
288,729,0
284,641,0
425,648,1
315,921,0
70,890,0
412,897,0
366,857,0
22,721,0
329,1140,0
111,915,0
23,775,0
64,534,0
403,512,0
223,999,0
480,986,0
387,1215,0
70,603,0
287,1467,0
458,1061,0
301,912,0
205,726,0
74,1442,1
183,505,0
452,1080,0
469,1028,0
292,1196,0
204,1357,0
470,1214,0
330,1246,0
241,1421,0
481,730,0
114,1149,0
111,1414,0
304,541,0
355,1210,0
67,995,0
287,701,0
373,1354,0
233,638,0
165,1048,0
431,1009,0
478,1231,1
335,1298,0
100,570,0
418,1163,0
301,1128,0
139,1485,0
150,820,0
86,794,0
59,1001,0
202,740,0
268,1379,0
190,600,0
406,860,0
231,773,0
288,525,0
175,1331,0
353,546,0
20,1439,0
487,881,0
292,980,0
277,1070,0
359,1214,0
20,538,0
208,1133,0
463,666,0
358,1318,0
115,653,0
309,1059,0
181,1202,0
111,605,0
238,1402,0
199,610,0
103,996,0
417,1217,0
31,1350,0
325,775,0
368,753,0
384,1072,0
248,892,0
236,818,0
283,838,0
369,1489,0
132,515,0
457,1007,0
354,665,0
344,634,0
92,1355,0
323,1208,0
381,848,0
307,1302,0
475,1354,0
26,1442,0
109,1145,1
351,1073,0
98,1123,0
233,810,0
250,501,0
36,1236,0
253,622,0
1,781,0
239,819,0
213,1036,0
268,1417,1
372,505,0
340,818,0
301,654,0
64,905,0
65,1373,0
403,1345,0
227,750,0
283,916,0
493,1423,0
373,507,0
292,599,0
132,990,0
321,1403,1
215,969,0
347,517,0
107,1399,0
462,1020,0
294,1268,0
332,1131,0
326,975,0
154,1332,0
338,997,0
437,1219,1
402,1088,0
161,691,0
455,1284,1
2,989,0
492,639,0
290,1251,0
222,675,0
141,668,0
238,942,0
393,1118,0
213,1122,0
181,764,0
41,711,0
256,970,0
426,922,0
358,623,0
20,1122,0
49,1156,1
107,1188,0
40,689,0
366,989,0
253,1080,0
342,1102,0
197,582,0
220,1201,0
317,957,0
271,1265,0
236,1235,1
147,583,1
398,580,0
290,581,0
299,1398,1
117,1033,0
343,817,0
74,1181,0
233,718,0
191,814,0
430,601,1
84,1298,0
300,1251,0
400,1475,0
364,1287,0
492,1387,0
201,935,0
429,541,0
224,1264,0
117,873,0
485,1016,0
105,667,0
20,698,0
205,650,0
281,1026,0
334,1347,0
147,1070,0
295,533,0
408,1225,0
101,940,0
78,665,1
153,875,0
307,749,0
471,770,1
431,842,0
12,999,0
47,1104,0
382,664,0
352,1439,0
349,1153,0
52,1413,0
150,949,0
322,699,0
437,1220,0
474,1237,0
289,553,0
29,1364,0
231,918,0
288,1288,0
271,1115,0
336,703,0
408,1342,0
121,968,0
392,1191,0
174,1289,0
279,1392,0
245,1134,0
403,790,0
333,1254,0
404,634,0
306,1250,0
499,989,0
116,880,0
365,1431,0
190,528,0
111,540,0
212,1278,0
413,1458,0
293,649,1
313,1020,0
367,866,0
274,1170,1
300,957,0
138,925,0
249,1357,0
361,975,0
432,1130,0
269,1247,1
384,1366,0
139,976,0
403,715,0
201,1179,0
410,587,0
119,566,0
215,715,0
467,1289,0
236,1181,0
241,662,0
185,658,0
136,949,0
21,660,0
101,556,0
181,1126,0
252,1292,0
474,1259,0
103,942,0
121,830,0
231,1065,0
499,1363,0
133,1369,1
479,677,0
41,687,0
85,996,0
374,690,0
406,737,0
6,1405,0
59,1414,0
494,1329,0
49,1346,0
476,778,0
172,1087,0
55,807,0
210,761,0
195,1309,0
311,1282,1
257,1079,0
335,1262,0
325,593,0
53,607,1
129,1414,0
457,1261,0
119,1280,0
302,638,0
438,1231,0
98,1473,0
473,1042,0
23,675,0
72,804,0
369,984,0
421,1149,1
13,599,0
195,957,0
297,1438,0
99,958,0
65,1059,0
25,931,0
11,1123,0
378,617,0
203,1346,0
130,1005,0
167,1213,0
10,973,0
118,1155,0
77,997,0
498,766,0
471,515,0
432,1273,0
324,1097,0
118,591,0
264,1209,0
385,526,0
192,802,0
419,1136,0
219,1117,0
290,666,0
72,636,0
137,1173,0
321,1108,0
11,940,0
273,532,0
94,1229,0
386,1274,0
411,938,0
429,595,0
9,969,0
207,882,0
222,861,0
206,667,0
183,845,0
364,1462,0
344,720,0
123,893,0
323,564,0
300,1179,0
405,546,0
40,639,0
56,897,0
269,1122,0
120,1475,0
74,884,0
166,599,0
443,1381,0
405,1474,0
94,1462,0
434,917,0
197,1043,0
168,689,0
438,597,0
312,813,0
144,1016,0
389,806,1
81,1266,1
341,1279,0
479,1094,0
225,1023,0
415,1337,0
122,961,0
47,953,0
413,722,0
119,783,0
338,1421,0
329,560,0
202,646,0
136,605,1
3,1437,0
199,700,1
106,1199,0
297,746,0
320,897,0
261,603,0
54,1103,0
441,1469,0
140,1444,0
58,559,0
134,634,0
224,919,0
107,1264,0
464,954,1
18,722,0
351,875,0
337,644,0
228,883,0
346,991,1
424,1142,0
227,777,0
352,515,0
300,1201,0
478,1175,0
419,597,0
356,1162,0
217,841,0
389,684,0
458,666,0
147,789,0
122,1353,0
74,1382,0
83,1391,0
173,606,0
153,712,0
363,1059,0
272,1362,0
249,621,0
232,1304,0
340,966,0
412,1156,0
450,1201,0
43,1146,0
275,1153,0
103,849,0
426,1154,0
64,817,0
385,1293,0
253,1242,0
287,816,0
118,1213,0
24,1118,0
243,854,0
7,941,0
228,624,0
350,940,0
339,1080,0
409,1101,0
194,718,0
83,734,0
2,1170,0
497,1013,0
403,733,0
69,931,0
172,1059,0
241,1322,0
412,927,0
56,1316,0
369,1039,0
239,784,0
53,1036,0
418,1253,0
99,697,0
428,509,0
89,848,0
171,1420,0
156,794,0
411,781,0
162,708,0
486,1332,0
494,689,0
494,554,0
67,802,0
261,1206,1
341,1436,0
321,501,0
261,949,0
395,962,1
444,1337,0
16,731,1
190,701,0
309,616,1
445,1128,0
481,682,1
341,801,0
453,876,0
91,1220,0
315,716,0
421,1357,0
36,1377,0
40,891,0
46,882,0
71,1344,1
258,713,0
467,1314,0
34,557,0
207,899,1
97,1419,0
118,971,0
163,797,0
445,1189,0
82,647,0
324,1278,0
285,840,0
209,793,0
73,600,0
192,728,0
287,647,0
491,1182,0
214,957,0
336,567,0
68,1309,0
276,822,0
457,514,0
474,719,0
182,1088,0
47,988,0
233,1077,0
274,1091,0
389,827,0
278,1233,0
79,974,0
482,1017,0
274,1413,0
72,868,0
203,1478,0
387,878,0
240,896,0
158,1038,0
44,739,0
341,1121,0
152,1487,0
354,1324,1
397,819,0
444,1130,0
30,535,0
30,1291,0
432,1361,0
18,1015,0
69,751,0
330,675,0
375,1387,0
413,1248,0
172,736,0
19,1140,0
231,1003,0
484,762,0
346,843,0
280,539,0
222,893,1
161,601,1
114,1058,1
128,926,0
144,1374,0
47,630,0
313,1397,0
153,1202,0
279,695,0
482,1410,0
1,609,0
478,622,0
284,1173,0
6,1317,0
94,816,0
414,666,0
441,953,0
343,795,0
79,1354,0
402,800,0
10,753,0
230,602,0
68,1382,0
215,1194,0
437,1446,0
370,698,0
351,1007,0
22,965,0
76,1239,0
354,501,0
264,881,0
297,1045,0
411,1125,0
293,552,0
229,601,0
387,1195,0
113,839,0
369,1035,0
397,1235,0
20,845,0
44,1266,0
69,1262,0
92,1140,0
5,978,0
417,1026,0
312,825,0
7,1275,0
140,1148,0
412,552,0
12,659,0
461,1391,0
44,549,0
203,1470,1
434,880,0
397,938,0
150,999,0
178,977,0
304,1447,0
75,507,0
36,665,0
1,1258,0
229,1171,0
268,564,0
15,1414,0
406,550,0
220,858,0
196,1438,0
189,1388,0
370,980,0
387,1116,0
194,943,0
11,637,1
346,731,0
375,1402,0
132,731,0
478,890,0
172,968,0
491,776,0
352,1338,0
159,1025,0
432,931,1
492,551,0
380,1081,0
320,963,0
13,585,0
285,575,0
153,664,0
30,893,0
323,673,0
479,1293,0
257,658,0
391,1241,0
12,531,0
298,769,0
456,1336,0
116,736,1
102,942,1
217,630,0
288,1363,0
110,992,0
50,635,0
143,1060,0
73,784,1
424,853,0
256,1345,0
228,764,0
240,1292,0
465,1290,0
490,1302,0
369,813,0
30,701,0
380,1215,0
405,921,0
191,1378,0
117,1345,0
186,1207,1
422,1383,0
188,829,0
5,788,0
281,661,0
293,743,0
432,1415,1
240,561,0
42,950,0
264,1327,0
396,651,1
23,1073,0
421,842,0
211,1263,0
181,774,0
245,1025,0
270,1354,0
132,1037,0
496,769,0
447,966,0
145,618,0
131,816,0
275,606,0
27,1407,0
99,588,0
181,1094,0
316,1332,0
170,1071,0
266,1345,0
2,680,0
495,557,0
358,806,0
472,1399,1
25,1475,0
185,811,0
205,966,0
496,1488,0
432,1010,0
295,760,0
127,1266,0
194,1296,0
233,949,0
437,625,0
226,1313,0
191,1377,0
273,1070,0
380,988,0
487,1121,0
109,1216,0
188,543,0
433,1319,0
60,648,0
82,915,0
141,1130,0
196,656,0
416,916,0
241,953,0
196,1243,0
285,997,0
228,954,0
442,622,0
72,983,1
404,530,0
252,1124,0
343,1455,0
133,1407,0
100,890,0
144,1454,0
28,885,0
419,822,0
341,1063,0
420,1349,0
153,1159,0
319,655,0
301,961,0
82,1071,0
372,894,0
439,677,0
163,785,0
278,553,0
313,1173,0
349,1255,1
130,894,0
398,1042,0
26,1155,0
177,1475,0
9,1045,0
149,975,0
421,566,0
32,765,0
4,694,0
428,521,0
229,857,0
256,1289,0
346,982,0
56,520,0
391,641,0
373,1138,0
9,1419,0
413,899,0
209,566,0
436,703,0
4,1244,0
255,1038,0
286,1297,0
158,938,0
239,955,0
85,568,0
20,1089,0
94,1306,0
309,580,0
467,543,0
210,688,0
44,1307,0
79,517,0
194,1359,0
414,727,0
146,758,0
129,1020,0
22,1070,0
446,654,0
131,1285,0
179,641,1
110,1240,0
110,1043,0
439,984,0
320,1086,0
273,989,0
154,502,0
228,555,0
423,1190,0
493,774,0
161,666,0
305,885,0
327,1016,0
456,593,0
276,839,1
309,1202,0
49,913,0
45,1293,0
90,1015,0
152,1430,0
173,1458,0
81,605,0
62,1476,0
281,1152,0
311,755,0
217,828,0
299,1297,0
251,1228,0
427,1069,0
389,1209,0
147,1350,0
214,934,0
311,891,1
311,1152,0
13,545,0
411,950,0
249,1480,0
206,1090,0
386,1445,0
282,737,0
416,521,0
472,647,0
261,781,0
244,1328,0
48,780,0
354,1224,0
175,738,0
440,1371,0
10,1389,1
448,864,0
460,849,0
364,1368,0
421,704,0
426,914,0
165,1465,0
335,1081,0
331,1313,1
444,866,0
128,846,0
263,572,0
397,1025,0
493,810,1
435,1139,0
115,1297,0
468,679,0
383,735,0
73,1064,0
26,1284,0
167,742,0
222,1338,0
42,1125,0
239,1381,0
482,1356,0
404,685,0
67,1477,0
48,928,1
460,514,0
471,1443,0
87,1086,0
306,1332,0
214,978,0
489,1262,0
13,624,0
401,1174,1
410,1171,0
403,895,0
296,509,0
357,1092,0
398,790,0
3,1340,0
239,1014,0
254,1193,0
414,810,0
196,1467,0
102,908,0
456,885,0
75,671,0
269,1055,1
49,1040,0
239,1474,0
317,1214,1
468,572,0
22,1146,0
418,884,0
447,1461,0
409,645,0
450,916,0
141,1123,0
177,711,0
123,544,0
372,1426,0
34,511,0
490,839,0
156,952,0
251,621,0
219,930,0
71,880,0
59,1017,0
498,1200,0
377,1008,0
409,527,0
272,1184,0
116,1080,0
122,787,0
470,700,0
92,1167,0
358,1396,0
416,638,0
416,514,0
330,641,0
458,955,0
317,838,0
340,804,1
335,1235,0
425,779,0
40,603,0
25,541,0
327,1245,0
123,1163,0
454,622,0
125,1355,0
222,777,1
98,1208,0
88,1178,0
456,1304,0
314,834,0
466,591,0
76,1421,0
336,1299,0
185,556,0
119,1401,0
199,939,0
216,819,0
211,1162,0
383,1268,0
356,756,0
260,1273,0
79,948,0
194,996,0
248,1456,0
463,1166,1
226,1363,0
443,621,0
261,761,0
293,1362,0
419,1037,0
494,520,0
284,530,1
272,798,0
411,1211,0
58,1417,0
21,1435,0
112,670,0
42,779,0
211,727,0
164,993,0
498,1258,0
250,927,0
100,833,0
181,1429,0
405,1037,0
402,1391,0
207,1471,0
483,771,0
302,1096,0
495,1449,0
353,1291,0
355,746,0
265,1232,0
322,1095,0
66,568,0
190,1383,0
344,923,0
444,676,0
87,1232,0
53,655,0
388,1145,0
158,1485,0
191,1286,0
379,1192,0
373,1182,0
27,1233,0
119,1442,0
303,965,0
256,900,0
162,705,0
218,916,0
43,1244,0
145,771,0
318,805,0
238,1026,0
90,795,0
230,1176,0
461,1291,0
369,615,0
392,560,1
247,786,0
86,1107,0
47,982,0
364,1007,0
149,1363,0
338,959,0
154,609,0
391,643,0
57,679,0
263,861,0
38,1096,0
473,1067,0
144,706,0
25,1286,0
385,959,0
450,1240,0
131,1188,0
329,661,0
472,1369,0
402,1282,0
215,610,0
391,1443,0
322,925,0
357,537,0
73,1298,0
13,820,0
174,804,0
208,771,0
388,1422,0
212,1234,0
407,685,0
147,909,0
85,1279,0
208,954,0
14,1073,0
437,908,0
228,580,0
162,884,0
183,997,0
442,1282,0
384,514,0
359,1354,0
24,621,0
19,599,0
85,882,0
162,507,0
436,589,0
427,617,0
23,1151,0
435,1349,0
361,869,0
89,1056,0
35,1104,0
373,1050,0
223,1038,0
82,961,0
440,928,0
196,501,0
233,1453,0
291,1210,0
362,650,0
329,1203,0
134,1098,0
278,873,0
314,1150,0
379,1103,0
345,585,0
58,717,0
377,1373,0
356,1001,0
284,1072,0
334,592,0
412,1319,0
48,1438,0
408,533,0
65,1232,0
52,1107,0
111,920,0
294,1154,0
48,986,0
102,1125,0
327,1014,0
91,1384,0
130,839,0
306,956,0
376,1073,0
400,1092,0
137,913,0
279,714,0
400,781,0
483,551,0
422,1049,0
234,1152,0
25,1347,0
123,554,0
346,1287,0
299,850,0
167,1453,0
315,711,0
382,640,0
258,605,0
261,697,0
457,756,0
29,1025,0
301,748,0
65,1368,0
356,1144,0
90,551,0
409,543,0
438,1180,0
406,1455,0
239,645,0
128,1277,0
198,1218,1
345,993,0
338,596,0
48,1441,0
82,812,0
80,675,0
452,1432,0
107,642,0
180,1413,1
354,873,0
222,651,0
105,564,0
295,811,0
96,1135,0
237,1475,0
405,1199,0
203,758,0
151,1238,0
462,1331,0
183,526,0
361,1159,0
347,1311,0
49,850,0
256,898,0
104,1106,0
458,1462,0
144,1024,1
410,634,0
3,719,0
397,1438,0
21,630,0
131,997,0
171,856,0
354,730,0
68,999,0
266,603,0
85,787,0
13,580,0
93,1452,0
226,561,0
80,1166,0
223,720,0
45,708,0
438,1367,0
475,977,0
487,1280,0
258,1361,0
130,1108,0
180,575,0
1,1315,0
114,626,0
269,873,0
344,709,0
157,748,0
348,1043,0
214,1187,0
115,890,0
127,963,0
327,1195,0
396,796,0
159,739,0
232,1400,0
107,1454,0
12,1233,0
298,1399,0
429,1015,0
117,1209,0
88,606,0
462,621,0
39,878,0
273,877,0
100,761,0
130,895,0
2,1186,0
362,772,0
142,554,0
25,1182,0
365,1275,0
320,750,0
294,1106,0
408,543,0
476,713,0
256,742,0
211,1049,0
420,1025,0
115,1198,0
57,604,1
15,1265,0
223,1450,0
497,684,0
128,891,0
407,1213,0
158,705,0
49,1177,0
93,1395,0
62,1000,0
212,1104,0
478,1274,0
384,892,1
255,985,1
393,1317,1
81,1409,0
105,1414,0
83,1004,0
116,1463,0
197,1364,0
424,699,0
301,712,0
353,891,0
38,854,0
16,823,0
408,1053,0
257,1112,0
410,1137,0
439,1233,0
334,902,0
357,586,0
486,664,1
453,1233,0
265,1361,0
35,713,0
464,903,0
279,1412,0
458,510,0
295,749,0
60,607,0
42,1250,0
91,1186,0
187,1380,0
74,630,1
375,631,0
123,1433,0
189,878,0
238,672,0
40,1234,0
82,1214,0
299,570,0
142,885,0
359,509,0
409,812,0
308,1347,0
389,1133,0
253,1346,0
204,1367,0
419,1257,0
254,1461,0
122,571,0
296,1302,0
143,929,0
291,724,0
247,1306,0
399,957,0
311,939,1
108,1057,0
197,622,0
244,700,0
98,895,0
31,1399,0
186,1486,0
198,714,0
20,659,0
173,725,0
300,1459,0
120,780,0
275,547,0
360,923,0
263,625,0
337,768,0
412,805,0
142,1231,1
144,644,0
275,1036,0
471,924,0
186,1146,0
15,1249,0
340,744,0
405,760,0
4,572,0
417,1048,0
355,775,0
317,762,0
59,855,0
408,597,0
92,972,0
320,1203,0
46,1068,0
21,995,0
144,1320,0
159,1086,0
11,1460,0
368,744,0
170,1426,0
324,1412,0
41,1038,0
235,947,0
354,1213,0
468,1306,0
189,518,0
221,1215,0
53,1062,0
205,1069,0
117,661,0
101,618,0
361,581,0
474,752,0
292,740,0
252,861,0
23,988,0
30,811,0
65,953,0
466,1272,0
81,1219,1
39,901,0
387,1288,0
157,1221,0
149,522,0
424,807,0
422,1401,0
436,683,0
152,1000,0
124,987,1
353,1013,0
483,649,1
389,1043,0
33,948,0
129,1127,0
455,1374,0
59,742,0
112,1184,0
203,1394,0
281,1315,0
30,932,0
124,1083,0
31,734,0
126,826,0
427,1046,0
413,1040,0
119,1316,0
15,927,0
339,853,1
105,791,0
495,1133,0
117,1296,0
51,1326,0
155,1101,0
428,899,0
207,1359,0
57,828,0
483,826,0
21,591,0
417,1305,0
101,1446,0
234,1184,0
256,510,0
261,1452,0
186,917,0
230,1278,0
312,1277,0
256,1029,0
0,1291,0
275,1289,0
61,943,0
293,1357,0
130,1242,0
131,1171,0
387,764,0
475,1429,0
403,1182,0
67,848,0
95,679,0
336,1125,0
319,1437,0
327,1232,0
179,602,0
397,1374,0
25,766,0
455,1353,0
112,765,1
355,1091,0
61,1381,0
223,975,0
200,1308,0
175,578,0
7,841,0
374,1266,0
94,619,0
396,1105,0
213,1226,0
333,856,0
296,1060,0
0,1185,0
268,553,0
316,1346,0
403,906,0
277,789,0
122,521,0
366,1380,0
302,935,0
292,1107,1
473,1036,0
374,912,0
218,930,0
265,554,0
227,1121,0
136,964,0
334,865,1
155,787,0
35,705,0
101,628,0
364,771,0
291,1018,0
235,1104,0
102,1199,0
126,1145,0
258,1082,0
310,864,0
319,1388,0
159,1140,0
110,1226,0
318,1461,0
357,667,0
367,938,0
452,1411,0
413,546,0
229,930,0
473,884,0
230,542,0
260,1090,0
387,871,0
402,1384,0
260,891,0
454,1268,0
296,933,0
175,816,0
305,938,0
52,652,0
20,747,0
368,806,0
463,1124,0
101,675,0
368,1274,0
266,1468,0
112,564,0
484,1340,0
426,684,0
110,705,0
266,1294,0
47,1186,0
221,595,0
212,748,0
181,583,0
322,1001,1
1,971,0
308,1038,1
159,1210,0
422,886,0
21,972,0
155,511,0
388,677,0
499,1187,1
472,1078,0
465,857,0
495,1159,0
182,1330,0
419,1461,0
267,1238,0
21,1384,0
62,562,0
257,568,0
233,869,0
194,517,0
254,890,1
118,1176,0
418,903,0
54,736,0
134,694,0
219,1427,0
395,1333,0
331,1316,0
424,929,0
312,1380,0
305,910,1
485,1185,0
445,667,0
362,923,0
283,636,0
17,763,0
90,1037,0
337,1119,0
246,522,0
459,1291,0
7,1021,0
190,873,0
33,1438,0
159,1438,0
229,1003,1
445,1118,0
418,1455,0
452,509,0
399,1445,0
47,1030,0
189,1286,0
147,806,0
231,1414,0
335,1433,0
91,952,0
0,775,0
173,978,0
80,1271,0
293,885,0
169,972,0
395,542,0
278,1346,0
79,1291,1
382,631,0
224,563,0
134,921,0
433,1342,0
175,766,0
413,662,0
324,576,0
426,1458,0
373,1438,0
329,979,0
474,903,0
265,1298,0
329,1221,0
68,581,0
260,997,0
361,1009,0
21,730,0
25,889,0
346,734,0
258,1253,0
478,553,0
362,696,0
113,1026,0
399,1184,0
378,1420,0
442,876,0
297,1268,0
341,898,0
201,1129,0
438,1391,0
494,1350,1
287,743,0
400,979,0
291,552,0
416,1475,0
243,1201,0
465,762,0
188,946,0
94,773,0
130,872,0
14,1326,0
180,824,0
146,1051,0
361,654,0
464,1181,0
116,571,0
456,1162,0
494,529,0
55,1032,0
386,896,0
300,868,0
189,1066,0
487,848,0
110,844,0
77,1354,0
335,1044,0
384,1318,0
398,1195,0
204,1383,0
296,972,0
442,1444,0
208,1282,0
430,911,0
309,891,0
434,1322,0
96,1114,0
467,865,0
53,871,0
378,654,1
368,1444,0
12,923,0
416,1185,0
130,1229,0
476,571,0
378,1073,0
18,1378,0
37,932,0
374,1450,0
432,1312,0
285,1313,0
53,593,0
104,567,0
450,618,0
303,1264,0
103,769,0
126,1307,0
283,669,0
120,1196,0
374,1220,0
271,1000,0
206,1254,0
34,1299,0
24,827,0
396,1066,0
436,1023,0
197,510,0
211,714,0
277,835,0
129,955,0
479,1419,0
82,1082,0
498,811,0
400,1372,0
343,843,0
476,1460,0
6,940,0
432,1424,0
470,807,0
113,1171,0
163,986,0
371,901,0
274,1248,0
25,1161,0
388,998,0
496,648,0
241,836,0
466,1056,1
82,1317,0
36,733,1
26,1383,0
24,1320,0
370,765,0
232,673,0
318,921,0
17,1306,0
353,747,0
130,1090,0
438,1194,0
170,875,0
101,1484,0
85,1222,0
266,1075,0
431,663,0
363,516,0
152,1256,0
347,1058,0
232,670,0
93,1201,0
64,588,0
218,793,0
171,549,0
101,1047,0
68,1006,0
190,1411,0
142,1289,0
160,926,0
331,1064,0
242,1344,0
367,1174,0
456,519,0
99,631,0
342,934,1
252,1306,0
357,1405,0
274,745,0
185,867,0
346,1086,0
81,1318,0
253,1286,0
489,1291,0
359,1353,0
342,545,0
458,1305,0
415,1151,0
497,548,0
45,1314,0
435,754,0
223,1032,0
299,1200,0
459,708,0
243,1273,0
216,901,0
247,675,0
466,664,0
104,1068,0
482,1274,0
489,783,0
366,1247,0
165,758,0
162,1488,0
364,1281,0
13,646,0
31,547,0
497,1151,0
126,1239,0
68,880,1
295,909,0
457,865,0
367,1056,0
428,713,0
267,505,0
321,1085,0
401,1210,0
310,512,0
486,680,0
219,1077,0
103,1002,0
4,1190,0
373,1379,0
171,1246,0
196,554,0
281,965,0
413,798,0
352,947,0
336,785,0
423,545,0
258,897,0
358,608,0
477,1363,0
272,691,0
8,1358,0
250,1432,0
446,1436,0
157,1465,0
329,815,0
428,1086,0
499,1459,0
265,732,0
491,757,0
2,821,0
107,641,0
495,621,0
463,535,0
360,1486,1
287,991,0
214,1160,0
166,783,0
480,500,0
356,1366,0
241,1361,0
129,991,1
493,1334,0
89,554,0
180,1336,0
308,759,0
11,893,0
295,638,0
335,953,1
242,776,0
38,1445,0
55,1089,0
462,530,1
59,1478,0
70,840,0
431,1188,0
205,1107,0
330,560,0
85,589,0
136,1446,0
255,545,0
269,890,0
36,1224,0
186,894,0
108,818,0
363,1425,0
109,1381,0
255,1456,0
410,943,0
480,1391,0
409,563,0
9,1080,0
246,723,0
64,617,0
153,1392,0
358,1250,0
439,823,0
413,1421,0
482,673,0
433,1425,0
271,743,0
51,562,0
272,830,0
267,866,1
96,1274,0
212,951,0
236,586,0
261,513,0
181,1397,0
193,580,0
127,809,0
224,1228,0
313,973,0
99,933,0
385,1240,0
278,836,0
51,1196,0
271,820,0
303,1180,0
463,1007,0
45,973,0
251,1138,0
497,932,0
314,900,0
150,1469,0
220,1361,0
345,502,0
266,815,0
328,508,0
72,1297,0
184,1328,1
95,1230,0
347,819,0
210,950,0
8,1382,0
224,539,0
111,1166,0
349,1410,0
263,831,0
433,1470,0
198,729,0
166,1209,0
52,502,0
236,1022,0
316,1057,0
409,1045,0
312,543,0
254,1300,0
372,722,0
493,833,0
133,641,0
257,993,0
495,551,0
366,1302,0
464,1085,0
258,852,0
92,1242,0
474,1175,0
288,1223,0
121,1391,0
41,913,0
401,1069,0
294,1061,0
370,793,0
317,1299,0
179,967,0
244,665,1
199,725,0
344,762,0
100,965,0
74,1155,0
387,629,0
252,1343,0
221,628,0
398,714,1
409,1411,0
260,959,0
205,965,0
341,1064,0
234,752,0
276,724,0
296,523,0
121,704,0
401,933,0
443,550,0
238,1431,0
174,531,0
22,706,0
344,816,0
342,1480,0
472,1352,0
224,1252,0
215,1135,0
466,1413,0
325,1430,0
324,802,0
474,1292,0
58,1466,0
489,1099,0
358,869,0
303,1012,0
368,1204,0
73,574,0
35,1459,0
195,834,0
60,747,0
91,601,0
423,680,0
111,1005,0
41,953,0
256,942,0
412,1412,0
248,878,0
370,1421,0
358,584,0
351,1124,0
146,1389,1
149,657,0
431,1095,0
260,962,0
248,1257,0
253,1285,0
485,1059,0
489,1035,0
48,563,0
116,1094,1
225,1048,0
90,906,0
38,1254,0
405,1241,0
5,1270,1
63,1112,0
180,1325,0
332,1247,0
35,1218,1
60,592,0
332,1337,0
171,740,0
245,574,0
461,618,0
487,944,0
286,1262,1
98,1381,0
264,949,0
17,1193,0
437,683,0
369,840,0
385,1180,0
133,1264,0
399,833,0
242,1461,0
298,1365,0
393,956,0
295,616,0
489,938,0
400,1360,0
362,1056,0
288,873,0
437,840,0
499,610,0
160,704,0
140,993,0
207,1210,0
114,892,0
61,1226,0
17,1090,0
138,1098,0
329,1402,0
207,1328,0
96,1050,0
81,757,0
275,916,1
312,930,0
125,1294,0
349,709,0
206,1044,0
230,768,0
290,1331,0
251,1002,0
486,669,0
47,1461,0
95,1296,0
314,968,0
241,1081,0
270,779,0
43,1303,0
429,1065,0
243,867,0
291,1279,0
316,882,0
205,643,0
159,938,0
7,930,0
452,1470,0
52,616,0
395,1051,0
427,687,0
478,542,0
397,1227,0
318,1323,1
210,1006,0
135,655,0
199,1018,0
229,792,0
67,1029,1
79,1259,0
261,1423,0
351,848,0
143,981,0
161,1010,0
170,704,0
276,649,0
40,540,0
488,936,0
317,1276,0
125,811,0
446,1249,0
62,1460,0
236,939,0
435,1008,0
315,974,0
250,1076,0
354,905,0
100,906,0
354,767,0
251,684,0
106,1062,0
132,629,0
246,683,0
249,961,0
358,1147,0
15,636,0
443,1362,0
76,784,0
101,1463,0
24,622,0
18,669,0
163,1207,0
177,782,0
328,1467,0
469,597,0
364,875,0
357,1309,0
156,1201,0
362,982,0
320,1252,0
156,1066,0
298,1394,0
128,903,0
94,898,0
429,1003,0
113,584,0
207,1232,0
392,644,0
292,500,0
386,1347,0
467,887,0
422,1442,0
104,737,0
346,517,0
36,1471,0
56,1399,0
412,1460,0
144,1168,1
199,891,0
249,910,0
433,1151,0
137,921,0
256,861,0
415,621,0
415,701,1
366,580,0
39,1000,0
200,949,0
362,1252,0
26,1018,0
68,894,0
468,522,0
186,1423,0
322,1201,0
39,1354,0
153,1034,1
473,937,0
67,1457,0
73,674,1
217,1424,0
142,1461,0
157,631,0
167,1369,0
209,652,0
181,1006,0
30,1003,0
67,737,0
298,841,0
459,1435,0
482,1171,0
427,1195,0
421,918,0
483,970,0
1,1303,0
368,1457,0
128,623,0
170,1476,0
128,1316,0
349,523,0
444,1282,0
20,564,0
265,552,0
273,713,1
39,1215,0
145,1239,0
15,1254,0
409,1236,0
32,1188,0
408,1146,0
30,1257,0
290,1351,0
400,1313,0
310,615,0
389,902,0
208,831,0
95,788,0
474,1165,0
474,846,1
478,530,0
366,1184,0
67,1247,0
409,786,0
303,843,0
208,1163,0
367,1400,0
28,839,0
381,598,0
261,591,0
100,1442,0
310,1334,0
373,606,0
286,711,0
428,942,0
447,1133,0
244,980,0
28,626,0
394,565,0
85,819,0
364,1355,0
26,1191,0
305,1275,0
416,1180,0
51,1161,0
182,599,0
72,1126,0
14,866,0
312,1284,0
461,1238,0
130,1180,0
137,667,0
149,882,0
282,528,0
468,687,0
420,575,0
422,1386,0
99,507,0
316,1451,0
250,538,0
46,622,0
320,1469,0
1,1434,0
125,1142,1
182,667,0
276,514,0
343,687,0
22,1428,0
153,913,0
376,877,0
199,721,0
391,828,1
124,1435,0
201,578,0
176,1472,0
159,1478,0
35,1426,0
347,551,0
42,1103,0
55,979,0
86,864,0
218,901,0
390,886,0
447,574,0
421,1126,0
68,747,1
498,808,0
399,1166,0
426,695,0
329,1141,0
125,1024,0
203,825,0
388,559,0
156,939,0
129,767,0
150,1261,0
69,1249,0
70,1029,0
174,1285,0
309,921,0
438,573,0
194,1238,0
373,635,0
384,793,0
395,699,0
56,1088,0
467,991,0
78,775,0
363,967,0
470,1385,0
299,656,0
469,775,0
99,616,0
473,1034,0
478,1083,0
68,1173,0
398,702,0
238,1448,1
277,1434,0
359,1285,0
346,1435,0
237,651,0
493,1292,0
6,577,0
391,1488,0
447,1119,0
52,683,0
146,962,0
149,1303,0
177,1425,0
106,1320,0
134,1364,0
383,1353,0
495,607,0
388,1068,0
118,1243,0
96,713,0
183,1199,0
254,587,0
232,649,0
180,1441,0
59,1382,0
158,903,0
336,868,0
401,566,0
434,1070,0
473,630,0
235,1246,0
370,519,0
436,895,0
4,1179,0
458,798,0
145,971,0
234,685,0
37,739,0
254,725,0
316,1371,0
89,1110,0
57,1241,0
325,1034,0
299,608,0
223,928,0
313,989,0
480,1479,0
414,940,0
19,1083,0
275,753,0
431,1244,0
412,1338,1
131,1411,0
229,1222,0
450,910,0
405,1260,0
315,653,0
265,760,0
228,862,1
413,1125,0
115,637,0
242,543,0
477,703,0
27,1235,0
56,637,0
129,738,0
118,708,0
403,1329,0
267,1076,0
438,1274,0
36,772,0
317,612,0
139,1370,0
200,920,0
166,967,0
66,544,0
396,615,0
470,1237,0
453,1327,0
53,1007,0
278,1151,0
124,555,0
419,699,0
322,763,0
411,663,0
26,1205,0
110,1400,0
483,1168,0
395,955,0
203,1053,0
80,1084,0
138,816,0
54,918,0
61,718,0
89,1295,0
475,1481,0
398,606,0
217,1129,0
334,916,0
210,1228,0
406,886,0
448,1326,0
235,1209,0
126,537,0
120,1476,1
400,1465,0
319,716,1
282,594,0
431,904,0
133,1439,0
19,1085,0
72,1048,0
331,636,0
164,971,0
273,1438,0
244,829,0
302,1274,0
173,1267,0
472,919,0
322,1056,0
67,1368,0
428,785,0
190,1367,0
266,1196,0
194,730,0
431,648,0
97,984,0
214,511,0
193,882,0
196,1423,1
86,1019,0
278,782,0
127,1104,0
423,726,1
470,1210,0
57,1262,0
36,1350,0
113,1041,0
92,1111,0
174,645,0
441,788,0
348,1019,0
455,958,0
285,584,0
286,1223,0
265,720,0
425,1080,0
389,686,0
325,841,0
257,985,0
485,1271,0
143,1102,0
455,1055,0
208,1382,0
211,817,0
176,533,0
355,790,0
418,826,0
62,1094,0
355,892,0
398,1346,0
260,852,0
393,947,0
429,618,0
242,1221,0
158,881,0
341,600,0
57,1232,0
161,1347,0
5,798,0
260,1147,0
52,671,0
111,1124,0
183,1394,0
412,626,0
211,1017,0
262,1047,0
215,580,0
21,786,0
22,1026,0
300,563,0
143,1387,0
492,1268,0
222,803,0
390,877,0
394,636,0
439,601,0
345,1139,0
298,505,0
441,1398,0
209,1336,1
67,990,0
236,622,0
246,996,0
64,1016,1
223,606,0
332,1444,0
235,609,0
194,1074,0
10,1200,0
310,1065,0
164,912,1
182,769,1
30,801,0
80,785,0
224,967,0
216,796,0
0,981,0
56,858,0
181,606,0
254,1159,0
136,1445,0
321,684,0
80,889,0
336,1298,0
424,877,0
281,1371,0
9,1484,0
494,929,0
59,1324,0
132,1342,0
249,572,0
356,886,0
312,1423,0
422,799,0
27,1061,0
25,591,0
292,637,0
40,745,0
99,997,0
148,726,0
462,1343,0
289,623,0
337,1426,0
196,1067,1
30,1427,0
311,1000,0
410,1423,0
314,995,0
31,625,0
264,1221,0
64,997,0
307,1402,0
8,647,0
276,642,0
335,711,0
167,1010,0
205,897,1
212,1307,0
311,571,0
63,745,1
169,1253,0
233,541,0
389,1151,0
321,1040,0
327,726,0
156,1007,0
19,1135,0
70,1037,0
287,696,0
366,633,0
451,1265,0
450,715,0
276,1148,0
354,1449,0
73,1314,0
317,909,0
258,1323,0
246,1210,0
463,705,0
415,605,0
224,549,0
197,1137,0
457,743,0
87,1123,0
340,1208,0
52,881,0
341,722,0
84,1387,0
56,745,1
335,1030,0
390,1228,0
330,1173,0
497,736,0
272,669,1
292,1449,0
157,1266,0
6,1293,0
48,764,0
287,1474,0
177,822,0
434,991,0
144,529,1
356,511,0
387,1229,0
290,1158,0
69,967,0
41,549,0
386,887,0
107,714,1
92,692,0
311,1160,0
81,653,0
237,536,0
313,676,0
369,681,0
461,921,0
475,650,0
418,539,0
390,760,1
476,1116,0
318,812,1
28,1302,0
114,895,0
444,1066,0
18,818,1
203,697,0
29,1093,0
387,613,0
22,670,0
170,1333,0
315,1063,0
100,1454,0
168,1486,0
159,1142,0
118,793,0
288,581,0
429,930,0
413,1294,0
337,857,0
276,1197,0
232,1300,0
175,879,0
168,1018,0
420,629,0
401,1149,0
182,1195,0
14,631,0
374,1176,0
128,589,0
420,1373,0
245,735,0
383,959,0
16,1195,0
301,979,0
32,940,0
61,830,0
436,521,0
171,606,0
99,649,0
470,1444,0
307,1344,0
468,867,0
45,853,0
206,1251,0
494,1034,0
349,1162,0
340,1044,0
40,584,0
453,676,0
188,1155,0
233,1128,0
340,934,0
491,610,0
423,1011,0
28,1170,1
258,772,0
128,1429,0
140,1273,0
449,620,0
404,1304,0
187,1215,0
359,1308,0
406,1110,0
382,950,1
142,508,1
239,1034,0
203,1341,0
250,999,1
251,1088,0
294,1471,0
118,648,0
179,611,0
160,638,1
150,1181,0
396,606,0
156,835,0
209,702,0
296,913,0
440,1148,0
380,623,0
27,1317,0
226,607,0
197,929,0
353,1174,0
113,571,1
148,1157,0
195,1048,0
429,565,0
294,1076,0
454,1219,0
405,512,0
176,874,0
267,1204,0
408,838,0
410,565,0
328,1399,0
351,1115,0
358,894,0
179,542,0
198,1256,0
470,856,0
187,789,0
149,968,0
388,958,0
388,1463,0
283,728,0
115,646,0
70,682,0
302,588,0
165,618,0
349,1050,0
348,1152,0
344,821,0
261,1440,0
260,1214,0
101,1325,0
371,763,0
62,1030,1
479,1315,0
461,1346,0
358,1113,0
328,514,0
232,1107,0
314,949,0
41,832,0
351,696,0
206,1079,0
35,1175,0
94,1456,0
32,1414,0
21,1347,0
330,982,0
219,837,1
171,852,0
172,850,0
473,741,0
468,976,0
252,1303,0
246,1333,0
113,1190,0
347,1247,0
227,818,0
69,1488,0
8,634,0
34,824,0
202,1168,0
277,959,0
337,1468,0
61,766,0
494,1190,0
87,593,0
131,1115,0
70,502,0
467,1301,0
423,1108,0
233,673,0
151,699,0
272,1295,0
437,1002,0
55,1440,0
332,519,0
64,791,0
285,1255,0
139,1416,0
234,533,0
371,516,0
311,1477,0
493,963,0
247,549,0
64,815,0
492,1351,0
63,749,0
314,1451,0
47,1389,0
172,671,0
93,1242,0
189,693,0
176,662,0
34,1042,0
149,606,0
327,1217,0
38,877,0
109,596,0
440,1348,0
298,1059,0
454,765,1
369,630,0
493,720,0
16,904,0
47,509,0
14,1348,0
497,750,0
69,1154,0
402,1334,0
109,631,0
475,632,0
24,600,0
83,859,0
29,1389,0
224,782,0
415,1324,1
236,907,0
403,657,0
377,1065,0
322,708,0
222,1139,0
464,1001,0
219,705,0
309,1309,0
320,1414,0
180,1125,0
371,751,0
382,1377,0
415,989,0
106,1472,0
6,990,1
111,575,0
23,911,0
83,991,0
120,1076,0
215,1238,0
76,1293,0
216,1374,0
451,1481,0
356,1168,1
93,1423,0
485,1359,0
100,950,0
368,1056,0
283,631,0
339,587,0
178,799,0
380,740,0
166,633,0
303,660,0
381,1468,0
392,878,0
465,1318,0
170,890,0
113,541,1
18,720,0
139,905,1
199,1019,0
1,1416,0
312,1099,0
90,772,0
395,698,0
416,716,0
421,539,0
404,1430,0
335,1265,0
34,697,0
225,1442,0
8,904,0
327,1413,0
400,1242,0
15,1432,0
478,1147,0
307,1230,0
44,890,0
113,535,0
417,823,0
414,904,0
255,1068,0
494,576,0
32,1124,0
251,1107,0
196,580,0
254,1393,1
376,790,0
253,647,0
233,1142,0
142,744,0
499,1427,0
475,1086,0
31,1251,0
380,1329,0
180,511,0
237,1390,0
441,1005,0
320,802,0
38,1202,0
337,1137,0
403,1195,0
223,855,0
170,1183,0
474,1290,1
497,1202,0
235,699,1
129,1188,0
403,569,0
427,796,0
223,1207,0
5,886,0
91,1096,0
56,953,0
57,886,0
332,1374,0
251,729,0
102,1460,0
19,973,0
159,1314,0
464,1230,0
247,1313,0
288,1464,0
460,1121,0
314,727,0
96,1309,1
66,836,0
305,721,1
224,1177,0
130,1457,0
140,714,0
80,1123,0
378,676,0
329,1018,0
125,742,0
122,906,0
309,1108,0
473,1255,0
336,722,1
442,1479,0
54,1301,0
41,625,0
266,1057,0
495,1268,0
114,601,0
84,1059,0
266,946,0
86,1377,0
274,853,0
105,965,0
66,1023,0
342,814,0
268,895,0
330,1084,0
388,815,0
308,554,0
293,754,0
184,630,0
163,1448,0
228,633,0
127,675,0
225,1187,0
407,964,0
317,787,0
269,928,0
402,719,1
457,577,0
185,1172,0
406,1404,0
283,1216,0
477,548,0
6,783,0
309,917,0
177,835,0
297,1277,0
292,1187,0
152,612,0
131,882,0
58,1103,0
85,1432,0
202,687,0
465,889,0
393,558,0
245,970,0
360,1199,0
320,1353,0
469,1237,0
219,549,1
94,504,0
115,1204,0
344,1469,0
352,838,0
325,833,0
107,671,0
300,1424,0
219,771,0
74,1209,0
201,1216,0
85,710,0
364,804,0
165,805,0
313,1141,0
328,716,0
334,1485,0
96,1065,0
461,1047,0
63,627,0
231,1190,0
481,799,0
80,665,0
36,587,0
462,1260,0
123,812,0
13,922,0
438,1402,0
265,1454,0
403,1351,0
493,1171,0
32,1466,0
427,796,1
77,1410,0
435,516,0
283,1130,0
359,1224,0
104,953,0
306,523,0
120,1173,0
262,1489,0
73,1111,0
304,823,0
331,1023,0
490,629,0
83,1268,0
396,1099,0
138,1437,0
424,1135,0
206,597,0
317,732,0
407,625,0
202,1133,0
152,1338,0
413,1465,0
321,692,1
300,508,0
258,653,0
387,900,0
223,1126,0
344,503,0
125,1195,0
51,933,0
30,1050,0
176,798,0
239,766,0
282,917,0
189,1359,0
432,653,0
34,1086,0
91,1330,0
240,687,0
469,1450,0
82,968,0
108,970,1
152,945,1
452,1137,0
239,964,0
19,1261,1
64,955,0
198,1449,0
415,1060,0
92,548,0
494,1135,0
77,677,0
448,793,0
151,1310,0
179,971,0
71,1325,0
27,1124,0
161,1469,0
374,918,1
104,1409,0
295,525,0
355,1031,0
153,1443,0
456,928,0
417,608,0
241,614,0
363,666,0
468,636,0
299,1101,0
41,862,0
34,1375,0
168,1066,0
146,884,0
104,1256,0
240,1393,0
174,902,0
151,1092,0
374,952,0
150,1382,0
137,1146,0
363,1080,0
123,937,0
413,791,0
165,707,0
106,1317,0
282,626,0
180,976,0
56,872,0
357,1270,0
78,1263,0
312,1461,0
435,1354,0
278,1379,0
253,945,0
487,1380,0
444,1096,0
205,1232,0
237,736,0
336,1374,0
34,699,0
220,1346,0
495,1420,0
337,1338,0
207,1150,0
380,902,0
308,1394,0
263,589,0
313,659,0
30,902,0
147,1428,0
432,1437,0
20,507,0
434,1101,0
178,1274,0
379,787,0
231,1008,0
458,1301,0
112,986,0
374,683,0
39,732,0
252,685,0
381,856,0
37,690,0
115,1391,1
317,1067,0
14,1324,0
170,1167,0
31,1011,0
454,1402,0
498,1387,0
384,817,0
495,1042,0
274,712,0
5,731,0
299,774,0
337,1405,0
129,816,0
2,1484,0
89,568,0
283,943,0
419,1000,0
109,838,0
484,1020,0
248,1283,0
337,714,0
489,1142,0
296,1449,0
81,965,0
460,943,1
111,1297,1
146,663,0
75,531,0
221,784,1
43,1330,0
11,854,0
86,1348,0
63,1132,0
444,1114,0
324,1391,0
23,1371,0
444,1467,0
169,1085,0
297,799,0
301,598,0
276,1163,0
214,854,1
157,1280,1
152,578,0
71,780,0
183,826,0
192,896,0
178,1314,1
389,862,0
472,1384,0
106,1422,0
114,1079,0
437,1489,0
42,942,0
137,1126,0
2,924,0
53,513,0
97,514,0
131,533,0
4,683,0
195,657,0
332,906,0
373,671,0
430,525,0
399,1010,0
62,781,0
450,1255,1
104,884,0
369,798,0
217,1232,0
342,741,0
152,1046,0
152,1168,0
146,670,0
484,659,0
276,1031,0
353,1433,0
302,1312,0
395,1131,0
236,1334,0
237,924,0
427,1273,0
236,1295,0
85,1128,0
147,917,0
32,515,0
234,513,0
240,1261,0
487,1252,0
189,840,0
94,1059,0
7,1201,0
395,1173,0
329,1153,0
421,1136,0
440,1283,0
456,1140,0
190,1225,1
24,1011,0
304,525,0
210,651,0
239,1424,0
168,529,0
61,1203,0
47,1261,0
465,828,0
413,829,0
278,1242,1
19,798,0
304,863,0
295,1244,0
257,877,0
466,1450,0
84,927,0
303,1388,0
392,874,0
109,978,0
415,1104,0
119,1420,0
396,1379,0
61,918,0
218,768,0
274,1113,0
312,540,0
434,890,0
329,1365,0
154,1132,0
113,953,0
438,866,0
259,935,0
321,642,0
471,1420,0
186,1315,0
286,1157,0
441,1162,0
475,670,0
176,1117,0
51,1103,0
320,718,0
7,1428,0
145,534,0
27,1318,0
357,1121,0
371,769,0
316,590,0
81,625,0
220,1148,1
461,820,0
422,647,0
318,534,1
71,675,0
32,1440,0
443,1177,0
316,861,0
167,845,0
145,803,0
184,1344,0
13,1161,1
312,1368,0
295,1228,0
405,1366,0
436,784,0
135,1410,0
271,1013,0
38,852,0
386,1469,0
304,730,0
392,618,1
255,1084,0
24,983,0
489,1277,0
158,949,0
303,991,0
447,1181,0
457,945,0
229,1292,0
29,753,0
363,1471,1
485,934,0
311,718,0
161,980,0
49,909,0
129,1195,0
282,1023,1
476,965,0
161,1314,0
367,1405,0
158,842,0
254,590,0
65,911,0
411,858,0
420,1364,0
392,811,0
371,1470,0
247,647,0
272,843,0
259,1127,0
333,825,0
409,1379,0
142,1237,0
49,783,0
479,1340,0
170,595,0
431,1106,0
304,1253,0
169,1023,0
484,807,0
73,732,0
416,1003,0
61,557,0
143,1028,0
200,1189,0
109,1353,0
357,1362,0
135,1313,0
273,1148,0
219,1112,0
133,985,0
191,600,0
390,1260,0
344,608,0
458,1233,0
200,723,0
283,1150,0
385,520,0
118,1343,0
336,760,0
34,1196,0
291,1071,0
469,627,0
136,1113,0
485,815,0
143,1068,0
304,1364,0
395,758,0
368,862,0
99,1218,0
413,929,0
332,1465,0
107,773,0
167,532,0
233,1471,0
454,1095,0
224,983,0
312,964,0
148,1417,0
174,1055,0
185,1300,0
212,832,0
333,1130,0
326,1195,0
95,1106,0
185,1426,0
136,1262,0
348,1269,0
361,1100,0
368,688,0
337,1339,0
319,1220,0
244,931,0
458,545,1
285,910,0
473,1086,0
153,857,0
17,1357,0
50,569,0
341,1070,0
183,964,0
482,778,0
234,780,1
262,567,0
285,1241,0
356,562,0
75,854,0
289,1192,0
20,1058,0
130,1225,0
275,1340,0
366,667,0
190,1221,0
445,670,0
254,946,0
87,1221,0
205,790,0
352,1389,0
406,619,0
327,1086,0
332,891,0
360,1407,0
238,658,0
276,876,0
327,904,0
134,844,0
181,1013,0
124,993,0
332,691,1
343,528,0
24,865,0
121,500,0
50,1301,0
493,1478,0
427,973,0
438,788,0
101,1109,0
333,1278,0
426,757,0
37,599,0
273,714,0
161,835,0
470,908,0
31,1068,0
445,1485,0
177,1463,0
282,562,0
59,1054,0
77,1174,0
11,566,0
108,1011,0
310,628,0
85,850,0
457,1305,0
335,1345,0
135,887,0
348,778,0
426,1078,0
31,912,0
180,512,0
206,1195,0
343,1063,0
435,1202,0
28,1441,0
2,1211,0
10,593,0
332,722,0
493,1217,0
316,838,0
228,1213,0
417,1456,0
386,1334,0
341,568,1
320,740,0
231,955,0
223,994,0
314,1099,0
430,1166,0
474,1293,0
111,1021,0
15,898,0
35,1110,0
81,510,0
148,546,0
228,1014,0
277,906,0
264,887,0
361,654,1
21,892,0
55,906,1
347,871,0
66,1173,0
193,1031,0
334,1326,0
73,669,0
207,714,0
473,1291,0
100,769,0
318,1420,0
218,1392,0
324,1394,0
143,827,0
58,524,0
207,662,0
175,1317,0
319,707,0
486,805,0
194,667,0
278,740,0
486,509,0
134,765,0
288,1117,0
325,1113,0
120,1194,0
108,1451,0
442,1238,0
456,1174,0
18,901,1
70,794,0
340,1243,0
30,605,0
120,1408,0
313,1199,1
474,731,0
75,647,0
181,1207,0
435,902,0
143,1414,0
314,571,0
389,1223,0
454,1231,0
170,925,0
365,745,0
26,851,0
196,1396,0
327,579,0
360,502,0
134,649,0
462,992,0
162,862,0
37,504,0
339,782,0
226,507,0
44,1460,0
373,743,0
193,1444,0
285,1318,0
223,621,0
296,1329,0
46,1378,0
281,889,0
103,1169,0
376,791,0
279,1199,0
14,1179,0
461,938,0
392,1269,0
157,764,0
361,1238,1
450,1287,0
81,630,0
451,1052,0
319,1064,0
438,1462,0
133,721,0
260,1153,0
308,1241,0
364,1012,0
363,887,0
68,1075,0
289,824,0
426,1294,0
470,1217,0
450,953,0
346,955,0
92,717,0
2,809,0
292,788,0
6,1324,0
188,510,0
265,622,0
64,1046,0
118,1055,0
255,528,0
397,1141,0
237,731,0
385,1309,0
85,1355,0
119,587,0
24,1357,0
461,1300,0
342,1312,0
218,1130,0
9,734,0
51,1290,0
276,572,0
352,1399,0
323,604,0
276,950,0
48,1198,0
84,505,0
287,1239,0
104,1049,0
220,1130,1
267,1318,1
479,861,0
56,1195,0
465,776,0
402,577,0
426,1334,0
442,1142,0
168,909,0
166,607,0
4,1239,0
383,592,0
260,966,0
407,804,0
169,1137,0
262,1009,0
52,699,0
227,1000,0
241,1336,0
267,1325,0
329,1451,0
242,1242,0
363,664,0
189,585,0
228,1422,0
456,1097,0
19,1390,0
275,1453,0
136,556,0
474,540,0
333,1305,0
437,1181,0
179,848,0
327,532,0
300,1045,0
359,969,0
389,1179,0
361,984,0
126,1348,0
380,783,0
127,859,0
61,1113,0
465,1349,0
381,1463,0
118,1344,0
155,933,0
43,836,0
195,693,0
269,1118,0
410,1241,0
178,1072,0
268,1027,0
30,703,0
16,896,0
448,1424,0
176,1292,0
333,910,0
491,1386,0
230,1422,0
237,1237,0
217,838,0
499,1397,0
478,1471,0
153,614,0
327,1465,0
321,538,0
71,1388,0
198,508,0
282,642,0
472,1014,0
145,639,0
301,786,0
379,731,0
288,944,0
111,592,0
33,959,0
217,580,0
147,924,0
440,1119,0
439,542,0
377,986,0
181,1310,0
258,1080,0
385,1005,0
464,1173,0
167,837,0
227,1414,0
449,1217,0
46,761,0
166,805,0
412,1097,0
148,837,0
96,1472,0
82,737,0
27,995,0
43,1131,0
401,765,0
221,1230,0
147,1276,0
449,845,0
379,1470,0
32,1458,0
490,558,0
152,1489,0
366,1180,0
451,1207,0
474,1097,0
16,1246,0
312,853,0
268,1307,0
424,585,0
169,1230,0
362,976,0
432,1079,0
421,1464,0
12,737,0
303,956,1
418,740,0
438,519,0
413,999,0
174,533,0
18,903,0
18,820,0
238,1134,0
199,1100,0
361,983,0
44,723,0
419,633,0
16,1007,0
86,1151,0
464,998,0
195,814,1
284,654,0
475,761,0
12,1295,0
299,707,0
390,638,0
248,525,0
123,1054,0
442,1220,0
430,1354,1
452,1227,1
180,719,0
96,1404,0
312,1018,0
21,1174,1
29,1204,0
96,1406,0
108,723,1
62,545,0
409,1347,0
42,1036,0
139,1284,1
310,855,0
196,1201,0
446,598,0
498,1385,0
425,763,0
76,1024,0
71,777,0
46,767,0
372,806,0
51,638,1
166,733,0
73,1219,0
151,1365,0
303,837,0
93,1266,0
309,823,0
197,1401,0
345,898,0
181,978,0
316,1444,0
243,761,0
350,1015,0
275,1117,0
60,1336,0
492,1424,0
300,819,0
103,1302,0
335,644,0
93,840,0
498,1393,0
366,618,0
270,1412,0
397,1037,0
89,834,0
338,1382,0
161,1269,0
270,1134,0
402,1235,0
447,1167,0
441,595,0
70,977,0
147,1454,0
15,506,0
134,959,0
331,853,0
146,645,0
101,1438,0
275,1334,0
187,819,0
209,1376,0
340,513,0
209,1086,0
232,1452,0
353,1176,0
141,830,0
372,629,0
267,975,0
74,694,0
270,759,0
244,1456,0
290,679,1
230,1319,0
473,702,0
114,512,0
113,890,0
338,1321,0
61,954,0
67,525,0
106,1184,0
479,530,0
301,1183,0
259,539,0
186,762,0
347,1439,0
351,722,0
419,1242,0
19,588,1
102,1165,0
117,1358,0
427,1329,0
230,1066,0
449,1222,0
377,1268,0
382,1313,0
390,518,0
55,1138,0
412,594,0
24,791,0
451,1258,0
466,826,0
281,1378,0
154,595,0
84,1051,0
349,901,1
458,752,0
7,866,1
338,1237,0
488,600,0
31,965,0
67,909,0
12,1220,0
401,1457,0
390,999,0
360,907,0
113,937,0
3,927,0
36,666,0
3,1006,0
47,697,1
271,1130,0
415,620,0
73,917,0
109,1048,0
453,634,0
11,886,0
77,1481,0
190,1137,1
185,641,0
206,1064,0
136,517,0
135,1323,0
230,658,0
429,804,0
412,569,0
235,1451,0
65,1192,0
41,662,0
43,1459,0
480,890,0
37,1421,0
22,801,0
374,789,0
263,632,0
121,900,0
271,1029,0
168,631,0
422,819,0
482,1443,0
288,789,0
326,1147,0
227,1103,0
384,1239,1
134,1479,0
21,569,0
316,978,0
0,1383,0
396,708,0
244,1298,0
479,659,0
452,830,0
290,979,0
228,919,0
332,1046,0
296,1172,0
318,585,1
202,798,1
405,971,0
340,585,0
6,993,0
378,720,0
425,741,0
275,1247,0
234,1151,0
160,1456,0
170,504,0
240,1177,0
452,1070,0
375,1145,0
236,885,0
375,639,0
279,627,0
120,1153,0
146,1165,0
303,1071,0
466,900,0
85,1263,0
180,1397,0
137,730,0
40,1258,0
39,1096,0
87,872,0
211,1029,0
80,626,0
319,1173,0
430,723,0
236,1260,0
49,798,0
268,823,0
218,967,0
119,892,0
262,1186,0
54,603,0
185,696,0
16,949,0
213,666,0
425,1108,0
114,1004,0
59,1321,0
349,1000,0
34,706,0
459,555,0
60,1380,0
257,676,0
249,866,0
327,1347,0
492,1347,0
487,861,0
202,1118,0
348,1018,0
428,760,0
274,1244,0
316,916,0
410,548,0
482,1444,0
242,889,0
204,1111,0
423,1287,0
217,891,0
10,1459,0
318,1144,0
147,895,0
48,532,0
465,675,0
247,719,0
385,915,0
442,586,0
384,1486,0
179,1444,0
222,1469,0
241,1044,0
92,1292,0
155,943,0
377,1117,0
295,1001,0
58,925,0
409,974,0
473,1387,0
125,915,0
215,1074,0
120,588,0
247,916,0
90,1040,0
153,1025,0
420,685,0
42,1127,0
374,1103,0
69,662,1
481,580,0
461,1024,1
297,1483,0
254,1326,0
201,1029,0
347,522,0
325,920,0
91,1375,0
442,1034,1
329,765,0
469,928,0
355,998,0
93,1316,0
464,1214,0
426,729,0
164,1258,0
392,844,0
412,1276,0
413,593,0
36,974,0
230,814,0
142,1309,0
277,1117,0
109,1102,0
149,1348,0
466,594,0
431,999,0
126,913,0
468,712,0
399,911,0
109,1431,0
498,1354,0
209,598,0
461,628,0
375,1255,0
342,1311,1
189,1396,0
40,595,0
241,976,0
262,1182,0
496,1048,0
235,1328,0
419,625,1
151,597,0
122,731,0
426,807,0
127,1473,0
65,1411,1
243,1055,0
141,1217,0
494,1418,0
386,1286,0
8,1479,0
397,1171,0
413,669,0
461,596,0
151,1358,0
14,802,0
190,1073,0
357,629,0
337,564,0
92,509,0
287,702,0
335,1338,0
164,727,1
50,993,1
408,862,1
276,952,0
81,1034,0
283,1467,0
256,731,0
126,816,0
309,863,0
80,564,0
441,1382,0
219,1060,0
481,1431,0
116,882,0
314,626,0
109,778,0
448,665,0
316,666,0
318,932,0
60,638,0
316,927,0
434,1451,0
14,1423,0
376,1237,0
55,917,0
435,1328,0
193,605,0
27,643,0
285,1435,0
34,896,0
236,1203,0
443,992,0
355,867,0
186,994,0
362,503,0
171,886,0
100,1087,0
238,1191,0
267,1477,0
411,1109,0
127,1260,1
103,1429,0
174,1415,0
378,1489,0
229,997,0
147,1206,0
483,1391,0
185,717,0
346,1376,0
319,1330,0
216,1101,0
55,1370,0
343,1317,0
380,529,0
480,1150,1
164,921,0
206,678,0
226,931,0
375,1375,0
298,1284,0
414,1298,0
77,1284,0
451,1243,0
441,1137,0
492,1178,0
265,1040,0
319,910,0
325,1306,0
335,502,0
94,1047,0
372,834,0
401,1066,0
340,1268,0
182,1430,0
479,1377,0
118,1248,0
156,1099,0
434,1219,0
167,1033,0
122,1231,0
422,738,0
323,598,0
473,1138,0
327,1121,0
128,801,1
137,585,0
313,1048,0
232,1060,0
78,722,0
493,822,0
178,525,0
280,1112,0
465,1112,0
304,915,0
461,1322,0
343,852,0
132,959,0
445,1231,0
172,1343,0
254,1402,0
435,565,1
379,1287,0
167,1101,0
292,709,0
304,1457,0
479,1317,0
265,657,0
142,1242,0
401,657,0
346,1334,0
450,643,0
340,1191,0
67,1026,0
103,1409,0
432,1350,0
453,1284,0
282,649,0
176,575,0
419,508,0
421,699,0
178,960,0
354,1021,0
160,794,0
488,791,1
6,1313,0
474,856,0
267,579,0
53,1299,0
34,1055,0
91,1333,0
138,857,0
258,526,0
352,1332,0
25,938,0
53,760,0
471,736,1
200,1168,0
195,972,0
172,1452,0
108,1145,0
6,974,0
281,1243,0
371,560,0
254,1310,1
241,1206,0
261,1272,0
182,1113,0
180,646,0
32,725,0
265,1440,1
214,933,0
343,1280,0
374,1431,0
10,728,0
131,587,0
358,917,0
80,776,0
71,849,0
41,1278,0
142,759,0
402,991,0
422,1307,0
164,592,0
8,1313,0
464,1279,0
380,704,0
437,686,0
340,1110,0
413,1254,0
261,1395,0
133,1056,0
406,1127,0
85,844,0
91,1282,0
123,929,0
306,673,0
415,1363,0
143,759,0
2,1474,0
263,528,0
226,1272,0
257,580,0
341,854,0
119,1252,0
122,1207,0
245,1447,0
302,1332,0
451,1181,0
386,1430,0
9,792,0
123,565,0
4,1409,0
26,987,0
145,1162,1
482,1134,0
284,1148,0
359,1167,1
223,1124,1
177,706,0
471,1404,0
134,1087,0
29,709,0
327,1311,1
496,568,0
127,995,0
111,1365,0
7,770,0
193,546,0
456,888,0
257,799,0
203,1397,0
31,772,1
443,1209,0
205,808,0
387,558,0
377,832,1
446,1090,0
381,1172,0
444,1241,0
352,1369,0
167,1313,0
376,1295,0
348,797,0
150,735,0
14,567,0
82,628,0
206,1012,0
452,1081,0
165,513,0
203,757,0
430,873,0
249,1324,1
383,778,0
18,946,0
338,1316,0
16,848,0
98,1115,0
24,530,0
198,1319,0
371,1325,0
26,932,0
201,1165,0
361,1171,0
469,1132,0
183,1113,0
28,814,0
149,661,0
455,526,0
129,1043,0
154,780,0
386,621,0
361,1334,0
72,1253,0
50,971,0
119,805,0
213,550,0
498,963,1
183,693,0
447,929,0
483,1474,0
131,1128,0
305,511,0
203,924,0
1,588,0
157,1286,0
418,1462,0
65,601,0
269,748,0
480,762,0
124,515,0
466,894,0
425,537,0
254,1014,0
202,909,0
260,866,0
392,518,0
446,823,0
178,509,0
260,837,0
0,700,0
241,653,0
222,596,0
345,1351,0
30,1295,0
42,667,0
52,886,0
129,727,0
235,1144,0
55,921,1
192,1021,0
415,543,0
385,1475,0
325,816,1
409,1397,0
172,622,0
118,845,0
321,1105,0
173,826,0
472,711,0
362,1488,0
89,1164,0
488,566,1
339,546,0
488,1408,0
64,797,0
405,1125,0
448,790,0
255,531,0
220,1242,1
64,1282,0
487,1248,0
244,887,0
93,750,0
432,1154,0
334,1451,0
171,1468,0
269,1213,0
188,1245,0
351,762,0
46,1031,0
468,1316,0
493,1455,0
139,965,0
448,1199,0
198,800,0
21,858,1
451,1398,0
178,950,0
131,669,0
403,1097,0
195,1359,0
390,1191,0
23,598,0
221,1261,0
298,1025,0
269,1163,0
78,974,0
8,876,0
192,1457,0
68,1365,0
471,1247,0
299,533,0
52,612,0
160,1006,1
454,1471,1
136,1404,0
199,589,0
280,964,0
60,1464,0
306,858,0
327,856,0
320,989,0
4,1068,0
358,951,0
340,1160,0
152,894,0
103,1368,0
328,712,0
113,902,0
309,906,0
141,594,0
324,1108,0
491,686,0
414,687,0
393,1079,0
220,671,0
495,615,1
409,1239,0
273,827,0
170,1308,1
140,1069,0
274,1225,0
121,795,0
118,937,0
172,1088,0
343,1064,0
267,556,0
274,1327,0
306,1434,0
151,1237,0
194,1434,0
51,1134,0
245,798,0
123,1394,1
189,524,0
110,1077,0
68,826,0
303,676,0
297,610,0
224,1236,0
267,1435,0
469,616,0
122,1273,0
2,656,0
229,562,0
403,707,0
72,1268,0
318,589,0
177,1141,0
274,1470,0
407,1017,0
26,595,0
182,1089,0
306,989,0
414,1139,0
184,515,0
68,888,0
164,1167,0
87,1426,0
303,1401,0
266,559,0
171,822,0
247,1334,0
40,1012,0
201,1173,0
401,771,0
2,697,0
108,1303,0
376,1228,1
485,1060,0
114,917,0
319,1017,0
156,1059,0
283,1051,0
17,1413,0
74,1046,0
471,525,0
447,529,0
121,1254,0
202,1226,0
277,817,0
327,1453,0
429,832,0
280,1198,0
184,818,0
262,1081,0
479,1080,0
298,1211,0
443,629,0
478,1095,0
107,731,0
307,794,0
31,832,0
256,640,0
383,723,0
464,1256,0
298,786,0
160,1423,1
191,882,0
361,833,1
97,823,0
203,749,0
464,1440,0
12,1001,0
24,675,0
140,1077,0
95,927,0
447,993,0
209,533,0
63,1148,0
242,1008,0
335,961,0
26,1046,0
163,1282,0
386,1252,0
251,1330,0
325,1145,0
294,651,0
88,1332,0
55,666,0
457,1263,0
3,1377,0
295,687,0
112,1304,0
147,1422,0
496,1115,0
112,901,0
476,1107,0
328,598,1
196,1198,0
215,1413,0
242,1332,0
310,1460,0
347,997,0
413,1473,0
459,1471,0
36,537,0
64,550,0
110,900,0
485,1138,0
301,922,0
469,1150,0
3,888,0
462,908,0
495,517,0
60,1395,0
411,1249,1
180,548,0
138,1426,0
83,1228,0
449,828,0
350,716,0
353,1243,0
313,1378,0
94,1053,0
324,818,0
299,1424,1
53,1439,0
257,1306,0
358,671,0
38,1357,0
122,953,0
487,1200,0
496,847,0
32,933,0
332,1107,0
180,964,0
238,596,0
73,622,0
203,835,0
466,904,0
269,1220,0
389,1117,0
296,1351,0
383,591,0
212,1192,0
489,1328,0
69,1374,0
275,582,0
230,1421,0
485,780,0
15,865,0
285,508,0
371,791,0
233,816,0
123,773,0
289,1369,0
184,717,0
183,1173,0
359,1351,0
251,669,0
13,1098,0
146,1480,0
455,554,0
320,1146,0
439,1178,0
342,1086,0
499,1085,0
171,1412,0
112,1223,1
186,732,0
245,818,0
68,897,0
169,602,0
76,507,0
99,650,0
325,1108,1
169,648,1
404,1204,0
148,555,0
404,1055,0
168,751,0
251,1019,0
176,1458,0
301,1395,0
365,510,0
202,531,0
216,609,0
52,685,0
433,1276,0
92,612,0
48,613,0
320,680,0
330,787,0
75,1168,0
296,686,0
247,1438,0
49,939,0
216,588,0
359,1470,0
176,1172,0
1,984,0
354,1350,0
168,1214,0
312,1382,0
192,734,0
201,746,0
12,1484,0
30,657,0
385,1334,0
305,930,0
203,515,0
214,855,0
92,1212,0
69,1147,0
169,1216,0
385,949,0
499,577,0
458,1038,0
392,1007,0
29,522,0
283,1316,0
306,1259,0
266,543,0
283,1289,0
104,1431,0
255,1214,0
412,1111,0
494,1228,0
125,970,0
428,937,0
247,990,0
95,997,0
208,1155,0
301,916,0
299,1052,0
100,1008,0
34,832,0
247,880,0
155,690,0
38,589,0
280,1214,0
257,1383,0
289,711,1
310,1139,0
326,1019,0
103,631,0
315,1061,0
116,1429,0
302,906,0
494,1246,0
230,1128,0
105,609,0
334,1132,0
57,520,0
344,769,1
47,976,0
316,740,0
306,822,0
325,563,0
41,540,0
66,668,0
415,1053,0
364,1130,0
90,731,0
213,1327,0
29,631,0
327,693,0
105,729,0
111,787,0
283,626,1
359,1240,0
489,1484,0
446,916,0
290,1452,0
418,1128,1
441,711,0
445,1154,0
256,541,0
196,631,0
155,1293,0
242,654,0
293,1041,0
346,1294,0
222,1392,0
381,877,0
354,1362,0
189,1336,0
149,1036,0
375,625,0
474,1205,0
451,602,0
31,517,0
8,1355,0
352,1269,0
394,627,0
431,681,0
431,649,0
293,1162,0
480,1478,0
239,684,0
71,504,0
231,502,0
83,1058,0
490,621,0
99,1286,0
9,1265,0
365,634,0
304,1400,0
403,1378,0
61,1463,0
258,956,0
161,1048,0
235,1082,0
41,910,0
48,834,0
396,1112,0
497,901,0
178,1338,0
446,1220,0
258,1307,0
165,604,0
53,866,0
374,1384,0
255,958,0
479,1299,0
177,895,0
389,959,0
266,861,0
352,1259,0
152,818,0
341,1371,0
117,1061,0
388,505,0
435,1125,0
140,897,0
322,972,0
498,1313,0
428,1416,0
319,537,0
223,1311,0
455,1064,0
68,1407,0
139,1384,0
79,1402,0
407,1361,0
259,1187,0
438,731,0
219,806,0
102,1012,0
28,682,0
218,1416,0
364,1248,0
383,1050,0
8,614,0
234,1443,0
225,696,0
272,1329,1
357,1464,0
453,1097,0
113,1263,0
222,787,0
203,1385,0
483,808,0
208,1274,0
495,924,0
439,641,0
441,521,0
135,938,0
358,1174,0
39,746,0
351,713,0
139,664,0
79,1293,0
76,1414,0
209,866,0
434,1078,0
68,916,0
176,1152,0
494,734,0
185,859,0
12,855,0
458,1144,0
308,551,0
231,1135,0
65,779,0
464,548,0
323,742,0
121,1041,0
173,1312,0
83,735,0
272,594,1
349,1051,0
378,851,1
158,527,0
162,543,0
382,1304,0
426,978,0
405,962,0
104,997,0
271,738,0
228,1005,0
432,655,0
88,1197,0
108,702,0
351,1361,0
364,1106,0
453,714,0
476,977,0
11,673,0
127,548,0
230,842,0
385,1262,0
266,1187,0
213,1159,0
323,720,0
492,630,0
250,1365,0
176,1192,0
374,991,0
39,1177,0
356,963,0
192,590,0
134,995,0
120,1197,0
114,591,0
16,718,0
212,1378,1
287,1097,0
383,821,0
384,771,0
279,749,0
105,1264,0
280,1341,0
330,533,0
111,782,0
452,1278,0
73,603,0
451,1489,0
293,551,0
154,754,0
411,1396,1
74,1430,0
164,558,0
454,1136,0
330,1032,0
214,536,0
444,1222,1
119,695,0
473,857,0
128,630,0
21,702,0
128,1337,0
29,792,0
91,920,0
90,995,0
138,1386,0
300,512,0
382,1447,0
238,1182,0
292,1154,0
349,751,0
64,1342,0
27,1485,0
275,1295,0
150,1318,0
105,1467,0
327,992,1
362,740,0
341,926,0
146,1044,0
404,715,0
333,1230,0
415,1407,0
488,1011,0
187,1291,0
284,1438,0
228,1473,0
495,752,0
117,685,0
90,1322,0
310,1247,0
449,1225,0
292,1469,0
479,1362,0
332,1085,0
495,1290,0
196,955,0
42,1028,0
374,662,0
297,644,0
347,797,0
459,1228,0
243,1186,0
41,831,1
330,1021,0
56,766,1
471,1077,0
345,579,0
10,929,1
367,1325,0
178,620,0
322,544,0
489,1263,0
185,1146,0
454,1187,0
23,1209,1
283,1381,0
275,578,0
319,774,0
205,1058,0
395,1185,0
366,691,0
41,1454,0
418,1045,0
117,1049,0
426,1356,0
152,558,0
359,1295,0
468,550,0
19,1396,0
180,1189,0
197,1207,0
80,1070,0
379,965,0
236,1291,0
79,743,0
340,1159,0
331,598,0
319,917,0
205,1141,0
139,959,0
360,1010,0
338,687,0
316,1143,0
68,1273,1
428,885,0
357,1304,0
23,1465,0
377,1197,0
28,717,0
109,1475,0
38,1016,0
110,870,0
428,1394,0
164,774,0
291,649,0
375,656,0
142,640,0
202,569,0
236,500,0
394,744,0
227,1239,1
410,594,0
282,539,0
27,642,0
450,1449,0
399,1449,0
390,580,0
346,509,0
86,751,0
419,1374,0
245,1457,0
171,1164,0
380,1093,1
269,1246,0
280,737,0
141,693,0
131,703,0
102,1113,0
60,814,0
242,1294,0
405,597,0
67,1077,0
164,1410,0
31,780,0
163,1405,0
122,1409,1
246,1122,0
161,1242,0
357,1478,0
469,919,0
145,1102,0
58,1313,1
12,832,0
270,533,0
70,1147,0
234,1145,0
181,1148,0
496,732,0
63,1027,0
77,1027,0
56,705,0
455,637,0
35,964,0
432,1386,0
147,716,0
468,1305,0
176,1120,0
436,962,0
118,629,0
477,1142,0
283,1414,0
29,569,0
63,550,0
135,1240,0
285,606,0
183,556,0
396,1363,0
437,1384,0
449,1043,0
109,1096,0
30,1178,0
257,874,0
186,905,0
420,1071,0
392,1055,0
323,1376,0
283,613,0
193,1007,0
154,1404,0
154,819,0
414,1477,0
215,1290,0
292,1043,0
227,1383,0
359,1244,0
305,1199,0
479,1266,0
345,675,0
80,817,0
81,913,1
33,713,0
330,1437,0
476,1272,0
431,985,0
278,1393,0
499,1104,0
328,1474,0
273,1330,0
497,1428,1
162,957,0
396,865,0
430,674,0
180,1457,0
454,1092,0
249,1104,0
106,948,0
462,892,0
478,727,0
335,704,0
103,1141,0
133,1267,0
179,843,0
84,1221,1
1,1389,0
245,1396,0
387,570,0
461,1268,0
208,1453,0
235,575,0
358,953,0
23,1488,0
271,739,0
71,1412,0
184,863,0
444,1334,1
461,1328,0
364,1204,0
36,1405,0
86,1262,0
3,1096,0
123,1125,1
486,609,0
116,662,0
476,1035,0
311,1187,0
228,853,0
495,878,0
402,892,0
93,1447,0
499,1316,0
254,983,0
5,584,0
465,1232,0
324,1362,0
170,1089,0
359,504,1
463,569,0
307,746,0
17,960,0
462,1246,0
379,922,0
227,581,0
298,1474,0
350,1295,0
397,667,0
346,1167,0
198,920,0
360,1127,0
284,1334,0
328,1066,0
132,812,0
41,589,0
307,787,0
431,1288,0
94,1102,0
438,943,0
62,1337,0
396,1198,0
9,1077,0
396,607,0
384,713,0
236,563,0
317,988,0
187,1032,0
478,1011,0
188,1262,0
454,1244,0
137,695,0
41,767,0
434,1325,0
111,976,0
246,639,0
173,938,0
144,548,0
194,1466,0
498,1154,0
394,1131,1
453,743,1
219,1256,0
276,585,0
191,1112,0
408,1072,0
156,802,0
246,784,0
493,995,0
257,577,0
165,1120,0
144,515,0
133,978,0
81,1148,1
278,619,0
489,1002,0
108,1256,0
20,968,0
23,1097,0
335,837,0
148,766,0
118,528,0
212,1129,0
310,720,0
343,1371,0
440,684,0
6,526,0
43,1350,0
120,1401,0
163,952,0
253,1254,1
263,1437,0
88,656,0
180,1002,0
221,1234,0
499,1149,0
235,1194,1
432,1410,0
301,1306,0
347,1116,0
49,1018,0
360,908,0
436,1069,0
100,1086,0
28,757,0
85,504,0
368,1428,0
339,1451,0
239,1374,0
197,629,1
447,1458,0
164,892,0
481,1138,0
404,791,0
149,1389,0
355,566,0
328,1373,0
396,709,0
426,1195,0
186,736,0
114,806,0
101,1292,0
136,1269,0
168,1488,0
296,803,0
19,834,0
182,1123,0
392,1419,0
461,690,0
338,1412,0
39,1458,1
177,1096,0
450,646,0
288,942,0
203,1097,0
0,1188,0
493,901,0
436,1203,0
310,1155,0
305,1470,0
29,1219,0
19,630,0
483,839,0
168,503,0
397,505,0
275,1221,0
242,1361,0
388,1464,0
385,1120,0
273,1022,0
329,1069,0
493,1475,0
169,803,0
365,906,0
162,738,0
238,720,0
471,1304,0
172,653,0
268,1081,0
417,587,0
411,1396,0
470,563,0
196,1351,0
340,1224,0
50,965,0
35,619,0
231,1326,0
446,1388,0
286,1284,0
290,1179,0
247,1084,0
386,1114,0
320,860,0
74,1045,0
397,1146,0
4,1365,0
170,878,0
40,607,0
453,1022,0
141,618,0
474,1276,0
334,1049,0
165,660,1
194,1474,1
178,646,1
321,1288,0
465,711,1
293,909,0
171,1379,0
170,1253,0
79,768,0
183,913,0
209,1000,0
278,1101,0
1,842,0
256,692,0
428,1381,0
352,1125,0
482,1037,0
112,700,0
445,994,0
410,1467,0
100,1024,0
156,1330,0
54,1094,0
356,868,0
486,583,0
117,1451,0
160,600,0
486,661,0
76,589,0
276,818,0
484,1075,0
291,1228,0
474,1040,0
146,1351,0
465,576,0
227,1422,0
343,805,0
338,945,0
452,1071,0
456,708,0
85,1443,0
336,1457,0
273,1153,0
286,1376,0
275,712,0
411,1233,0
25,1054,0
291,1062,0
161,1106,0
59,1211,0
147,1080,0
65,1330,0
423,681,0
426,740,0
17,758,0
322,1388,0
22,1203,0
107,1436,1
191,1264,0
213,1487,0
207,998,0
226,1459,0
330,1442,0
476,1377,0
406,1418,0
408,1296,0
408,592,0
268,952,0
424,980,0
416,995,0
315,1306,0
157,1125,0
112,895,0
188,681,0
38,1138,0
80,728,0
430,999,0
55,922,0
322,651,0
480,1428,0
8,941,0
179,705,0
97,1105,0
48,1314,1
419,801,0
426,1325,0
248,986,0
265,1182,0
425,755,0
247,1222,0
185,1458,0
153,964,0
419,701,0
334,1425,0
386,963,0
11,697,1
49,1148,0
298,996,0
149,798,0
176,1254,0
451,643,1
405,857,0
20,504,0
8,1443,0
360,1113,0
415,898,0
399,1068,0
248,962,0
169,1074,0
419,1135,0
355,1370,0
36,522,0
274,528,0
184,992,0
319,1334,0
4,690,0
413,630,0
195,1456,0
296,1309,0
148,1150,0
217,1382,0
200,872,0
212,1173,0
382,1349,0
136,637,0
326,988,0
351,811,1
152,1442,0
325,1167,0
377,707,0
375,1129,0
302,754,0
336,584,0
419,1312,0
291,773,0
326,809,0
338,758,0
342,834,0
154,1424,0
264,1404,0
337,835,0
55,1104,0
53,1240,0
219,1053,1
190,1323,0
16,1043,0
50,1195,0
329,900,0
355,844,0
231,1288,0
293,1307,0
24,1464,0
438,1181,0
23,920,0
158,559,0
110,1344,0
465,510,0
117,1413,0
57,1156,0
193,1159,0
178,1194,0
391,822,0
310,1202,0
190,793,0
376,926,0
458,604,0
264,1331,0
316,621,0
105,507,0
3,982,0
228,1428,0
239,637,0
408,1449,0
171,1401,0
301,1169,0
102,1233,0
237,962,0
118,549,0
173,502,0
356,1166,0
288,1425,0
159,1305,0
241,1181,0
317,737,0
121,747,0
330,1489,0
445,838,0
156,984,0
149,1411,0
147,1343,0
476,611,0
424,1387,0
441,1465,0
78,831,0
317,650,0
437,1481,0
232,1477,0
91,889,0
224,1135,0
450,1256,0
146,668,0
218,808,0
281,987,0
334,624,0
392,663,0
162,607,0
232,1111,0
251,1465,0
166,1168,0
196,902,0
147,1373,0
161,1018,0
412,1226,0
192,503,0
320,1426,0
32,674,0
18,536,0
261,933,0
48,1303,0
252,566,0
41,869,1
287,657,0
386,1319,0
433,543,0
356,985,0
117,1288,0
187,748,0
250,566,0
247,575,0
307,604,0
127,716,0
178,1041,0
286,927,0
107,1320,0
318,1119,0
42,508,0
492,728,0
270,870,0
48,612,0
418,746,0
58,1409,0
458,1229,0
20,953,0
330,884,0
138,798,0
338,507,0
485,972,0
221,1451,0
231,1233,0
98,1048,0
176,1435,0
159,873,0
339,1173,0
209,1125,0
154,1225,0
29,1146,0
433,1005,0
452,773,0
400,720,0
378,1218,0
228,1448,0
412,792,0
97,1033,1
348,1201,1
458,998,1
27,1288,0
202,506,0
476,911,0
369,1222,0
471,799,0
15,831,0
448,1473,0
72,1211,0
208,730,1
222,1421,0
262,846,0
490,1039,0
106,940,0
158,1299,0
395,1195,1
133,712,0
491,1248,0
355,522,0
284,1312,0
68,887,0
360,984,0
293,622,0
257,585,1
262,823,0
499,1311,0
345,1349,1
85,638,1
129,1336,1
271,509,1
230,973,0
117,1156,0
488,1082,0
380,1093,0
116,535,0
69,1305,0
21,978,0
413,776,0
15,742,0
284,1320,0
19,649,0
416,934,0
101,904,0
398,1189,0
65,1212,0
329,700,0
263,972,0
456,1367,0
274,526,1
476,1426,0
210,994,0
439,580,0
449,582,0
271,513,0
5,617,0
294,527,0
327,1082,1
40,1114,0
63,820,0
45,1115,0
140,1147,0
402,1214,0
378,1220,0
226,542,0
157,847,0
158,1080,1
489,885,0
148,1267,0
155,1224,0
460,504,0
377,1184,0
0,1039,0
413,1099,0
193,1351,0
73,1024,0
62,1207,0
134,1047,0
382,560,0
435,723,0
372,1431,0
82,1192,0
356,1221,0
254,990,0
142,1280,0
178,1000,0
178,1185,0
76,1346,0
91,1307,0
157,855,0
79,1285,0
389,1464,0
404,1327,0
126,1020,0
248,1417,0
372,1399,0
173,1457,0
389,935,0
443,894,0
45,642,0
323,820,0
145,996,0
26,1431,0
482,1023,0
59,1042,0
122,808,0
470,1034,0
247,623,0
254,1129,0
133,1425,0
350,1038,0
226,809,0
403,958,1
138,1188,0
160,1089,0
492,929,0
453,1188,0
47,1369,0
236,1358,0
387,539,0
101,695,0
239,976,0
311,1101,0
14,1295,0
241,1094,0
289,704,0
364,993,0
331,1463,0
482,739,0
437,639,0
427,991,0
203,1288,0
426,980,0
312,815,0
117,1149,0
229,528,0
361,1236,0
194,1326,0
163,1320,0
129,504,0
279,1407,0
173,1165,0
443,1115,0
131,1174,0
217,705,0
318,1478,0
122,885,0
57,802,0
402,720,0
131,692,0
338,790,0
35,762,0
446,767,1
146,785,0
465,791,0
54,1089,0
104,731,0
411,918,0
279,958,0
446,1086,0
215,1428,0
40,754,0
100,712,0
305,1149,0
194,1364,0
210,959,0
449,799,0
83,660,0
266,504,0
362,1391,0
441,556,0
311,684,0
58,603,0
34,1046,1
477,523,0
7,1074,0
481,765,0
152,1054,0
452,1355,0
288,834,0
47,611,0
163,782,0
111,939,0
427,743,0
313,637,0
149,587,0
320,503,0
301,970,0
498,1103,0
68,549,0
490,842,0
135,719,0
349,1450,0
56,899,0
267,555,0
147,656,0
155,1043,0
289,1082,0
179,630,0
465,1143,0
478,990,0
85,1351,0
263,557,0
88,601,0
328,1088,0
270,642,0
417,536,0
109,841,0
480,1310,0
327,1328,0
12,978,0
244,606,0
126,548,0
212,1466,0
387,831,0
206,1232,0
25,988,0
468,1281,0
261,1114,0
235,1247,0
128,568,0
101,1462,0
174,786,0
414,1111,0
229,812,0
458,564,0
466,722,0
125,879,0
54,1242,0
239,1013,0
36,1101,0
318,890,0
232,830,0
214,1422,0
184,1359,0
191,1103,0
172,1235,0
336,1076,0
309,1484,0
100,1264,0
94,1099,1
82,776,0
156,1470,0
353,667,0
56,1143,0
376,742,0
237,1268,0
10,566,0
92,1118,0
386,1328,0
207,1360,0
396,1032,0
451,1165,0
340,583,0
271,1113,0
380,1436,0
145,1245,0
78,1200,0
101,1309,0
296,946,0
492,684,0
257,734,0
52,851,0
407,1306,0
103,850,0
461,595,0
104,993,0
175,1068,0
397,734,0
369,880,0
267,647,0
14,1470,0
491,809,0
238,1112,0
438,1396,0
105,930,0
448,1145,0
275,898,0
301,1024,0
311,1242,0
174,782,0
209,750,0
207,924,0
334,554,0
449,613,0
364,1297,0
229,1434,0
222,1098,0
148,1354,0
64,1321,0
25,917,0
493,767,0
190,943,0
125,945,0
326,1077,0
36,1423,0
267,1232,0
328,1383,0
145,1267,0
369,702,0
343,520,0
228,1457,0
293,1397,0
113,1479,0
266,738,0
467,628,1
399,1062,1
370,811,0
24,1173,0
33,766,0
81,1234,0
187,813,0
383,1350,0
89,500,0
452,1353,0
40,561,0
153,1401,0
64,753,0
95,1134,0
230,861,0
94,1370,0
149,559,0
167,572,0
218,1302,0
289,1055,1
180,955,0
491,1277,0
295,1059,0
366,583,0
380,955,0
71,1374,0
54,1157,0
234,1446,0
42,723,0
157,1423,0
215,1343,0
128,1004,0
80,510,0
146,1373,0
301,963,0
336,1118,1
358,1264,1
385,728,0
437,815,0
154,724,0
274,935,0
187,718,0
325,535,0
106,690,0
407,1303,0
338,1309,0
379,791,0
285,530,0
496,1224,0
382,1190,0
338,1424,0
136,1457,1
403,759,0
212,1094,0
410,896,1
95,976,0
274,1423,0
150,1008,0
25,1081,0
486,596,0
430,1475,0
163,903,0
222,1380,0
122,872,0
207,666,0
250,1320,0
23,706,0
209,1353,0
213,852,0
288,1019,0
160,1300,0
217,1265,0
335,537,0
285,758,0
397,1036,0
182,1101,0
83,700,0
51,725,0
258,1314,1
363,726,0
136,1378,0
145,646,0
97,896,0
83,563,0
189,809,0
425,949,0
259,1047,1
153,876,0
357,1113,0
162,1437,0
7,526,0
112,967,0
270,1483,0
473,754,0
90,698,0
474,572,0
446,1077,0
34,1120,0
168,639,0
249,1203,1
412,1306,0
235,614,0
115,1024,0
173,531,0
34,1119,0
225,1196,0
314,667,0
346,579,0
480,1385,0
253,1005,0
256,506,0
21,545,0
371,521,0
297,889,0
248,577,0
308,1411,0
280,1258,0
35,908,0
258,867,0
274,799,0
289,1247,1
47,1320,0
38,815,0
168,1096,0
198,1358,0
289,500,0
27,1090,0
243,888,0
360,767,0
272,623,0
2,627,0
59,730,0
499,1128,0
28,875,0
457,1465,0
142,779,0
17,802,0
484,628,0
366,1170,0
100,959,0
330,517,1
39,1471,0
344,1475,0
14,1321,0
88,792,1
365,880,0
399,1414,0
472,1425,0
281,673,0
37,659,0
104,1392,0
53,1428,0
71,977,0
409,589,0
170,675,0
322,1441,0
386,1196,0
493,863,0
92,677,0
285,993,0
483,847,1
437,894,0
331,1350,0
498,1304,0
305,789,0
208,870,0
38,1230,0
156,936,0
160,1305,0
486,1006,0
150,738,0
276,1026,0
310,959,0
97,988,0
283,1387,0
335,1162,0
204,746,0
436,1258,0
205,1419,0
207,1172,0
48,924,0
280,951,0
393,1140,0
26,1478,0
339,1377,0
158,1350,0
151,1415,0
219,934,0
69,503,0
496,801,0
144,1001,0
245,1079,0
133,725,0
139,1097,0
218,722,0
274,596,0
445,676,0
355,899,0
173,1304,0
271,1290,0
393,1083,0
390,1488,0
212,742,0
487,882,0
345,1271,0
1,584,0
160,832,0
281,690,0
281,1423,0
380,588,0
313,666,0
447,948,1
242,1343,0
340,554,0
128,913,0
251,1098,0
16,1231,0
60,696,0
90,939,0
355,1038,0
467,1478,0
105,1437,1
68,1155,0
408,538,0
266,597,0
437,807,0
35,790,0
464,1000,0
372,540,0
87,1197,0
365,1343,0
160,1218,0
367,1268,0
467,1355,0
414,789,0
261,1245,0
113,1489,0
181,565,0
217,962,0
490,502,0
120,1012,0
3,805,0
124,1110,0
443,746,0
147,1097,0
266,966,1
16,1125,0
220,1152,0
446,1327,0
147,1282,0
430,983,0
128,590,0
188,1303,0
349,1340,0
148,576,0
160,949,0
342,646,0
94,720,0
84,766,0
296,1361,0
160,913,0
112,1431,0
179,1425,0
395,571,0
54,530,0
193,677,0
125,753,0
190,983,0
342,1139,0
474,1424,0
394,1341,0
204,1122,0
281,1233,0
11,532,0
400,993,0
53,1324,0
307,1316,0
54,783,0
335,1001,0
420,1456,0
321,1153,0
362,780,0
339,1316,0
15,587,0
129,1038,0
315,1056,0
398,631,0
420,512,0
106,988,0
445,686,0
13,934,1
275,576,1
154,1380,1
459,1408,0
414,571,0
104,734,0
211,1396,0
450,704,0
413,841,0
189,620,0
185,1409,0
377,1101,0
319,1070,0
119,904,0
343,835,0
308,634,0
281,1110,0
272,1397,0
446,1122,0
231,821,0
447,1359,0
331,644,0
158,1101,0
83,643,0
281,1084,0
426,836,0
365,1440,0
251,522,0
166,743,0
328,972,0
488,1367,0
24,1385,0
358,1114,0
498,559,1
423,1309,0
256,804,0
319,805,0
229,973,0
341,1346,0
266,1129,0
225,1081,0
414,1069,0
446,1009,0
4,1106,0
457,1091,0
193,1446,0
150,688,0
132,1021,0
151,892,0
207,661,0
261,706,0
46,1422,0
43,1268,0
341,955,0
167,817,1
394,1386,0
56,925,0
252,829,0
238,516,0
409,1108,0
333,665,0
189,836,0
477,508,0
26,1382,0
439,839,0
266,1435,1
387,747,0
32,1018,0
229,1024,0
0,1253,0
163,741,0
376,1187,0
469,1096,0
336,1103,0
227,607,0
209,1139,0
117,602,0
484,802,0
218,957,0
147,843,0
75,1373,0
151,1074,0
391,721,0
428,1188,0
453,1237,0
280,617,0
235,1088,0
450,944,0
29,534,0
165,1183,0
284,1475,0
162,960,0
11,568,0
64,677,0
458,777,0
216,1096,0
137,1351,0
54,834,0
111,1091,0
443,909,1
351,1304,0
274,865,0
308,919,0
418,1415,0
308,1146,0
191,1202,0
420,555,1
471,1488,0
163,840,0
177,1192,1
381,521,0
237,1223,0
430,1099,0
297,1280,0
326,749,0
368,769,0
193,938,0
433,799,1
90,891,0
429,1076,0
425,956,0
33,859,1
367,1019,0
348,570,0
297,807,0
452,571,0
383,1399,0
164,532,0
225,581,0
69,868,0
182,942,0
91,1151,0
186,1286,0
464,1050,0
257,1177,0
452,1051,0
211,925,0
41,580,0
232,1465,0
284,755,0
344,650,0
135,1455,0
59,1244,0
395,1123,0
108,915,0
66,910,0
37,887,0
369,618,0
386,1285,0
87,1130,0
494,555,0
202,858,0
469,1489,0
338,1184,0
83,675,0
224,1158,0
20,650,1
415,1482,0
250,833,0
28,723,0
3,1055,0
63,803,0
70,1398,0
55,1276,0
381,546,0
209,1052,0
239,1038,1
294,918,0
276,1352,0
144,1219,0
60,1322,1
235,551,0
437,694,0
269,1285,0
53,742,0
285,515,0
226,1274,0
493,726,0
485,1387,0
121,536,0
126,1105,1
396,504,0
365,686,0
378,1103,0
70,1485,0
313,958,0
443,1314,0
452,987,0
334,730,0
476,1226,0
295,786,0
123,968,0
38,1195,0
105,736,0
120,545,0
157,819,0
93,887,0
404,705,0
7,1034,0
354,653,0
221,865,0
199,744,0
61,749,0
442,700,0
469,931,0
178,965,0
270,1257,0
424,915,0
177,634,0
429,1087,0
114,982,1
207,923,0
273,631,0
57,969,0
62,1025,0
485,1111,0
79,1333,0
463,1477,0
247,610,0
147,1252,0
218,508,0
196,646,0
497,616,0
115,889,0
492,1364,0
109,1246,0
247,1326,0
264,1454,0
419,898,0
273,1033,0
252,1127,0
482,856,0
483,1101,1
187,1126,0
117,1297,0
459,892,0
220,931,0
73,1369,0
36,955,0
160,1045,0
249,1090,0
262,691,0
108,888,0
408,1002,0
160,1172,0
250,852,0
225,824,0
475,925,0
456,970,0
476,725,0
190,759,0
145,1283,0
335,586,0
170,749,0
118,949,0
338,1220,1
129,1486,0
421,1130,0
110,1314,0
143,1382,0
342,1316,0
467,1067,0
301,1073,0
229,534,0
497,637,0
221,1257,0
352,857,0
488,1193,0
12,1274,0
261,1293,0
401,860,0
414,754,0
434,589,0
491,1471,0
387,1066,0
43,1231,0
329,1173,0
201,760,0
70,1066,0
401,890,0
294,876,0
348,914,0
25,623,0
25,1384,0
413,833,0
37,596,0
184,1386,0
294,510,0
242,566,0
171,784,0
227,1015,0
157,1050,0
392,607,0
16,600,0
254,1106,0
17,929,0
492,1430,0
231,1161,0
144,1139,0
168,785,0
153,1334,0
110,1024,1
483,833,0
174,1436,0
347,1267,0
249,1470,0
138,569,0
479,815,0
452,1403,0
6,533,0
111,1158,0
132,550,0
220,1423,0
175,1426,0
321,1304,0
325,945,0
85,1384,0
334,615,0
124,552,0
442,1181,0
356,982,0
1,983,0
313,579,0
348,540,0
272,792,0
66,872,0
118,1131,0
231,1358,0
345,618,0
68,1096,0
326,1187,0
407,776,0
457,1009,0
284,1186,0
115,911,0
26,1144,0
187,768,0
328,1394,0
443,1446,0
423,1472,0
417,1388,0
251,1217,0
221,1240,0
182,549,1
59,839,0
447,1234,0
444,838,0
276,813,0
277,1109,0
10,1076,0
468,1176,1
174,1059,0
1,1250,0
339,1262,0
76,1374,0
427,1254,0
88,1474,0
294,1402,0
376,1417,0
471,856,0
204,971,0
353,1146,0
135,1476,0
127,505,0
181,1438,0
230,1135,0
124,1164,0
298,950,0
34,727,0
466,935,0
338,980,0
417,1433,0
220,907,0
41,635,0
362,620,0
303,566,0
259,675,0
317,1376,0
57,1028,0
372,605,0
37,567,0
220,553,1
440,771,0
304,1161,0
321,1176,0
111,1471,0
349,1204,0
450,668,0
228,1388,0
452,691,0
65,642,0
288,1243,0
449,508,0
0,825,0
136,686,0
201,1157,0
432,559,0
244,1428,0
492,676,0
134,884,0
241,1464,1
224,1305,0
161,656,0
457,1318,0
123,1235,0
364,1356,0
353,650,0
297,942,0
225,583,0
63,1019,0
18,1210,0
419,1237,0
132,1036,0
205,882,0
406,1367,0
265,1314,0
378,675,0
231,1471,0
17,1435,0
321,1051,0
478,736,0
44,1085,0
435,1366,0
126,760,0
107,813,1
258,678,0
177,1369,0
58,562,0
297,687,0
249,819,0
145,1151,0
251,1216,0
380,1041,0
62,887,0
298,1425,0
137,677,0
318,771,0
393,1104,0
406,859,0
467,1127,0
497,1019,0
462,1117,0
339,658,0
395,532,0
41,1084,0
73,1319,0
98,501,0
159,887,0
61,1233,0
304,943,0
466,803,0
237,1137,0
350,1469,0
249,1166,0
336,644,0
411,761,0
226,1052,0
218,644,0
321,1384,0
495,705,0
152,1268,0
434,1457,1
10,585,0
113,668,0
51,950,0
376,528,0
256,1221,0
39,684,0
380,878,0
53,1140,0
362,1376,0
50,803,0
385,1077,0
345,670,0
341,1085,0
65,1375,0
458,851,0
428,530,0
96,519,0
102,523,0
239,1273,0
377,555,0
208,566,0
96,644,0
210,909,0
438,803,0
291,638,0
329,1323,0
463,1051,0
420,733,0
302,1277,0
64,1260,0
478,1211,0
257,1282,0
294,1078,0
150,648,0
212,968,0
363,850,0
316,809,0
126,1106,0
251,1487,1
390,1213,0
284,1247,0
276,1473,0
289,829,0
2,1061,0
431,585,0
319,764,0
333,1404,0
342,651,0
284,631,0
495,669,0
367,691,0
83,772,0
181,1388,0
448,1308,0
429,1083,0
125,1004,0
45,1141,0
13,524,0
489,1425,1
456,1479,0
120,1317,0
485,1020,0
234,718,0
111,1410,0
442,1081,0
21,1283,0
262,555,0
68,1459,0
113,1447,0
289,865,0
462,532,0
139,1166,0
262,552,0
440,572,0
74,1106,0
489,925,0
420,532,0
419,1416,0
433,823,0
169,1046,0
14,883,0
403,1113,0
443,718,0
88,1260,0
403,951,0
1,950,0
427,775,0
3,941,0
357,1360,0
268,1134,0
467,629,0
303,634,0
71,930,0
165,1283,0
54,1299,0
81,536,0
412,985,1
401,724,0
467,916,0
190,1286,0
391,1283,0
73,900,0
28,642,1
343,1082,0
72,725,0
330,721,0
229,1053,1
319,879,1
493,1226,0
384,1014,0
252,708,0
43,601,0
32,903,0
307,956,0
407,580,0
49,1442,0
7,1380,0
264,826,0
193,969,0
245,1276,0
53,538,0
481,1478,0
12,1195,1
38,1232,0
252,987,0
11,663,0
183,972,0
384,1331,1
29,649,0
463,963,0
168,1201,0
106,1020,0
44,1377,0
451,1125,1
238,564,0
282,1170,0
454,1089,0
234,828,0
179,671,1
296,982,0
229,1275,0
85,1314,0
35,723,0
86,952,0
30,649,1
138,785,0
256,1018,0
477,572,0
490,765,0
272,1239,0
350,576,0
392,1311,0
236,1310,0
144,1112,0
273,1260,0
46,1075,0
383,1031,0
345,1125,0
407,947,0
78,1040,0
310,1029,1
121,1176,0
296,1199,0
105,543,0
460,923,0
380,569,0
294,1308,0
251,820,0
119,549,0
296,1193,0
417,1460,0
105,713,0
146,1379,0
376,579,0
163,1127,0
11,1465,0
151,874,0
136,628,0
230,972,0
303,1140,0
211,1469,0
487,524,0
233,600,0
280,543,1
239,969,0
421,1113,0
18,874,0
352,970,0
149,886,0
176,1343,0
106,921,0
113,933,0
387,1322,0
84,513,0
340,1119,0
29,1128,0
12,1405,0
136,1241,0
492,1108,0
191,755,0
383,1302,0
169,733,0
454,519,0
484,1157,0
202,957,0
183,891,0
307,1104,0
237,605,0
411,1003,0
325,1368,0
490,1428,0
142,1348,0
423,731,0
219,702,0
300,972,0
27,752,0
6,841,0
246,783,1
446,1127,0
334,1374,0
343,833,0
418,656,0
60,919,0
9,729,0
241,1264,0
219,1344,0
495,720,0
475,1340,0
71,1078,0
73,1417,0
494,1320,0
236,769,0
350,1202,1
96,985,0
234,1163,0
119,1351,0
197,1360,0
211,811,0
86,1368,0
376,552,0
288,761,0
113,987,1
164,551,0
262,1357,0
402,766,0
449,1435,0
30,649,0
411,526,0
458,1388,0
389,1153,0
200,1047,0
407,1309,0
39,802,0
233,571,0
375,1249,0
364,877,0
286,793,0
409,1216,0
152,1397,0
302,938,0
350,991,0
264,583,0
372,620,1
477,546,0
223,946,0
185,511,0
125,512,0
46,1242,0
127,914,0
267,765,0
150,1240,0
441,1113,0
393,875,0
414,1248,0
315,1088,0
484,825,0
280,956,0
347,1399,1
155,796,1
74,587,0
259,768,0
60,715,0
398,835,0
182,1061,0
107,596,0
230,855,0
257,939,0
333,1474,0
433,1310,0
259,687,0
475,1317,0
85,543,0
221,1320,0
377,777,0
452,1267,0
455,1387,0
14,1127,1
267,1432,0
71,569,0
348,749,0
299,942,0
159,902,0
457,629,1
381,1194,0
133,902,0
342,684,0
30,1144,0
386,1123,0
483,1192,0
458,1391,0
465,733,0
499,1131,0
232,635,0
139,629,0
252,584,0
342,628,0
286,767,1
121,657,0
81,1411,1
487,756,0
315,993,0
375,732,0
431,1017,0
215,708,0
164,614,0
435,1225,0
151,1090,0
301,616,0
230,1330,0
295,564,0
136,727,0
244,1046,0
349,1363,0
47,862,0
260,1081,1
385,1166,0
35,871,0
26,517,0
351,626,0
251,843,0
196,1019,0
275,1130,0
134,1452,1
98,1136,0
452,701,0
476,662,0
228,1274,0
447,1050,0
7,1421,0
336,608,0
167,1104,0
284,821,0
161,773,0
376,1444,0
252,783,0
297,545,0
489,894,1
414,1003,0
271,710,1
273,1346,0
160,1062,0
68,653,0
384,574,0
498,1465,0
213,1377,0
375,966,0
295,1458,0
156,897,0
238,988,0
270,520,0
171,1128,0
197,570,0
177,550,0
129,1400,0
457,1059,0
232,861,0
349,547,0
473,1444,0
221,807,0
140,599,0
293,905,0
57,804,0
254,1299,0
270,814,0
343,1116,0
74,763,0
349,861,0
471,630,0
172,1066,0
467,754,0
197,1219,0
105,671,0
360,1379,0
43,1304,0
163,1125,0
392,526,0
460,697,0
291,1411,0
243,1260,0
326,1049,0
257,1445,0
166,939,0
171,1321,0
356,722,0
375,1404,0
151,919,0
32,1181,0
260,529,0
124,918,0
438,647,0
448,1383,0
472,1475,0
88,939,0
415,1433,0
425,1120,0
448,1023,0
78,1482,0
489,1027,0
21,1268,0
186,743,0
202,1159,0
43,896,0
270,1439,0
403,1041,0
187,923,1
243,1242,0
53,1133,0
270,1433,0
360,1452,0
428,949,0
466,764,0
293,1126,0
237,1325,0
379,1348,0
297,1120,0
319,1273,0
435,1107,1
84,1220,0
211,1024,1
260,542,0
479,1312,0
403,576,0
282,1278,0
158,826,0
428,668,0
140,1366,0
440,627,0
490,544,0
102,1150,0
347,733,0
234,707,0
152,1350,0
109,1020,0
439,1488,0
44,536,0
175,527,0
456,1369,0
278,1149,0
384,1247,0
277,1292,1
112,694,0
38,1421,0
127,648,0
111,1288,0
128,955,0
278,1335,0
439,1487,0
492,1412,0
401,671,0
386,893,0
422,681,0
268,1144,0
314,908,0
23,1036,0
38,1119,0
377,533,0
53,1215,0
185,1052,0
436,611,0
422,1297,1
452,1109,0
200,1391,0
14,573,0
440,650,0
127,724,0
268,925,0
176,513,0
248,1163,0
271,1018,0
355,933,0
3,901,0
224,976,0
86,988,0
383,634,0
208,859,0
444,892,0
446,1458,0
453,954,0
210,929,0
70,815,0
349,1041,0
185,1204,0
144,980,0
203,930,0
165,1000,0
70,744,0
227,608,0
402,1032,0
167,1077,0
294,933,0
136,671,0
347,1082,0
204,1467,0
463,1395,0
366,941,0
242,1379,0
241,1305,0
261,1221,0
228,921,0
234,528,0
14,1132,0
37,805,0
446,1257,0
73,779,0
315,1001,0
100,989,0
247,895,1
86,737,0
18,1217,0
46,1034,0
311,1382,0
418,869,0
356,1100,0
216,1480,0
273,1424,0
364,1097,0
490,829,1
136,1236,0
117,776,0
6,1476,0
343,546,0
313,1212,0
173,1251,0
29,1311,0
428,710,0
197,891,0
384,1105,0
415,776,0
252,957,0
447,743,0
357,1459,0
349,1200,0
18,1333,0
39,1343,0
268,1246,0
307,1330,0
76,1280,0
183,622,0
320,1305,0
107,942,0
481,1304,0
231,563,0
452,803,0
54,981,0
311,1449,0
381,543,0
268,581,0
440,697,1
295,957,0
303,594,0
318,502,0
479,1219,0
24,1025,0
27,1120,1
438,722,0
303,1216,0
243,569,0
157,815,0
431,940,0
370,814,0
222,540,0
48,1110,0
179,1433,0
321,791,0
327,972,0
106,926,0
31,717,0
457,843,0
86,1295,0
114,565,0
450,963,0
43,1439,0
240,1012,0
68,531,0
147,603,0
16,834,0
97,1153,0
44,1227,0
140,572,0
298,1410,0
236,1253,0
127,1359,0
205,782,0
308,577,0
58,1200,0
178,1189,0
439,1218,1
119,849,0
478,630,0
203,654,0
72,1245,0
197,1225,0
13,509,0
254,591,0
13,1029,0
374,1001,0
379,1472,0
16,960,0
346,864,0
465,1381,0
411,1116,0
418,832,0
340,791,0
34,1046,0
128,592,0
183,691,0
7,1326,0
427,913,0
40,620,0
332,980,0
230,1431,0
213,1008,0
151,1110,0
326,880,0
442,1416,0
39,1482,1
340,1282,0
456,816,0
258,856,0
363,1465,0
426,1291,0
355,759,0
230,925,0
244,808,0
390,583,0
327,1340,0
403,903,0
154,1347,0
255,852,0
8,771,0
30,1129,0
329,1328,0
366,1469,0
47,1086,0
323,1460,0
51,1054,0
128,1291,0
181,1191,0
355,940,0
366,1049,0
135,701,0
402,1157,0
82,1307,1
93,1399,1
203,599,0
305,993,0
470,1289,0
220,696,0
172,1201,0
457,956,0
447,789,0
119,992,0
370,1105,1
254,705,0
5,1287,0
269,588,0
410,999,0
264,1374,0
450,941,0
50,1408,0
56,786,0
489,1226,0
118,1349,0
455,832,0
236,1270,0
414,768,0
478,598,0
193,530,0
352,1008,0
426,527,0
191,1118,0
141,744,0
229,1192,0
221,977,0
205,561,0
387,1206,0
341,1111,0
156,1482,0
332,1321,0
128,654,0
316,789,0
362,1056,1
370,1019,0
288,1229,0
188,801,0
154,687,0
402,656,0
415,598,0
266,1232,0
386,666,0
65,840,0
17,701,0
148,984,0
69,543,0
268,980,1
443,572,0
159,529,0
467,1126,0
138,720,0
490,1011,0
21,823,0
431,1470,0
114,1281,0
310,1186,0
431,1256,0
159,1153,0
120,1017,0
400,1102,1
472,620,0
314,513,0
371,656,0
145,1101,0
445,614,1
52,562,0
220,922,0
165,1297,0
98,745,0
486,1149,0
374,1280,0
300,948,0
42,1109,0
399,998,0
432,597,0
228,1393,0
278,780,0
298,1301,0
16,503,0
451,845,0
376,1467,0
155,633,0
187,668,0
485,757,0
335,521,0
13,687,0
245,1040,0
245,1157,0
169,867,0
297,971,0
424,1466,0
477,1088,0
303,975,0
364,746,0
221,1116,0
434,1111,0
49,1029,0
71,1215,0
65,509,0
360,1232,0
422,762,0
434,1145,0
72,909,0
268,591,0
253,758,0
105,1071,0
134,969,0
234,1231,0
193,1136,0
367,1350,0
325,915,0
392,866,0
333,529,0
233,1479,0
251,1279,0
196,642,0
346,1327,0
154,659,0
43,1284,0
185,817,0
334,668,0
376,1058,0
298,1115,0
2,1155,0
7,536,0
227,1247,0
443,1192,0
485,543,0
226,687,0
452,598,1
180,537,0
11,536,0
462,791,0
26,1241,0
144,636,0
167,1185,0
296,698,0
175,1234,0
94,998,0
445,1326,0
479,1074,0
457,981,0
22,808,0
254,1349,0
171,952,0
205,1054,0
33,602,0
73,592,0
71,1391,0
346,1213,0
14,907,0
55,1171,0
494,1168,0
232,1392,0
304,550,0
232,1321,0
352,503,0
351,972,0
361,1196,0
154,1080,0
250,1411,0
460,1368,0
353,1033,0
28,1086,0
189,1093,0
1,560,0
190,1401,0
94,982,0
170,1185,0
379,1313,0
198,740,1
318,1437,0
410,504,0
85,1319,0
396,849,0
129,603,1
18,1207,0
271,1250,0
421,1315,0
478,998,0
438,1291,0
197,562,0
497,816,1
307,582,0
38,926,0
147,701,0
241,1326,0
30,1203,0
429,1267,0
379,598,0
235,1365,0
427,1014,0
465,1159,0
449,632,0
321,973,0
220,1189,0
206,1300,0
397,1086,0
101,744,0
430,1189,0
377,1375,0
425,1102,0
103,871,0
137,1185,0
85,1192,0
384,1148,0
298,604,0
421,713,0
247,1359,0
338,663,0
449,1265,0
77,1366,0
455,1324,0
358,601,0
160,1340,0
465,833,0
261,838,0
379,1335,0
91,729,0
419,873,0
129,1132,0
137,781,0
99,798,0
486,856,0
494,687,1
338,1311,0
390,1424,0
493,922,0
368,1023,0
18,1131,0
202,834,0
141,611,0
131,885,0
384,830,0
476,867,0
41,1435,0
21,1298,0
474,640,0
447,633,0
96,722,0
129,1376,0
315,1049,0
223,503,0
164,1403,0
329,1399,0
454,971,0
39,1292,0
231,1248,0
127,1245,0
47,1406,0
463,1271,0
297,1265,0
213,1367,0
227,703,0
14,575,0
327,623,0
491,515,0
139,1243,0
135,794,0
35,640,0
365,548,0
154,895,0
172,1115,0
474,1365,0
202,1139,0
346,1361,0
491,569,0
148,1212,0
491,511,0
243,963,0
334,840,0
127,1379,0
47,1219,0
23,652,0
43,1485,0
51,1017,0
489,1125,0
278,1083,0
488,763,0
142,632,0
367,1161,0
443,745,0
122,1198,0
377,1024,0
343,691,0
186,556,0
79,1249,0
53,1029,0
89,1168,0
475,1408,0
390,1298,0
287,913,0
396,1226,0
399,1442,0
444,689,0
119,528,0
98,713,0
296,793,0
201,1217,0
274,752,0
73,1169,0
68,634,0
417,697,0
128,1270,0
241,1272,0
120,1344,0
35,675,0
254,1185,0
470,1485,0
469,1011,1
144,867,0
20,947,0
375,1075,1
208,1429,1
345,1156,0
200,1232,0
235,1010,0
455,1128,0
130,1432,0
103,977,0
19,837,0
448,587,0
447,884,0
183,948,0
177,595,0
480,1038,0
26,1419,0
124,820,0
412,901,0
371,1104,0
333,1208,0
17,885,0
40,1375,0
352,514,0
180,827,0
384,506,0
425,905,0
413,1194,0
11,614,0
368,746,0
96,1052,0
145,788,0
255,1149,0
393,725,0
278,901,0
371,1345,0
491,1425,0
307,1342,0
283,652,0
135,1234,0
411,681,0
312,1280,1
370,1217,0
425,737,0
223,1146,0
137,541,0
260,1350,0
299,720,0
224,515,0
234,1057,0
456,1261,0
223,923,0
154,1444,0
64,1447,0
386,883,0
89,1434,0
25,920,0
465,1150,0
268,948,0
31,608,0
269,1035,0
212,689,0
120,1420,0
434,780,0
125,1000,0
422,1384,0
250,1196,0
243,581,0
47,626,0
229,514,0
353,1059,0
194,723,0
222,1296,0
246,770,0
179,700,0
480,692,0
63,1239,0
427,1201,0
155,800,0
177,588,0
155,1329,0
137,1223,0
7,550,0
33,981,0
308,1139,0
347,1180,0
425,541,0
187,1013,1
327,679,0
153,1462,0
393,1333,0
137,1489,0
182,1224,0
216,1307,0
119,891,0
423,1269,0
498,1365,0
29,700,0
37,618,0
448,1185,0
187,638,0
217,688,0
425,1137,0
87,738,0
233,606,0
309,1254,0
468,594,0
83,693,0
499,662,0
10,803,0
237,922,0
278,1488,0
190,1372,0
348,509,0
56,827,0
31,1396,0
266,522,0
417,616,0
447,920,0
369,558,0
407,1327,0
421,1402,0
95,1427,0
374,925,0
15,519,0
402,1330,0
325,679,0
145,912,0
101,1082,0
2,719,0
209,1094,0
295,761,0
146,600,0
486,615,0
411,1191,0
285,1219,0
448,596,0
270,932,0
479,575,0
78,639,0
267,1312,0
109,858,0
393,773,0
192,903,0
361,993,0
477,597,0
475,618,0
237,1471,0
441,1173,0
358,1190,0
403,1334,1
364,1107,0
228,1007,0
292,502,0
339,825,0
401,602,0
339,1054,0
326,1259,0
297,1418,1
275,642,0
273,901,0
308,1181,0
411,1226,0
343,1471,0
117,1467,0
154,1057,0
146,1053,0
22,777,0
0,613,0
24,595,1
249,855,0
280,1217,0
274,711,1
466,974,0
214,571,0
185,1317,0
238,627,0
41,678,0
453,1259,0
105,1332,0
175,628,0
489,1232,0
387,569,0
162,1482,0
403,1075,0
46,1114,0
153,601,0
87,1077,0
248,1043,0
480,1318,0
341,1100,0
71,1428,0
273,1356,0
95,1429,0
279,634,0
215,898,0
445,596,0
305,595,0
272,1250,0
59,963,0
66,682,0
197,610,0
33,521,1
217,599,0
337,708,0
182,1395,0
384,865,0
477,832,0
395,1332,0
318,1047,0
147,650,0
148,1320,0
478,502,0
459,616,0
287,1457,0
364,1411,0
207,1052,0
22,675,0
312,1268,0
183,1351,0
235,1044,0
382,971,0
499,852,0
97,677,0
369,1452,0
59,1403,0
86,850,0
420,839,0
219,1004,0
235,933,0
219,1328,0
35,542,0
103,1388,0
458,1237,0
450,505,1
154,1103,0
54,1125,0
121,1382,0
313,1422,0
124,1166,0
75,1282,0
384,1304,0
60,886,0
466,622,1
311,736,0
315,505,0
274,1488,0
440,1166,0
483,1334,0
62,1369,0
350,607,0
482,1081,0
468,1007,0
34,1082,0
381,1432,0
94,1385,0
80,640,0
330,1090,1
336,900,0
438,927,0
460,661,1
206,1018,1
96,892,0
280,905,0
15,774,0
341,1179,0
70,1254,0
310,1419,0
26,518,0
51,1072,0
110,1149,0
310,1480,0
305,620,0
175,1395,0
444,1248,0
198,1422,0
479,672,0
310,1326,0
221,973,0
482,1092,0
231,1173,0
392,540,0
464,1334,0
126,1133,0
215,1268,0
257,1157,0
367,1224,0
2,1392,0
142,565,0
134,574,0
307,896,0
57,686,0
381,1387,0
182,957,0
412,819,0
49,830,0
344,1316,0
429,586,0
401,1312,0
475,1381,0
429,573,0
15,933,0
40,1196,0
181,592,0
195,940,0
135,1168,0
93,514,1
172,595,0
467,877,0
99,1236,0
437,688,0
494,1253,0
321,624,0
452,822,0
88,722,0
281,639,0
395,1345,0
417,1454,0
119,1054,0
27,634,0
291,779,0
35,716,0
23,1188,0
272,1431,0
219,699,0
391,1019,0
462,565,0
75,1353,0
181,582,0
128,1250,0
58,1184,0
191,515,0
87,648,0
315,1279,0
83,1449,0
495,1096,0
147,568,0
288,977,0
428,855,1
406,831,0
389,977,0
282,564,0
322,667,0
58,1267,0
15,1309,0
56,807,0
207,710,0
52,631,0
133,1057,0
337,1020,0
378,953,0
146,871,0
481,654,0
27,850,0
297,818,0
302,1204,0
259,1149,0
383,1141,0
343,1066,0
264,1475,1
425,1396,0
453,1393,1
199,915,0
82,958,0
194,696,0
188,744,0
60,1451,0
455,752,0
143,1441,0
385,1210,0
327,1005,0
423,1012,1
74,575,0
319,1126,0
233,796,0
324,1434,0
360,777,0
313,1373,0
402,882,0
194,1477,0
100,1163,0
11,786,0
409,1287,0
170,1453,0
157,972,0
288,917,0
440,683,0
416,1319,0
193,1403,0
437,681,1
18,1475,0
267,587,0
440,721,0
68,796,0
440,1133,0
396,1017,0
441,1084,0
166,1128,0
353,1151,0
212,1433,0
370,1435,0
417,1252,0
439,1304,0
276,707,0
461,895,0
96,816,0
461,1409,0
140,1086,0
195,1119,0
241,1107,0
117,1361,0
343,1101,0
311,1252,0
298,777,0
228,1137,0
299,840,0
455,1121,0
104,1187,0
180,1242,0
405,642,0
48,1483,0
420,1380,0
366,1386,0
496,676,0
208,769,0
234,1430,0
133,645,0
321,1032,0
52,795,0
220,1341,0
178,1470,0
38,668,0
285,900,0
488,610,0
72,645,0
157,1379,0
245,1301,0
208,1226,0
191,634,0
19,553,0
333,985,0
73,1094,0
355,1173,0
354,707,0
431,1395,0
232,1099,0
156,1303,0
457,1108,0
45,993,1
79,1200,0
300,924,0
308,1409,0
49,881,0
201,572,0
191,1434,0
477,1292,0
149,943,0
195,584,0
145,1369,0
438,844,0
249,1426,0
109,500,0
455,515,0
173,684,0
225,854,0
394,1060,0
64,1388,0
285,1452,0
159,656,0
409,1051,0
73,671,0
149,1070,0
307,1232,0
396,582,0
298,1318,0
286,1365,0
461,1082,0
392,1014,0
8,1404,0
296,850,0
53,940,0
273,747,0
414,1182,0
456,1338,0
368,1098,0
394,843,0
135,1055,0
423,1217,0
346,1398,0
146,1141,0
87,1160,0
414,1352,0
267,1095,0
210,1255,0
103,999,0
274,959,0
128,1182,0
93,898,0
179,1389,0
53,1201,0
128,1088,0
106,1303,0
27,598,0
255,970,0
372,657,1
425,718,0
444,1386,0
162,809,1
103,712,0
342,1127,0
263,505,0
260,809,0
116,525,0
359,511,0
358,1405,0
237,1467,0
319,697,0
171,522,0
334,1181,0
192,1233,0
124,1481,1
207,953,0
203,1273,0
480,1164,0
73,730,0
23,758,1
294,1485,0
323,814,0
326,963,0
227,747,0
285,1138,0
281,858,0
8,997,0
217,1107,0
495,542,0
271,1094,0
440,725,0
377,602,0
356,823,0
499,780,0
469,1273,1
91,1303,0
266,1404,0
3,676,0
123,1241,0
220,916,0
9,872,0
272,548,0
123,867,0
400,557,0
488,1215,0
310,1420,0
277,798,0
59,1006,0
281,958,0
378,1196,0
483,579,0
146,711,0
21,810,0
467,1354,0
94,1470,1
214,1220,0
317,657,0
62,1089,0
438,916,0
185,766,0
168,1394,0
223,1000,0
63,1134,0
311,1359,0
13,972,0
18,577,0
464,1086,0
130,1393,0
470,1116,0
435,1215,0
348,1062,0
346,736,0
42,966,0
37,693,0
386,577,0
283,582,0
122,1463,0
179,1061,0
367,534,0
358,1487,0
443,1176,0
205,826,0
201,1264,0
13,1176,0
68,843,0
140,1488,0
404,1208,0
461,884,1
82,1056,0
404,1332,0
440,1273,0
449,1009,0
121,1277,0
82,1421,0
206,1028,0
0,1164,0
439,708,0
245,1369,0
264,1274,0
263,1269,0
94,1182,0
41,1035,0
260,1289,0
318,1104,1
179,1184,1
494,731,0
278,550,1
320,801,0
84,1248,0
89,901,0
119,788,0
195,1206,0
29,1137,0
488,1435,0
89,1403,0
172,699,0
283,576,0
231,1240,0
66,1237,0
341,1036,0
255,1455,0
170,949,0
129,944,0
160,1251,0
277,777,0
368,780,0
337,781,0
169,1201,1
488,677,0
450,655,0
464,1403,0
93,1038,0
68,663,0
18,1421,0
329,1031,0
484,1092,0
93,1064,0
470,836,0
273,558,1
348,741,0
271,857,1
313,1431,0
152,1436,0
265,537,0
118,1048,0
157,699,0
188,1229,0
91,1069,0
132,1400,0
245,1014,0
204,1053,0
202,632,0
33,1052,0
378,799,0
229,1036,0
45,1424,0
378,724,0
138,665,0
164,1293,0
481,1071,0
121,668,0
77,793,0
469,915,0
337,539,0
159,713,0
233,1225,0
12,1050,1
226,1102,0
59,1145,0
377,577,0
124,1048,0
439,582,0
18,969,0
179,1262,0
286,1224,0
188,1025,0
68,1143,0
210,983,0
478,748,0
265,536,0
388,826,0
108,757,0
481,1171,0
464,1404,0
30,1355,0
308,1326,0
294,993,0
393,642,0
302,933,0
128,553,0
42,1059,0
204,1077,0
216,501,1
106,711,0
420,597,0
403,596,0
198,625,0
54,1224,0
335,538,0
44,1464,0
248,918,0
358,1385,0
77,1193,0
275,1014,1
138,624,0
119,588,0
412,1232,0
431,1010,0
339,1450,0
211,1424,0
38,660,0
331,1207,1
137,658,0
154,1294,0
88,805,0
119,1018,1
87,883,0
31,818,0
221,720,0
40,1192,0
238,733,0
308,754,0
337,1444,1
436,1032,0
252,1112,0
123,625,0
33,601,0
396,955,0
411,1286,0
144,1053,0
337,558,0
189,624,0
417,999,0
325,814,0
201,953,0
439,778,0
84,669,0
337,1489,0
365,1114,0
426,780,0
361,657,0
144,1032,0
477,763,0
462,1360,0
47,1376,0
376,1031,0
417,1085,0
175,813,1
181,1371,1
95,1335,0
285,579,0
12,629,0
180,1347,0
109,860,0
324,943,0
119,1372,0
331,1109,0
419,868,0
65,626,0
184,925,0
217,723,0
449,1004,0
174,1386,0
10,523,0
303,659,0
106,510,0
1,553,0
5,880,0
302,1420,0
285,677,0
174,620,0
335,852,0
410,1023,0
229,1083,1
344,673,0
494,904,0
187,611,0
259,712,0
428,1260,0
407,1125,0
431,1438,0
175,633,0
47,849,0
96,1124,0
282,1122,0
110,1436,0
272,874,0
65,546,0
317,920,0
475,808,0
306,1089,0
120,504,0
162,1144,0
253,540,0
444,1385,0
114,545,0
279,1124,0
60,815,0
456,1007,1
42,925,0
445,1395,0
436,1457,0
366,1033,1
61,880,0
217,534,0
485,581,0
486,1389,0
58,905,0
445,1145,0
450,568,0
457,1412,0
297,684,1
189,808,0
433,898,0
215,867,1
210,1069,0
229,722,0
409,1312,0
25,1395,0
51,1427,0
430,994,0
383,1143,0
485,1427,0
450,622,0
44,650,0
17,603,0
433,1249,0
204,529,0
436,698,0
69,1455,0
339,889,0
36,1316,0
107,1261,0
265,643,0
175,1196,0
106,532,0
181,879,0
466,1078,0
68,738,0
159,1247,0
472,774,0
140,959,0
417,1472,0
487,837,0
162,842,0
453,985,0
8,1421,0
92,1031,0
435,1171,0
381,746,1
310,803,0
374,1452,0
142,1415,0
46,1201,0
78,973,0
389,1391,0
354,1240,0
215,1221,0
456,1294,0
256,1425,0
7,763,0
307,574,0
436,1005,0
187,661,0
174,1179,0
110,819,0
300,794,0
183,1372,0
93,1376,0
313,857,0
297,745,0
322,968,0
130,508,1
340,872,0
478,568,0
46,740,0
63,1053,0
223,991,1
200,543,0
20,1069,0
370,895,0
10,731,0
453,1141,0
498,657,0
497,721,0
490,961,0
472,1201,0
441,1425,0
483,789,0
26,1040,0
276,504,0
144,1296,0
286,966,0
476,1480,0
299,815,0
319,1169,0
262,1464,0
374,1482,0
92,926,0
495,1486,0
17,514,0
40,1009,0
191,1167,0
15,1304,0
102,692,0
447,1041,0
309,716,0
111,854,0
101,1323,0
174,1096,0
291,867,0
258,1316,0
42,510,0
403,723,0
51,629,0
452,1297,0
259,1410,0
262,973,0
252,1404,0
308,1249,0
462,1277,0
3,1335,0
398,803,1
37,1227,0
324,1433,1
315,840,0
104,874,0
98,662,0
174,1191,0
450,1474,0
58,1461,0
356,939,0
131,567,0
62,542,1
416,1377,0
231,864,0
251,662,0
458,1241,0
455,992,0
46,1457,1
388,915,0
163,858,0
48,594,0
335,1237,1
372,855,0
451,1000,0
83,885,0
394,1284,0
66,534,0
496,1433,0
94,1368,0
233,1440,0
427,794,0
194,694,0
366,1042,0
306,595,0
128,618,1
115,661,0
293,666,0
267,1361,0
104,901,0
77,661,0
262,897,0
130,1265,0
478,1162,0
138,1128,0
112,1284,0
480,1412,0
414,1455,0
251,523,1
449,863,0
374,1346,0
422,506,0
342,881,0
148,681,0
390,1343,0
178,664,0
468,626,0
476,680,0
86,1408,0
160,1331,0
175,768,0
490,982,0
212,1446,0
408,1066,0
279,603,0
245,1072,0
403,1435,0
335,1045,0
469,930,0
52,1190,0
33,1451,0
51,992,0
63,1135,0
308,849,0
358,568,0
62,1159,0
438,1084,0
495,1100,0
226,1131,0
455,539,0
167,1026,0
305,1162,0
480,771,0
242,926,0
351,523,0
19,1266,0
19,771,0
284,1038,0
50,553,0
86,691,0
208,847,0
291,624,0
492,829,0
163,891,0
7,984,0
225,1359,0
351,533,0
443,1142,0
418,1474,0
57,762,0
283,847,0
125,1129,1
362,1233,1
30,548,0
222,534,0
397,1144,0
111,1053,0
224,805,0
22,664,0
142,644,0
37,600,0
367,1392,0
61,633,0
151,1275,0
104,572,0
115,677,0
204,507,0
445,800,0
264,735,0
312,1233,0
95,1302,0
368,524,0
147,798,0
463,658,0
473,1072,0
302,1232,0
196,715,0
373,530,0
358,1145,0
445,1368,0
366,718,0
183,1436,0
355,564,0
71,1237,0
38,1394,1
201,1102,0
161,550,1
72,1447,1
299,1259,0
94,1095,0
170,1283,0
68,830,0
481,1185,0
322,700,0
333,1018,0
320,823,0
289,1000,0
342,1029,0
488,830,0
76,667,1
375,1203,0
194,1432,0
145,664,0
292,902,0
17,928,1
46,720,0
139,803,0
261,1028,0
342,1151,0
113,1266,0
88,1331,0
354,717,0
260,1263,0
414,948,0
345,586,0
420,1392,0
357,1007,0
310,611,0
420,724,1
252,610,0
202,1266,0
241,876,0
423,713,0
127,1127,0
171,1340,0
431,754,0
474,695,0
308,600,0
252,1169,0
214,1407,0
15,789,0
337,1187,0
226,1472,1
190,1095,0
25,1299,0
496,1306,0
40,947,0
121,1354,0
185,1053,0
20,913,0
473,1400,0
467,834,0
162,1124,0
89,1407,1
340,517,0
167,1100,0
295,809,0
322,1254,0
400,1116,1
380,946,0
143,642,0
120,707,0
364,742,1
446,1106,0
121,823,0
415,1484,0
340,576,0
335,530,0
206,1240,0
328,1296,0
206,567,0
386,793,1
90,1188,0
184,1323,0
196,1116,0
37,733,0
173,1333,0
144,517,0
204,721,0
408,1188,0
188,1095,0
64,576,0
1,1367,0
276,772,0
421,505,0
152,833,0
143,593,0
79,955,0
184,627,0
433,1480,0
184,1234,0
371,1112,1
117,1468,0
235,742,0
87,1048,0
469,1116,0
118,967,0
150,1115,0
330,1190,0
276,882,0
202,764,0
20,1148,0
425,1360,0
8,1452,0
184,1319,0
128,1402,0
28,1158,0
331,1351,0
22,1017,0
218,819,0
477,1201,0
301,1330,0
241,634,0
133,1375,0
490,734,0
409,1161,0
45,814,0
332,895,0
280,958,0
358,1012,0
133,918,0
287,515,0
267,617,0
302,640,0
52,1418,0
145,732,0
245,899,0
262,1468,0
492,1098,0
467,595,0
385,1177,0
296,1079,0
461,1147,0
179,977,0
332,638,0
481,649,0
357,1216,0
447,1269,0
217,1057,0
128,1093,0
348,621,0
443,1086,0
466,742,0
499,1256,0
212,1223,0
335,1126,0
376,1040,0
175,1061,0
413,756,0
24,1238,0
171,1449,0
480,917,0
158,876,0
472,623,0
11,545,0
442,581,0
79,729,0
272,724,0
48,1260,0
196,586,0
322,1009,0
323,731,0
496,1325,0
292,636,0
122,1200,0
428,1210,0
314,978,0
252,1273,0
492,840,0
295,1377,0
393,1170,0
495,1397,0
78,1448,0
83,642,0
403,733,1
53,1155,0
10,745,0
66,1018,0
264,771,0
383,856,0
258,658,0
127,560,0
19,1450,0
224,619,0
71,1286,0
369,720,0
156,1438,0
457,580,0
251,531,1
405,842,0
326,711,0
258,1402,0
295,1280,0
42,1340,0
147,966,0
62,1148,0
44,873,0
69,1276,0
438,793,0
190,1333,0
211,1482,0
78,520,0
71,864,0
403,1200,0
370,536,0
148,1275,0
347,1181,0
255,781,0
390,1235,0
320,1404,0
174,951,0
92,1008,0
466,526,0
286,654,0
459,1092,0
356,1452,0
182,1161,0
107,741,0
145,948,0
351,1344,0
444,1136,0
268,849,0
285,583,0
19,811,0
451,1130,0
252,1238,0
112,1017,0
120,1417,0
232,950,0
171,844,0
202,808,0
8,1312,0
339,791,0
322,521,0
433,714,0
432,751,0
90,1404,0
174,1473,1
315,1356,0
146,1461,0
337,1402,0
43,658,0
130,1042,0
433,741,0
211,771,0
378,1246,0
70,911,0
496,1002,0
423,1186,0
344,955,0
99,514,0
204,1485,0
401,1211,0
213,628,0
297,835,0
146,1118,0
334,1359,0
339,1363,0
201,854,0
477,1081,0
191,593,0
182,839,0
63,651,0
12,880,0
455,1083,0
46,596,0
466,1016,0
299,1288,0
404,889,0
489,1416,0
430,1204,0
26,941,0
336,695,0
84,1197,0
137,916,0
325,1142,0
113,814,0
426,1417,0
90,1094,0
361,1231,0
200,949,1
338,1192,0
448,797,0
345,830,0
193,630,0
384,1063,0
105,811,0
177,855,0
298,749,0
60,709,0
401,1449,0
173,991,0
472,594,0
386,1055,0
275,850,0
274,1394,0
132,668,1
301,523,1
0,1178,0
314,755,0
148,1450,0
250,813,0
379,880,0
160,928,1
207,1393,0
87,659,0
472,922,0
74,1344,0
115,1093,0
197,550,0
278,608,0
42,1387,0
437,566,0
74,732,0
55,1127,0
96,1365,0
155,1343,0
304,1325,0
165,785,0
464,784,0
411,593,0
251,1029,0
469,929,0
428,1392,0
76,819,0
455,1251,0
26,1142,0
248,1362,0
406,691,0
214,1472,0
321,1154,0
145,1309,0
175,945,0
240,1439,0
250,1060,0
465,914,0
151,666,0
31,853,0
106,1309,0
222,1073,0
121,1424,0
465,1373,0
69,971,1
102,1036,0
271,666,0
440,1351,0
287,1010,0
289,1102,0
485,677,0
149,1301,0
480,1357,0
69,586,0
247,1401,0
266,539,0
468,1179,0
359,1341,0
138,1422,0
31,724,0
179,1072,0
293,1066,0
346,885,0
248,864,0
20,1188,1
198,1088,0
397,640,0
184,808,0
442,644,0
43,599,0
245,614,0
490,1129,0
246,1487,1
369,549,0
473,1465,0
450,1327,0
132,822,0
2,1488,0
255,1426,0
236,1154,0
253,1219,0
12,1278,0
419,841,0
497,538,0
93,1219,0
302,1284,0
450,515,0
173,751,1
499,796,0
277,609,0
225,1364,0
78,669,0
189,1090,0
378,622,0
480,1022,0
302,1470,0
444,1254,0
192,1076,0
187,1283,0
271,1155,0
125,730,0
452,525,0
456,621,0
433,595,0
291,531,0
468,705,0
180,813,0
312,782,1
425,1082,0
98,1255,0
229,1028,0
89,562,0
31,636,0
158,1336,0
159,510,0
342,1042,0
339,638,0
34,573,0
214,935,0
234,815,0
181,1213,0
263,1217,0
49,1171,0
249,848,0
216,1412,0
441,1412,0
73,953,0
343,740,0
210,531,0
118,1075,0
369,770,0
265,1274,0
62,826,0
275,1263,0
392,762,0
43,1415,0
155,1342,0
360,724,0
408,520,0
469,1366,0
92,1459,0
147,1336,0
192,688,0
5,855,0
105,803,0
13,742,0
234,760,0
294,1074,0
32,1275,0
381,1488,0
444,926,0
279,1164,0
474,782,0
140,1311,0
411,513,0
91,1407,0
72,1029,0
145,774,0
241,736,0
73,534,0
398,1471,0
79,1078,0
146,936,0
446,664,0
28,1318,0
56,995,0
449,1486,0
488,1277,0
464,1385,0
304,1025,0
429,1473,0
144,648,0
248,789,0
11,971,0
8,864,0
86,1436,0
489,615,0
79,818,0
42,931,0
175,1413,0
260,619,0
250,1012,0
423,1184,0
406,1078,0
287,1033,0
222,1207,0
47,1247,0
136,515,0
141,891,0
84,1371,0
394,682,0
443,762,0
309,637,0
284,506,0
79,670,0
204,1168,0
244,1039,0
210,1473,0
133,758,0
292,1064,0
171,969,1
166,1222,0
201,566,0
272,1432,0
283,964,1
351,866,0
228,1435,0
100,561,0
150,1237,0
184,1131,0
100,745,0
109,1082,0
316,753,0
451,935,0
77,1172,0
462,1233,0
240,1320,0
147,1177,0
156,1364,1
17,1137,0
384,918,0
133,680,0
413,1470,0
410,590,0
187,754,0
93,1077,0
212,987,0
440,1070,0
107,1246,0
282,729,0
385,956,0
166,623,0
168,629,0
280,814,0
320,1487,0
175,1221,0
157,1269,0
212,1116,0
394,778,0
5,1077,0
122,905,0
425,832,1
105,922,0
33,1319,0
467,935,0
181,1090,0
2,552,0
419,1364,0
490,638,0
365,1402,0
467,1003,0
141,864,1
128,934,0
423,992,0
33,1445,0
486,1289,0
389,1388,0
402,1406,0
445,1076,0
189,885,0
270,1067,0
492,1124,0
199,550,0
31,1163,1
306,520,0
457,1286,0
267,601,0
406,1248,0
223,1068,0
261,565,0
220,658,0
255,1273,0
64,1080,0
287,627,0
157,1274,1
2,986,0
271,989,0
469,1360,0
163,1152,0
155,524,1
40,670,0
116,802,0
36,1336,0
290,1260,0
215,942,0
422,1331,0
484,1212,0
249,1084,0
172,1361,0
363,1480,0
6,1077,0
18,646,0
121,970,0
117,1087,0
211,1109,0
427,992,0
185,1169,1
243,624,0
489,1306,0
318,696,0
133,1459,0
420,1254,0
110,1106,0
407,1247,0
307,646,0
53,732,0
484,507,1
117,1036,0
215,825,0
308,1196,1
420,1002,0
327,506,0
360,845,0
237,1224,0
309,1418,0
260,1039,1
305,1447,0
478,865,0
20,711,0
206,709,0
243,1157,0
438,606,0
314,828,0
324,919,0
298,1126,0
152,793,0
85,1386,0
315,1472,0
266,1065,0
32,574,0
158,1091,0
423,1017,0
16,1436,0
25,528,0
255,1151,0
31,1253,0
235,654,0
59,1351,0
425,1406,0
22,1269,0
373,1184,0
477,1040,0
423,940,1
486,1063,0
248,1282,1
347,999,0
437,1059,0
194,1421,1
200,569,0
387,716,0
213,728,0
354,682,0
479,574,0
97,599,0
110,723,0
219,1253,0
51,907,0
147,1160,0
463,693,0
102,1284,0
264,706,0
134,1167,0
2,860,0
371,732,0
499,1056,0
474,1111,0
30,824,0
82,523,0
251,542,0
474,642,0
259,819,0
72,1337,1
156,977,0
351,1237,0
139,1223,0
116,848,0
363,1348,0
33,1027,0
281,1107,0
24,596,0
462,898,1
420,960,0
476,1247,0
386,544,0
69,1057,0
336,1340,0
267,704,0
389,654,0
17,571,0
136,1380,0
423,735,0
212,930,0
224,906,0
389,676,0
298,793,0
271,875,0
309,1303,0
429,812,0
11,1202,0
313,599,0
96,1089,0
471,889,0
448,943,0
139,789,0
0,928,1
90,981,0
23,1350,0
343,961,1
316,1396,0
103,748,0
4,894,0
75,787,0
126,1489,0
102,1082,0
72,1367,0
356,1446,0
391,627,0
370,513,0
423,1397,0
269,1096,0
440,1307,0
204,761,0
39,710,0
279,1304,0
95,1163,0
230,1138,0
241,702,0
337,652,1
256,505,0
18,898,0
128,1127,0
404,1281,0
13,628,0
419,758,0
229,1350,0
334,1465,0
244,1282,0
464,613,0
425,1042,1
56,1295,0
466,1384,0
112,1171,0
218,1445,0
366,1125,0
99,747,0
115,1387,0
55,1207,0
377,974,0
121,601,0
370,1331,0
428,632,0
141,794,0
412,1067,0
179,1081,0
469,1413,0
391,814,0
395,1306,0
495,1430,0
213,1409,0
294,1121,0
361,566,0
114,671,0
351,616,0
423,565,0
418,796,0
19,1375,0
139,1135,0
137,1467,0
283,1425,0
122,577,0
467,682,0
161,1141,0
93,896,0
158,537,0
434,571,0
497,1000,0
439,1256,0
153,1144,0
259,615,0
345,988,0
89,689,0
453,1186,0
296,1296,0
62,1060,0
400,830,0
436,1064,1
209,1110,1
213,1030,0
20,719,0
84,781,0
350,621,0
390,623,0
112,532,0
303,502,0
390,942,0
238,1349,0
333,709,0
409,969,0
41,1199,0
356,865,0
300,804,0
325,1397,0
397,1228,0
143,1234,0
65,588,0
185,1078,0
108,990,0
377,1210,0
381,1382,0
225,1019,1
297,638,0
76,1027,0
152,901,0
294,1254,0
83,546,0
496,542,0
95,761,0
489,651,0
17,1294,0
426,1215,1
368,1337,1
317,518,0
282,1377,0
13,954,0
297,1478,0
210,660,0
213,1232,0
305,722,0
84,1246,0
79,737,0
201,932,0
447,638,1
149,1297,0
26,1429,0
15,873,0
169,648,0
291,1275,0
268,1465,0
93,1288,0
202,539,0
235,1361,0
285,1089,0
222,1415,0
320,640,0
370,991,0
210,742,1
200,1240,0
11,1061,0
377,518,0
429,717,0
257,891,0
430,751,0
237,1114,0
343,1055,0
62,1244,0
296,544,0
30,1160,0
239,1436,0
326,1255,0
359,1097,0
110,667,0
330,550,1
158,1070,0
341,665,0
306,1058,0
176,602,0
242,1274,0
372,664,0
44,1488,1
382,1442,0
147,1409,0
122,705,0
392,1410,0
286,1277,0
30,1289,0
90,921,0
201,1431,0
259,1318,0
361,1483,0
308,1065,0
333,1097,0
438,838,0
226,1442,0
292,1055,0
181,1065,1
20,1411,0
37,1369,0
400,1123,0
246,1050,0
489,1284,0
269,1437,0
426,585,0
289,1249,1
459,537,0
51,1214,0
166,960,0
59,1464,0
227,1454,0
20,1259,0
177,697,0
197,1049,0
347,1234,0
244,1223,0
127,1057,0
354,1291,0
77,685,0
268,943,0
50,667,0
110,812,0
477,1121,0
408,1305,0
259,1028,0
97,1171,0
237,828,0
326,1149,0
194,893,0
350,677,0
291,819,0
133,1466,0
312,800,0
147,1386,0
240,1444,1
279,1366,0
299,1064,0
12,694,0
448,814,0
38,1309,0
110,1306,0
89,891,0
7,1056,0
253,1016,0
424,945,1
46,1303,0
213,1386,0
119,1090,0
444,587,0
374,1194,0
169,1438,0
314,1207,0
356,1254,0
166,1319,0
73,1365,0
441,818,0
469,1478,0
197,1400,0
181,697,0
364,1001,0
144,932,0
442,690,0
9,1262,0
34,1150,0
93,1060,0
371,1140,0
476,506,0
349,673,0
485,603,0
442,1396,0
195,1082,0
45,808,0
85,1282,0
323,1380,0
495,1180,0
382,540,0
361,1251,0
185,502,0
6,1236,0
391,966,0
368,984,0
247,1368,1
359,1483,0
254,1442,0
486,1418,0
70,768,0
39,885,0
497,1126,0
350,567,0
220,1114,1
72,722,0
314,1447,0
145,1451,0
380,612,0
365,1485,0
72,1450,0
214,1109,0
156,948,0
106,1239,0
483,1052,0
22,677,0
120,945,0
125,565,0
417,820,0
187,1003,0
146,1460,0
342,1176,0
449,513,1
120,1378,0
371,1271,0
331,865,0
226,1488,0
49,536,0
155,1483,0
162,691,0
52,1123,0
50,1094,0
12,636,0
241,748,0
135,1014,0
437,1369,0
417,884,0
487,566,0
274,1439,0
328,974,0
467,1021,0
325,1296,0
60,782,0
188,874,0
332,1133,0
155,1236,0
100,1177,0
36,1430,0
18,1145,0
396,1302,0
265,862,0
75,1380,0
330,1126,0
317,1166,0
102,514,0
300,1397,0
456,576,1
215,781,0
316,1033,0
295,740,0
352,1428,1
48,1471,0
386,1113,0
267,702,0
324,611,0
169,564,0
212,1105,0
458,1451,0
86,1347,0
143,1469,0
471,1211,0
494,1251,0
140,594,0
244,635,0
30,617,0
154,714,0
441,693,0
22,650,0
365,1221,0
466,1277,0
11,676,0
435,1181,0
173,1467,0
145,799,0
50,1031,0
495,1249,0
348,507,0
349,581,0
241,1478,0
56,1393,0
197,634,0
105,617,1
327,1294,0
91,635,1
99,635,0
151,1176,0
444,1156,0
230,1189,1
111,954,0
494,1470,0
317,1179,0
191,1030,0
20,1146,0
158,1419,0
392,908,0
455,869,0
161,1275,0
245,783,0
366,784,0
351,1227,0
314,1176,0
275,613,0
441,778,0
352,806,0
400,1161,0
384,1220,0
255,658,0
33,1097,0
103,1177,0
414,1084,0
357,1026,0
294,711,0
332,771,0
376,861,0
108,1154,0
80,1274,0
444,643,0
101,1326,0
365,1346,0
58,1120,0
96,1307,0
232,1324,0
339,684,0
399,632,0
496,604,0
176,935,0
406,738,0
274,1437,0
407,1082,1
187,694,0
324,1248,0
338,895,0
325,682,0
136,1011,0
228,1305,0
332,504,0
195,718,0
396,900,0
184,1200,0
113,682,0
462,696,1
141,957,0
320,618,0
494,1394,0
188,1367,0
467,1410,0
151,1257,0
320,738,0
172,987,1
22,990,1
305,537,0
417,786,0
97,1101,0
155,747,0
422,889,0
177,956,0
272,1083,0
266,661,0
67,836,0
197,1423,0
369,1269,0
396,1416,0
413,1061,0
266,629,0
253,884,0
426,1363,0
490,1274,0
179,1391,0
237,1473,0
269,1359,0
450,983,0
440,660,0
218,1175,0
453,905,0
27,792,0
432,774,0
408,796,0
132,1281,0
338,1110,0
446,1184,0
116,503,0
97,1418,0
486,785,0
104,655,0
59,1047,0
19,869,0
318,1163,0
265,1362,1
153,1123,0
160,1440,0
338,1488,0
241,1210,0
269,1181,0
71,1285,0
147,815,0
473,1122,0
121,695,0
140,970,0
105,982,0
483,791,0
434,810,0
354,1046,0
454,761,0
234,778,1
160,1059,0
357,1465,0
206,680,0
279,868,0
373,1286,0
427,581,0
169,1120,0
196,691,0
299,626,0
121,912,0
329,597,0
90,767,0
362,554,0
333,1457,0
219,1346,0
341,587,0
225,910,0
206,1155,0
162,554,0
469,792,0
342,922,0
159,584,0
407,1437,0
139,540,0
162,1218,0
1,527,0
430,1090,0
466,1046,1
199,1151,0
146,650,0
356,1147,0
227,695,0
356,1066,0
289,589,0
310,1318,0
258,644,0
371,951,0
317,1183,0
79,1456,0
23,1103,0
77,688,0
224,672,0
143,600,1
296,1012,0
51,909,0
300,1071,0
236,775,0
289,523,0
420,603,1
252,571,0
167,696,0
61,1057,0
186,554,0
90,1250,0
297,1211,0
92,1384,0
348,886,0
52,593,0
210,864,0
146,831,0
290,603,1
400,567,0
106,605,0
118,821,0
206,663,0
320,548,1
325,697,0
255,555,0
344,1122,0
371,677,0
39,528,0
154,1027,0
32,711,0
259,622,0
328,636,0
457,622,0
462,1098,0
204,647,0
338,739,0
285,1115,0
253,550,1
126,1181,0
32,1323,0
99,567,0
231,1200,0
467,1318,0
161,1462,0
36,538,0
276,1211,0
499,532,0
213,1124,0
439,534,0
454,899,0
211,1112,0
105,633,0
292,600,0
461,953,0
350,1446,0
210,1167,0
218,565,0
182,1212,1
225,1481,0
468,1451,0
464,1193,0
426,777,0
66,943,0
135,1010,0
428,888,0
157,1268,0
451,839,0
452,1336,0
243,841,0
16,951,0
149,1154,0
365,683,1
121,906,0
450,603,0
330,659,0
70,1097,0
55,512,0
189,1011,0
383,1012,0
483,805,0
206,635,0
384,1429,0
341,592,0
175,1032,0
453,668,0
192,1152,0
285,669,0
353,1070,0
454,1227,0
399,1008,0
284,1385,0
444,1435,0
5,1070,0
117,1387,0
78,1392,0
248,1145,0
119,1274,0
55,514,0
166,1070,0
447,1242,0
177,1397,0
309,1270,0
111,1371,0
378,967,0
20,914,0
34,603,0
117,979,0
85,821,0
65,831,0
356,994,0
15,832,0
217,921,0
409,507,0
264,952,0
473,632,0
298,648,0
252,1005,0
219,901,0
354,841,0
498,1189,0
166,712,0
428,603,1
46,744,0
260,1151,0
7,554,0
116,549,0
342,560,0
478,637,0
79,565,0
347,576,0
94,536,0
443,1321,0
44,806,1
184,763,0
450,968,0
242,1173,0
211,831,0
442,936,0
276,924,0
284,785,0
470,756,1
441,1049,0
320,715,0
38,571,0
341,1110,0
134,1432,0
4,1103,0
202,616,0
284,696,0
493,1035,0
243,905,1
86,740,0
272,1408,0
22,958,0
422,926,0
476,1256,1
263,1172,0
234,1462,0
117,1191,0
132,955,0
447,692,0
340,828,0
63,1197,0
89,1273,1
446,1100,0
277,674,0
11,1077,0
327,1489,0
80,504,0
126,1469,0
139,521,0
16,1002,0
35,979,0
175,699,0
481,1193,0
331,1278,0
326,568,0
204,606,0
82,668,0
42,1414,0
328,925,0
409,751,0
271,521,0
204,1276,0
78,1477,0
202,1428,0
278,1359,0
299,970,0
494,1221,0
303,915,0
7,1204,0
187,1381,0
174,1050,0
337,1210,0
129,1049,0
160,1328,0
379,711,0
182,1072,0
128,516,0
44,1195,0
227,653,0
392,1389,0
419,1276,0
182,805,0
260,1126,0
256,921,0
45,596,0
345,1283,0
91,1227,0
97,1081,0
473,1165,0
299,967,0
338,956,0
177,593,0
380,1231,0
465,824,0
42,1355,0
249,1198,0
190,820,0
312,823,0
461,594,0
26,736,0
44,1342,0
416,726,0
463,578,0
496,1095,0
235,928,0
233,1181,0
319,1156,0
499,1004,0
104,1160,0
61,627,0
470,552,0
399,1091,0
166,1474,0
305,1178,0
229,1309,0
191,550,0
64,610,0
155,1111,1
371,915,0
17,832,0
162,615,0
430,1228,0
194,1235,0
481,1367,1
278,716,0
284,846,0
81,798,0
290,1101,0
150,1028,0
400,1277,0
176,742,0
425,1450,0
465,905,0
33,744,0
407,944,0
372,833,0
100,535,0
176,1313,1
211,1265,0
403,1285,0
384,841,0
6,715,0
403,861,0
128,1279,0
48,863,0
130,1077,0
244,1349,1
405,590,0
343,1414,0
308,1074,0
346,1124,0
259,1103,0
142,589,0
61,1263,0
337,1369,0
42,774,0
9,562,0
54,578,0
5,957,0
101,1181,0
137,1454,0
6,677,0
347,1096,0
405,1094,1
264,635,1
497,1486,0
479,1310,0
2,831,0
157,760,0
416,676,0
324,799,0
206,624,0
397,1481,0
12,557,0
44,1471,0
123,1041,0
96,1213,0
100,502,0
96,1329,0
214,1200,0
429,1063,0
36,1105,0
470,1415,1
49,921,0
158,563,0
466,1431,0
469,659,0
194,831,0
66,816,1
310,568,0
190,1195,0
367,1401,0
382,1260,0
330,795,0
469,912,0
4,917,0
402,1030,0
76,795,0
475,669,0
443,1219,0
434,1239,0
431,511,0
37,930,0
212,536,1
31,747,0
336,906,0
209,1179,0
119,1315,0
152,993,0
427,632,0
100,885,0
230,525,0
153,1402,0
91,1044,0
251,773,0
365,731,0
65,857,0
210,1123,0
250,698,0
246,1117,0
317,1106,0
398,1224,0
263,775,0
414,1216,0
399,571,0
184,1139,0
24,1387,0
473,1397,0
9,1392,0
228,1041,0
127,862,0
476,875,0
398,1067,0
191,721,0
393,667,0
168,977,1
130,1488,0
110,1024,0
109,957,0
274,613,0
473,739,0
320,578,0
427,1121,0
386,536,0
247,1374,0
439,952,0
372,917,0
293,1181,0
366,937,0
269,1414,0
370,898,0
58,600,0
234,949,0
484,1173,0
333,1215,0
287,1308,0
149,896,0
193,620,0
61,541,0
222,813,0
280,979,0
194,1290,0
214,1316,0
99,508,0
82,790,0
77,1035,0
252,967,0
355,1248,0
190,1258,0
412,1476,0
439,681,0
235,1127,0
192,794,0
309,1269,0
145,569,0
242,652,0
296,1177,0
79,1204,0
2,1290,0
257,636,0
342,1446,0
196,1182,0
406,843,0
245,1357,0
148,1296,0
486,773,0
127,1351,0
428,1222,0
463,1148,0
109,911,0
428,720,0
237,1409,0
165,1175,0
199,1256,0
111,1322,0
419,1074,0
279,1440,0
38,1072,0
170,1241,0
438,693,0
305,1462,0
453,1266,0
243,1136,0
326,644,0
478,1480,0
313,962,0
282,753,0
81,675,0
436,1021,0
125,1210,0
74,716,0
429,904,0
220,834,0
420,896,0
325,1375,0
176,992,0
393,838,0
48,610,0
99,833,0
365,969,0
482,572,0
160,523,0
490,1436,0
362,930,1
398,998,0
85,588,0
471,839,0
190,1130,0
33,830,0
472,1453,0
90,674,0
375,822,0
293,646,0
429,1334,0
144,1474,0
397,1252,0
193,565,0
189,1106,0
244,1038,0
444,881,0
78,1461,0
189,1151,0
81,538,0
148,844,0
153,929,0
269,794,0
432,826,0
276,1019,1
291,1123,0
301,877,0
120,679,0
241,877,0
79,1185,0
175,519,0
68,1034,0
446,1043,0
398,1215,0
293,630,0
249,1358,0
17,1037,0
184,932,0
187,1379,0
366,1397,1
178,1268,0
285,702,0
373,1463,0
136,1440,0
209,513,0
121,667,0
313,532,0
171,1224,0
179,1401,0
348,1428,0
32,1317,0
413,1073,0
108,597,0
7,1140,0
306,1127,1
63,1186,0
342,1017,0
484,728,0
180,1465,0
186,1224,0
403,1033,0
130,1101,0
227,1302,0
35,776,0
469,1317,0
117,1000,0
200,930,0
417,568,0
301,627,0
443,856,0
68,943,0
303,1450,1
362,715,0
443,1225,0
275,842,0
456,849,0
359,818,0
372,1347,0
6,1101,0
320,617,0
237,1005,0
127,1413,0
418,999,0
227,677,0
109,1080,1
370,540,0
1,571,0
448,1120,0
223,1263,0
32,665,0
411,1394,0
43,505,0
156,842,1
58,1022,0
293,867,0
299,949,0
74,996,1
141,1416,0
29,785,0
495,882,0
396,657,0
390,1177,0
7,799,0
226,1076,1
454,1093,0
239,1037,0
441,1324,0
262,1452,1
466,1340,0
138,855,0
0,683,0
171,612,0
312,1235,0
31,555,0
440,739,0
226,1163,0
288,1374,0
488,1204,0
461,860,0
102,1128,1
435,1123,0
305,1141,0
361,696,0
322,699,1
492,761,0
426,662,0
275,645,0
3,842,0
45,541,0
191,1223,0
481,686,0
139,512,0
239,1438,0
460,1101,0
324,1054,0
40,644,0
0,1205,0
3,1390,0
362,983,0
477,570,0
23,1362,0
257,1322,0
48,943,0
352,1187,0
288,642,0
123,579,0
235,718,0
416,703,0
77,664,0
270,861,0
181,633,0
261,552,0
379,1400,0
458,1279,1
420,678,0
205,1432,0
211,726,0
35,1428,1
383,786,0
327,606,1
163,736,0
151,1454,0
232,1385,0
356,1333,0
193,860,0
473,1385,0
312,613,0
93,960,0
12,1270,0
3,1280,0
459,787,0
478,837,0
267,707,0
374,1433,0
80,1218,0
301,1328,0
244,1337,0
27,911,1
498,609,0
297,1400,0
147,841,0
469,586,0
421,1087,0
225,1248,0
205,1274,0
425,1270,0
452,1034,0
384,1344,0
178,1472,0
275,733,0
422,519,0
171,761,0
328,1376,0
265,1445,1
22,1472,0
413,1115,0
349,1140,0
32,957,0
338,605,0
378,540,0
456,601,1
183,767,0
269,556,0
382,625,0
258,1152,0
282,586,0
106,978,0
218,647,0
161,806,0
481,1186,0
186,536,0
11,884,0
116,1444,0
400,1049,0
87,1181,0
123,877,0
149,830,0
142,1167,0
132,885,0
326,614,0
283,637,0
376,1265,1
252,816,1
125,1208,0
205,1471,0
425,566,0
370,1218,0
334,1121,1
267,1413,0
208,590,0
251,1118,0
285,1228,0
180,1360,0
383,866,0
462,976,0
293,570,0
260,1366,0
6,604,0
176,577,1
275,821,0
334,1081,0
290,701,0
277,1384,0
372,1106,0
350,1257,0
246,1245,0
286,946,1
381,656,0
243,974,0
90,673,0
167,550,0
409,1218,0
413,965,0
85,1104,1
313,887,0
334,1402,0
289,845,0
13,1480,0
111,1327,0
429,531,0
286,533,0
4,1329,0
70,540,0
286,749,0
0,576,0
153,1353,0
77,1431,0
287,1478,0
449,1169,0
295,1232,0
276,1332,0
404,880,0
291,1039,0
14,633,0
4,628,0
350,988,0
133,1455,0
262,1270,0
190,1169,0
401,878,0
389,1228,0
417,1421,0
231,776,0
357,516,0
158,541,0
104,1335,0
144,1252,1
102,1034,0
438,1297,0
496,1189,0
198,1067,0
192,657,0
263,857,0
479,799,0
264,677,1
411,655,0
376,974,0
46,1320,0
391,632,0
173,987,0
99,577,0
342,691,0
49,686,0
78,1112,0
212,869,0
48,662,0
361,1212,0
159,808,0
210,713,0
4,1011,0
3,648,0
116,1440,0
435,717,0
209,585,0
378,1304,0
227,860,0
448,781,0
287,1017,0
166,1315,0
240,747,0
351,509,0
129,527,0
19,1167,0
193,1455,0
393,1151,0
317,1073,0
308,777,0
290,559,0
146,1370,0
358,563,0
395,1145,0
332,1192,0
98,1070,0
175,1266,0
113,633,0
78,872,0
402,1407,0
431,528,0
185,758,0
141,928,0
47,1060,0
352,611,0
136,1377,0
377,1202,0
60,1443,0
368,917,0
487,957,0
181,1262,0
159,524,0
44,679,0
281,657,0
162,944,0
168,1420,1
477,1137,0
308,1184,0
306,506,0
25,624,0
307,763,0
362,1290,0
340,1161,0
178,1483,0
126,1236,1
255,999,0
87,1000,0
359,1327,0
387,1251,0
113,1480,0
456,643,0
376,1057,0
85,575,0
258,525,0
304,531,0
44,851,0
162,1082,0
195,1470,0
190,587,0
391,522,0
274,698,0
84,650,0
206,1154,0
379,1397,0
255,1001,0
403,609,0
422,593,0
2,899,0
24,1474,0
372,978,0
347,1279,0
65,713,0
220,1092,0
134,1014,0
212,515,0
70,1171,0
29,1115,0
338,978,0
158,918,0
328,1255,0
250,1230,0
304,745,0
110,1241,0
25,1293,0
106,1417,0
184,1327,0
302,661,1
7,1403,0
332,1020,0
256,689,0
287,1234,0
201,1028,0
452,937,0
28,1263,0
46,965,0
340,660,0
263,816,0
25,515,0
5,1343,0
418,1464,0
195,918,0
170,960,0
63,1064,1
446,738,0
484,1300,0
117,1241,0
347,1083,0
49,1461,0
351,1199,0
160,1313,0
242,1148,0
183,1176,0
475,1459,0
42,1034,0
439,1468,0
263,1137,0
240,1004,0
71,1435,1
429,1346,0
188,842,0
17,1208,0
138,1258,0
353,918,0
318,794,0
63,760,0
271,1244,0
68,1457,0
81,696,0
192,1322,0
21,557,0
458,708,0
83,1226,0
462,722,0
154,1113,0
62,1455,0
418,907,1
84,867,0
401,976,0
269,955,0
37,834,0
404,1008,0
426,818,0
480,504,0
181,730,0
373,503,0
201,1140,0
4,784,0
71,1292,0
10,1263,0
118,664,0
212,1298,0
38,1008,1
356,1278,0
18,655,0
315,1018,0
85,522,0
265,1175,0
445,576,0
412,1176,0
380,967,0
270,1058,0
390,1059,0
80,1380,0
37,1003,0
456,1425,0
80,605,0
157,625,0
288,913,0
300,701,0
447,874,0
343,1386,0
350,1320,0
494,835,0
479,517,0
123,1388,0
337,1406,0
262,971,0
286,540,0
457,920,0
8,1438,0
67,1367,0
90,1203,0
299,1409,0
215,1329,0
323,1071,0
32,793,0
46,793,1
340,652,0
93,742,0
112,1329,0
90,1022,0
352,1267,0
335,528,0
305,1393,0
193,594,0
448,1068,0
175,1051,0
51,1078,0
59,1276,0
168,637,0
390,1452,0
197,683,0
27,779,0
326,639,0
212,797,0
286,1143,0
8,826,1
280,1417,0
211,786,0
344,686,0
259,1117,0
478,1152,0
334,609,0
369,910,0
96,1378,0
346,768,0
72,1061,0
139,901,0
57,723,0
75,1011,0
118,670,0
491,568,0
455,1058,0
286,991,0
460,777,0
72,769,0
18,1466,0
346,606,0
273,945,0
192,927,0
284,1228,0
96,509,0
385,559,0
323,1379,0
436,1187,0
209,1345,0
46,1311,0
58,1143,0
281,728,0
148,790,0
4,585,0
324,822,0
398,559,0
146,690,0
215,508,0
130,1228,0
21,533,0
79,1345,0
267,1219,0
184,1419,0
280,876,0
295,1057,1
366,530,0
353,1474,0
52,1232,0
353,793,0
302,1219,0
377,1285,1
356,1305,1
72,1077,0
349,945,1
37,1191,0
464,807,0
136,837,0
283,857,0
497,1478,0
337,1225,0
93,545,0
352,997,0
141,1278,0
65,1285,0
164,987,0
454,1246,0
488,1176,0
206,722,0
265,1371,0
459,1116,0
55,1113,0
144,1343,0
219,1043,0
169,534,0
52,1185,0
409,1058,0
228,598,0
33,1186,0
269,1273,0
316,1010,0
335,545,0
11,539,0
400,856,0
66,1012,0
8,1027,0
153,884,0
46,520,0
475,1298,0
296,986,0
214,799,0
75,1450,0
476,1239,0
212,1427,1
124,669,0
303,1189,0
244,1272,0
43,908,0
458,793,0
265,931,0
151,1361,0
44,852,0
205,1255,0
313,1152,0
196,921,0
21,565,0
399,1331,0
433,938,0
55,1396,0
77,926,0
17,804,0
476,1389,0
133,845,0
103,1227,0
74,1237,0
458,875,0
146,960,0
474,557,0
395,1092,0
372,1062,0
394,1020,0
245,963,0
281,1064,0
426,579,0
88,903,0
60,573,0
171,974,0
33,1190,0
442,1078,0
270,831,0
253,1203,0
12,758,0
284,1116,0
465,634,0
75,886,0
373,1056,0
237,682,0
242,1252,0
323,1455,0
226,1195,0
2,1220,0
456,1203,0
130,1272,0
110,1158,0
102,553,0
246,754,0
76,541,0
235,1012,0
492,794,0
115,931,1
427,1477,0
222,1466,0
353,717,0
407,1448,1
122,738,0
81,1185,0
51,920,0
110,1042,1
175,1222,0
181,861,0
397,928,0
422,849,0
357,1251,0
205,899,0
430,1048,0
380,509,0
203,824,0
333,1185,0
161,519,0
383,627,0
185,890,1
388,858,0
486,1333,0
225,1388,0
50,1080,0
421,1157,0
456,505,0
83,658,0
422,561,0
47,834,0
381,828,0
236,1292,0
157,1045,0
81,1013,0
344,1072,0
230,1012,0
286,868,0
424,570,0
33,1357,0
433,517,1
263,1317,0
191,838,0
189,1345,0
470,739,0
35,1485,0
135,1182,0
124,1326,0
278,686,0
416,609,0
77,847,0
455,1024,0
337,1156,0
94,558,0
408,1226,0
349,753,0
158,916,0
481,1245,0
189,746,0
185,1200,0
72,919,0
273,638,0
385,888,0
457,1287,0
147,991,0
311,671,0
360,1145,0
200,1472,0
316,1352,1
268,982,0
318,591,0
156,551,0
145,1037,0
471,1120,0
300,1064,0
354,544,0
248,833,0
472,789,0
21,1349,0
434,753,0
99,1241,1
35,1431,0
23,1483,0
22,1459,0
130,692,0
132,834,0
70,1388,0
435,708,0
195,788,0
449,1447,0
349,1470,0
161,1121,0
204,511,0
78,1271,0
321,1182,0
194,790,0
499,601,0
437,1061,0
33,974,0
63,1134,1
109,1282,0
363,954,0
245,1229,0
163,1191,1
479,1242,0
408,529,0
102,1063,0
265,871,0
131,974,0
236,1465,0
238,517,0
490,1225,0
195,1047,0
341,923,0
240,1062,0
76,1204,0
57,603,0
499,1102,0
359,1112,0
43,710,0
292,535,0
53,1209,0
230,969,0
191,659,0
132,1013,0
91,1450,0
431,541,1
72,1404,0
496,740,0
381,533,0
348,1105,0
389,576,0
208,1399,0
268,769,0
314,1413,1
328,1227,0
20,1347,0
75,551,0
12,632,0
343,606,0
428,1019,0
319,1343,0
80,700,0
236,1151,0
329,1084,0
213,1197,0
349,1012,0
324,597,0
315,1282,0
6,664,0
492,1264,0
251,613,0
361,1202,0
6,739,0
5,1274,0
335,1429,0
158,587,0
103,1338,0
120,939,0
473,703,0
165,771,0
419,1413,0
165,1126,0
34,1092,0
117,1276,0
12,1146,0
271,825,0
350,1044,0
204,1189,0
447,578,0
275,891,0
289,540,0
148,641,0
176,672,0
475,1447,0
418,1208,0
388,1155,0
331,1102,0
465,1391,1
238,1412,0
235,675,0
126,1377,0
204,776,0
49,750,0
243,1486,0
134,927,0
192,959,0
245,1381,0
251,1152,0
324,817,0
430,745,0
340,974,0
447,1206,0
280,720,0
298,1300,1
178,853,0
347,941,0
486,1428,0
439,1361,0
336,789,0
321,946,0
460,579,0
73,1227,1
22,661,0
396,1234,0
357,568,0
117,565,0
157,751,0
103,577,0
436,1326,0
62,623,0
459,884,0
5,1263,0
117,1457,0
493,1459,0
223,906,0
37,1318,1
249,932,0
388,822,0
203,521,0
97,1485,0
438,596,0
196,912,0
439,949,0
495,1315,0
284,1310,0
435,1234,0
459,1250,0
395,648,0
172,761,0
419,1250,0
360,1238,0
444,793,0
45,964,0
130,1399,0
2,506,0
78,557,0
333,1375,0
332,929,0
289,1228,0
446,1336,0
360,1416,0
250,1161,0
52,930,0
149,986,0
0,1221,0
122,1428,0
68,1042,0
76,865,0
495,734,0
60,927,0
208,984,0
23,838,0
255,1072,0
11,1443,0
41,1363,0
335,855,0
9,1030,0
10,804,0
370,1266,0
104,1410,0
97,1018,0
185,1396,0
148,1202,0
71,1376,0
5,870,0
439,958,1
107,1094,1
468,809,0
169,1429,0
432,1484,0
447,1306,0
440,1083,0
397,1335,0
65,1335,1
12,848,0
450,1156,0
357,1411,0
478,534,0
348,505,0
478,1279,0
460,1106,0
310,711,0
217,895,1
97,1216,0
237,1327,0
348,515,1
74,1050,0
417,1011,0
369,1298,0
392,1428,0
325,919,0
302,921,0
412,1152,0
87,786,0
349,1046,1
5,1359,0
385,1199,0
47,1434,0
294,624,0
289,530,0
245,982,0
403,520,0
215,872,0
167,911,0
310,552,0
355,1452,0
150,1279,0
406,1022,0
474,1075,0
296,589,0
233,1344,0
76,1087,1
215,668,0
90,758,0
285,1299,0
413,1147,0
493,740,0
399,934,0
465,1044,0
393,1178,0
187,570,0
456,1241,0
346,667,0
91,1088,0
335,1025,1
418,503,0
224,718,0
365,629,1
28,621,0
187,867,0
163,559,1
184,535,0
497,1110,0
398,936,0
376,666,0
495,1208,0
69,837,0
194,505,0
156,877,0
19,705,0
464,1013,0
66,995,0
140,1126,0
151,688,0
86,843,0
202,1422,0
181,947,0
82,561,0
148,891,0
6,668,0
497,685,0
336,1153,0
163,947,0
55,1408,0
434,1389,0
431,535,0
441,967,0
286,827,0
391,1314,0
185,1026,1
68,865,0
115,1375,0
339,973,1
27,846,0
85,1401,0
18,1442,0
422,851,0
452,1075,0
259,820,0
251,1091,0
429,1039,0
173,1262,1
216,814,0
386,1349,0
70,616,0
392,1351,0
429,1458,0
164,1253,0
325,673,0
462,1063,0
306,1339,0
221,710,0
167,1334,0
57,990,0
97,1438,0
417,1126,0
476,1297,1
54,1175,0
279,533,0
23,1170,0
345,1320,0
43,1440,0
185,732,0
340,1217,0
370,946,0
15,1233,0
117,896,0
359,1098,0
37,1117,0
403,1040,1
22,906,0
483,1352,0
251,656,0
7,821,1
484,1265,0
85,529,0
122,1394,0
277,967,0
418,505,0
199,855,0
39,765,0
97,666,0
126,662,0
165,745,0
92,1106,0
279,1292,0
78,836,0
302,1357,0
419,1265,0
153,542,0
475,744,0
314,1170,0
90,1023,0
88,663,0
320,744,0
413,568,0
53,822,0
426,1073,0
415,1318,0
92,569,0
446,833,0
472,1100,0
146,971,0
142,1131,0
65,597,1
123,1453,0
246,884,1
6,1400,0
494,1083,0
424,515,0
110,694,1
222,1125,0
116,651,1
440,614,0
455,1377,0
447,898,0
360,978,0
244,961,0
441,1348,0
95,1087,0
250,1443,0
19,787,0
280,927,0
374,738,0
196,1166,0
453,1173,0
339,1241,1
67,1489,0
158,722,0
140,675,0
240,925,0
351,727,0
70,1411,0
268,1048,0
134,593,0
385,884,0
238,1305,0
366,922,0
242,834,0
454,1108,0
133,537,0
201,763,0
329,1077,0
47,943,0
45,1008,0
448,1430,0
345,1277,0
52,972,0
260,702,0
116,1191,0
142,1143,0
270,612,0
380,1480,0
262,643,0
383,700,0
497,622,0
370,535,0
490,786,0
235,987,0
72,1393,0
487,555,0
38,1032,0
293,586,0
244,1307,0
245,1260,0
225,1297,0
399,565,0
340,523,0
210,1144,0
17,1332,0
244,1155,0
358,1078,0
314,1035,0
499,949,0
331,881,0
88,1071,0
217,525,0
470,889,0
155,1372,0
98,653,1
295,1186,0
381,652,0
409,513,0
93,1185,0
323,939,0
222,1372,0
366,704,0
281,1105,0
298,1221,0
494,1273,0
258,1247,0
149,1121,0
198,1420,0
147,973,0
287,1047,1
71,889,0
477,1132,0
398,544,0
373,1077,0
22,1186,0
357,1195,0
124,579,0
479,984,0
484,713,0
184,555,0
122,1328,0
303,784,0
177,1021,0
476,531,0
31,886,0
198,1265,0
19,1119,0
449,1102,0
236,1190,0
115,1401,0
279,1121,0
155,1365,0
104,1412,0
460,1268,0
487,647,0
357,1240,0
368,1288,0
229,1430,0
318,1131,0
256,1091,0
320,846,0
12,1383,0
252,1178,0
206,1472,0
5,715,0
22,725,0
184,1203,0
183,1189,0
184,1062,0
120,1179,0
193,1307,0
312,1145,0
391,535,0
236,650,0
185,880,0
158,580,0
363,1457,0
382,1050,0
152,1415,0
215,1443,0
441,524,0
69,1313,0
148,992,0
277,1032,0
448,732,0
73,1229,0
421,1070,0
241,593,0
326,1132,0
380,1264,0
138,1351,1
266,1293,0
326,1258,1
172,510,0
451,698,0
157,899,0
430,1184,0
344,914,0
125,1262,0
418,1443,0
59,1356,0
283,851,0
164,1358,0
412,1487,1
328,706,0
195,715,0
47,1022,0
75,663,0
404,713,0
365,1052,0
481,1217,0
308,1115,0
334,1368,0
364,1470,0
114,1306,0
132,729,0
322,719,0
267,1267,0
230,950,0
406,1243,0
208,600,0
260,1215,0
210,695,0
227,953,0
158,634,0
165,537,0
272,1398,0
373,928,0
8,1097,0
273,645,0
359,621,0
109,1039,1
476,1209,0
40,685,0
495,840,0
434,878,0
29,533,0
473,1445,0
364,1210,0
51,740,0
106,636,0
143,556,0
19,766,0
330,799,0
442,981,0
398,1171,0
268,692,0
83,521,0
176,566,0
362,1233,0
282,1338,0
128,767,0
373,1101,0
336,808,0
359,1345,0
159,682,1
319,1405,0
262,1023,0
176,622,0
282,955,0
320,540,1
9,1235,0
88,1212,1
231,612,0
56,905,0
35,1464,0
142,1306,0
174,663,0
37,1419,0
1,596,0
389,1470,0
212,1170,0
459,587,0
37,651,0
135,906,0
363,1433,0
15,920,0
4,1425,0
4,613,0
454,834,0
420,874,0
88,1066,0
460,627,1
79,1084,0
96,1250,0
4,1364,0
113,1239,0
16,1097,0
291,920,0
0,986,0
371,589,0
468,1090,0
190,1463,0
134,1249,0
9,1382,0
46,1079,0
335,938,0
221,1397,0
401,1165,1
425,1023,0
133,1330,0
295,1115,0
373,1452,0
494,790,0
431,1084,0
97,1122,0
159,1172,0
150,944,0
440,1428,0
292,1483,0
458,803,0
257,680,0
300,991,0
76,1185,0
237,934,1
466,536,0
36,670,0
5,1249,0
86,1095,0
100,716,1
155,575,0
151,721,0
227,774,1
226,620,0
262,587,0
484,1199,0
340,1354,0
137,842,1
55,595,0
289,1128,0
0,1065,0
353,1369,0
116,982,0
483,919,0
6,1378,0
488,828,0
139,1318,0
384,1430,0
238,1278,0
450,905,0
484,1167,0
385,635,0
214,764,0
223,537,0
176,546,0
96,1328,1
383,987,0
221,1343,0
351,859,0
425,1064,0
453,538,0
208,691,0
420,1342,0
379,547,0
445,1333,0
421,1052,0
71,924,0
191,708,0
356,1103,0
356,1145,0
448,1191,0
463,1303,0
467,1440,0
7,1161,0
400,841,0
126,1094,0
288,1372,0
476,540,0
65,1441,0
92,1482,0
496,1370,0
237,964,0
388,1108,0
137,1239,1
420,1448,0
98,1303,1
47,604,0
3,1488,0
94,1331,0
193,832,0
116,855,0
57,1414,0
211,918,0
196,1448,0
429,1182,0
155,926,0
459,681,0
109,705,0
399,918,0
60,713,0
233,1241,1
313,1305,0
467,957,0
316,1427,0
13,562,0
342,1000,0
288,570,0
212,901,0
349,1113,0
383,1097,1
493,629,0
291,602,1
33,835,0
448,1057,0
352,507,0
158,917,0
392,689,0
56,860,0
370,1488,1
214,1482,0
327,743,0
72,998,0
134,769,0
414,1376,0
423,679,0
446,1041,0
419,630,0
417,1344,0
82,745,0
20,1176,0
352,1011,0
379,1203,0
367,1481,0
266,553,0
64,1424,0
88,706,0
31,1021,0
42,1087,0
163,1376,0
344,973,0
248,802,0
258,1185,0
284,1245,0
161,640,0
262,859,0
194,1482,0
97,1477,0
390,1442,0
432,1452,0
271,679,0
255,1327,0
339,1474,0
356,772,0
245,699,0
368,678,0
172,1008,0
60,1199,1
294,631,0
172,755,0
23,833,0
363,1447,0
78,1149,0
120,1407,1
33,1057,0
166,694,0
195,1365,0
208,1009,0
407,1378,0
178,643,0
96,691,0
285,1184,0
22,1239,0
272,1267,0
461,1034,0
494,1334,0
122,795,0
3,1050,0
337,1469,0
462,798,0
387,1262,0
118,878,0
158,1444,0
98,933,0
150,585,0
83,547,0
313,574,0
77,1084,1
52,696,0
78,994,0
310,1090,0
146,788,0
50,1148,0
256,904,0
154,578,0
86,524,0
64,1156,0
409,596,0
437,1469,0
45,530,0
387,578,0
130,883,0
301,1413,0
354,1319,0
387,1264,0
399,558,0
460,1417,0
410,570,0
478,787,0
213,1071,0
116,1152,0
485,1122,0
481,1023,0
48,1023,0
112,1383,0
362,974,1
142,1411,0
230,732,0
177,629,0
2,749,0
74,1172,0
166,672,0
383,546,0
41,925,0
251,1304,0
156,1336,0
95,1372,0
417,923,0
26,1076,0
477,1482,1
322,1487,0
233,630,0
382,984,0
72,1032,0
173,1221,0
263,834,0
474,1024,0
238,996,0
248,910,0
19,1484,0
249,575,0
210,563,0
17,1350,0
397,701,0
291,1357,0
152,779,0
32,1451,0
277,1489,0
173,1252,0
102,1066,1
86,1247,0
104,1154,0
161,1120,0
459,784,0
40,941,0
41,828,0
21,797,1
314,965,0
295,1214,0
118,693,0
